epoch,step,train_loss
0,49,1.1190338134765625
0,99,1.1884199380874634
0,149,1.1316041946411133
0,199,1.169602394104004
0,249,1.0178252458572388
0,299,1.0125142335891724
0,349,1.2357732057571411
0,399,1.001835584640503
0,449,1.009804129600525
0,499,1.1800308227539062
0,549,0.9386279582977295
0,599,1.1085715293884277
0,649,1.0225311517715454
