epoch,step,train_loss
0,49,1.1680338382720947
0,99,1.2008942365646362
0,149,1.0919935703277588
0,199,1.0619910955429077
0,249,1.0246068239212036
0,299,1.0635812282562256
0,349,0.9634267091751099
0,399,0.9206077456474304
0,449,1.0094600915908813
0,499,0.8101000785827637
0,549,0.884449303150177
0,599,0.8332696557044983
0,649,0.9377397298812866
