ID,set,question,answer,score
0,Q2,Hamtube เป็นแพลตฟอร์มดูวีดีโอออนไลน์แชร์และดูวิดีโอได้ hamtube และเขาต้องการทราบว่าการย้ายตำแหน่งของโฆษณาจะช่วยเพิ่มยอดขาย (ผู้ใช้คลิกโฆษณามากขึ้น) หรือไม่การทดสอบ A/B ความละเอียดควรเป็นอะไรระยะเวลาการระบุแหล่งที่มาควรเป็นเท่าไหร่จงอธิบายเหตุผล,"ความละเอียดควรจะมีค่าต่ำเพราะว่าเราต้องการทราบว่าผู้ใช้โดยรวมจะคลิกโฆษณามากขึ้นหรือไม่ไม่ได้ต้องการทราบการเปลี่ยนแปลงของแต่ละบุคคล
ระยะเวลาการระบุแหล่งที่มาควรจะยาว (ประมาณ 30 วัน) เพราะว่าอาจจะมีกรณีที่ผู้ใช้ไม่คุ้นเคยกับตำแน่งใหม่ซึ่งอาจทำให้ข้อมูลที่ได้ไม่มีความเที่ยงตรง",0.0
1,Q3,Hamtube เป็นแพลตฟอร์มดูวีดีโอออนไลน์แชร์และดูวิดีโอได้ hamtube และเขาต้องการทราบว่าการย้ายตำแหน่งของโฆษณาจะช่วยเพิ่มยอดขาย (ผู้ใช้คลิกโฆษณามากขึ้น) หรือไม่การทดสอบ A/B แฮมทาโร่เลือกที่จะใช้การกระจายแบบทวินามเพื่อแทนการกระจายของการทำ A/B ทดสอบในครั้งนี้เพราะเหตุใดเพราะเหตุใด,เห็นด้วยผู้ใช้และมีการตรวจสอบจากการคลิกโฆษณาดังนั้นจึงมีความเป็นไปได้ 2 กรณีคลิกหรือไม่คลิกเท่านั้น,5.0
2,Q2,Hamtube เป็นแพลตฟอร์มดูวีดีโอออนไลน์แชร์และดูวิดีโอได้ hamtube และเขาต้องการทราบว่าการย้ายตำแหน่งของโฆษณาจะช่วยเพิ่มยอดขาย (ผู้ใช้คลิกโฆษณามากขึ้น) หรือไม่การทดสอบ A/B ความละเอียดควรเป็นอะไรระยะเวลาการระบุแหล่งที่มาควรเป็นเท่าไหร่จงอธิบายเหตุผล,"Granularity ควรเป็น #checkout Events/ #Cookies เพราะต้องการดูว่าคนคนนึงคลิกกี่รอบ Cookie จะทำให้ได้คนเดียวกันไม่เข้าสู่ระบบ
ระยะเวลาการระบุแหล่งที่มาประมาณ 2 วันดังนั้นก็ต้องเผื่อเวลาให้ดังนั้นก็ต้องเผื่อเวลาให้ดังนั้นก็ต้องเผื่อเวลาให้ดังนั้นก็ต้องเผื่อเวลาให้เจอสินค้าที่ถูกใจด้วยเจอสินค้าที่ถูกใจด้วยเจอสินค้าที่ถูกใจด้วยเจอสินค้าที่ถูกใจด้วย",5.0
3,Q3,Hamtube เป็นแพลตฟอร์มดูวีดีโอออนไลน์แชร์และดูวิดีโอได้ hamtube และเขาต้องการทราบว่าการย้ายตำแหน่งของโฆษณาจะช่วยเพิ่มยอดขาย (ผู้ใช้คลิกโฆษณามากขึ้น) หรือไม่การทดสอบ A/B แฮมทาโร่เลือกที่จะใช้การกระจายแบบทวินามเพื่อแทนการกระจายของการทำ A/B ทดสอบในครั้งนี้เพราะเหตุใดเพราะเหตุใด,"เห็นด้วย x ~ binomial (n, p) โดย p เป็นอัตราส่วนที่ผู้ใช้คลิกโฆษณาสามารถทดสอบว่า p_treatment> p_control หรือไม่",2.0
4,Q1,Hamtube เป็นแพลตฟอร์มดูวีดีโอออนไลน์แชร์และดูวิดีโอได้ hamtube และเขาต้องการทราบว่าการย้ายตำแหน่งของโฆษณาจะช่วยเพิ่มยอดขาย (ผู้ใช้คลิกโฆษณามากขึ้น) หรือไม่การทดสอบ A/B อธิบายเหตุผลที่แฮมทาโร่ควรใช้ A/B ทดสอบในการทดสอบพร้อมกับอธิบายเหตุผลพร้อมกับอธิบายเหตุผล,การทดสอบ A/B A/B เป็นวิธีที่มีประสิทธิภาพในการวัดผลของการเปลี่ยนแปลงที่น่าสนใจระหว่างสองตัวเลือก (A และ B) โดยที่ไม่มีตัวแปรอื่นที่ส่งผลกระทบการทดสอบ A/B จึงช่วยให้สามารถวัดผลได้อย่างชัดเจนและทันทีว่าการเปลี่ยนตําแหน่งโฆษณานั้นมีผลต่อยอดขายหรือไม่จึงช่วยให้สามารถวัดผลได้อย่างชัดเจนและทันทีว่าการเปลี่ยนตําแหน่งโฆษณานั้นมีผลต่อยอดขายหรือไม่,4.5
5,Q1,Hamtube เป็นแพลตฟอร์มดูวีดีโอออนไลน์แชร์และดูวิดีโอได้ hamtube และเขาต้องการทราบว่าการย้ายตำแหน่งของโฆษณาจะช่วยเพิ่มยอดขาย (ผู้ใช้คลิกโฆษณามากขึ้น) หรือไม่การทดสอบ A/B อธิบายเหตุผลที่แฮมทาโร่ควรใช้ A/B ทดสอบในการทดสอบพร้อมกับอธิบายเหตุผลพร้อมกับอธิบายเหตุผล,การทดสอบ A/B A/B ในการทดสอบ A/B ทดสอบช่วยให้เห็นถึงความแตกต่างของยอดขายระหว่างการย้ายตำแหน่งกับไม่ย้ายตำแหน่งของโฆษณาได้พร้อมๆกัน,1.0
6,Q2,Hamtube เป็นแพลตฟอร์มดูวีดีโอออนไลน์แชร์และดูวิดีโอได้ hamtube และเขาต้องการทราบว่าการย้ายตำแหน่งของโฆษณาจะช่วยเพิ่มยอดขาย (ผู้ใช้คลิกโฆษณามากขึ้น) หรือไม่การทดสอบ A/B ความละเอียดควรเป็นอะไรระยะเวลาการระบุแหล่งที่มาควรเป็นเท่าไหร่จงอธิบายเหตุผล,"การคลิกเข้าโฆษณาและ
ระยะเวลาที่มาเป็น 1 วัน
เพราะทำให้ทราบได้ว่ามีผู้ชมสนใจคลิกเข้าดูโฆษณาเทียบจากจำนวนคนดูทั้งหมดเป็นเท่าใด",4.0
7,Q2,Hamtube เป็นแพลตฟอร์มดูวีดีโอออนไลน์แชร์และดูวิดีโอได้ hamtube และเขาต้องการทราบว่าการย้ายตำแหน่งของโฆษณาจะช่วยเพิ่มยอดขาย (ผู้ใช้คลิกโฆษณามากขึ้น) หรือไม่การทดสอบ A/B ความละเอียดควรเป็นอะไรระยะเวลาการระบุแหล่งที่มาควรเป็นเท่าไหร่จงอธิบายเหตุผล,ความละเอียดใน A/B การทดสอบเกี่ยวกับการย้ายตำแหน่งโฆษณาบน hamtube หมายถึงการเลือกตั้งค่าการวัดผลเช่นระยะเวลาการระบุแหล่งที่มาคือระยะเวลาการระบุแหล่งที่มาควรถูกตั้งค่าให้เหมาะสมกับลักษณะธุรกิจและผลิตภัณฑ์ 7 วันหรือ 30 วันเพื่อให้ได้ข้อมูลที่สมบูรณ์แบบและเปรียบเทียบผลลัพธ์อย่างมีประสิทธิภาพเพื่อให้ได้ข้อมูลที่สมบูรณ์แบบและเปรียบเทียบผลลัพธ์อย่างมีประสิทธิภาพเพื่อให้ได้ข้อมูลที่สมบูรณ์แบบและเปรียบเทียบผลลัพธ์อย่างมีประสิทธิภาพ,0.0
8,Q1,Hamtube เป็นแพลตฟอร์มดูวีดีโอออนไลน์แชร์และดูวิดีโอได้ hamtube และเขาต้องการทราบว่าการย้ายตำแหน่งของโฆษณาจะช่วยเพิ่มยอดขาย (ผู้ใช้คลิกโฆษณามากขึ้น) หรือไม่การทดสอบ A/B อธิบายเหตุผลที่แฮมทาโร่ควรใช้ A/B ทดสอบในการทดสอบพร้อมกับอธิบายเหตุผลพร้อมกับอธิบายเหตุผล,การทดสอบ A/B A/B เป็นการเปรียบเทียบผลที่เกิดขึ้นจากการเปลี่ยนแปลงเพียง 1 อย่าง A/B ทดสอบจึงเป็นวิธีที่เหมาะสมในการทดลอง,1.0
9,Q4,Hamtube เป็นแพลตฟอร์มดูวีดีโอออนไลน์แชร์และดูวิดีโอได้ hamtube และเขาต้องการทราบว่าการย้ายตำแหน่งของโฆษณาจะช่วยเพิ่มยอดขาย (ผู้ใช้คลิกโฆษณามากขึ้น) หรือไม่การทดสอบ A/B แฮมทาโร่จะต้องเลือกว่าอยากให้สัดส่วนของผู้ใช้ที่เห็นโฆษณาตำแหน่งเก่าผู้ใช้ที่เห็นโฆษณาตำแหน่งใหม่เป็นเท่าไร 50/50 กับ 80/20 จงอธิบายข้อดีข้อเสียของการเลือกสัดส่วนแต่ละแบบและตอบว่าแบบใดที่น่าจะเหมาะสมกับปัญหานี้มากกว่าและตอบว่าแบบใดที่น่าจะเหมาะสมกับปัญหานี้มากกว่า,"แบบ 50/50 เก็บตัวอย่างครบได้รวดเร็วผู้ใช้ได้ครึ่งหนึ่งเลยเช่นกัน
แบบสัดส่วน 80/20 การเปลี่ยนจะกระทบผู้ใช้จำนวนน้อยผลกระทบตัวแพลตฟอร์มมากแต่ก็ทำให้เก็บจำนวนตัวอย่างช้าเช่นกัน
สำหรับ hamtube ผมคิดว่าการเปลี่ยนตำแหน่งของโฆษณาผู้ใช้ที่ใช้ดูวีดีโอมากขนาดนั้น hamtube มีการแบ่งรายได้ให้กับผู้ใช้ที่อัปโหลดวีดีโอการทดลองนี้ก็อาจจะไปกระทบพวกเขาได้
ถ้าไม่ได้มีการแบ่ง 50/50 เพื่อเก็บตัวอย่างได้รวดเร็วเลยถ้ามีผมก็คิดว่าทำ 50/50 เหมือนเดิมเพราะถ้าเก็บตัวอย่างได้เร็วก็สามารถตัดสินใจได้เร็วเช่นกัน",5.0
10,Q4,Hamtube เป็นแพลตฟอร์มดูวีดีโอออนไลน์แชร์และดูวิดีโอได้ hamtube และเขาต้องการทราบว่าการย้ายตำแหน่งของโฆษณาจะช่วยเพิ่มยอดขาย (ผู้ใช้คลิกโฆษณามากขึ้น) หรือไม่การทดสอบ A/B แฮมทาโร่จะต้องเลือกว่าอยากให้สัดส่วนของผู้ใช้ที่เห็นโฆษณาตำแหน่งเก่าผู้ใช้ที่เห็นโฆษณาตำแหน่งใหม่เป็นเท่าไร 50/50 กับ 80/20 จงอธิบายข้อดีข้อเสียของการเลือกสัดส่วนแต่ละแบบและตอบว่าแบบใดที่น่าจะเหมาะสมกับปัญหานี้มากกว่าและตอบว่าแบบใดที่น่าจะเหมาะสมกับปัญหานี้มากกว่า,"50/50 ข้อดีได้ข้อมูลที่รวดเร็วข้อเสียคือมีความเสี่ยงสูงเนื่องจากถ้ามีความเสี่ยงสูงเนื่องจากถ้ามีความเสี่ยงสูงเนื่องจากถ้า (โฆษณาที่ย้ายตำแหน่ง) อาจทำให้ส่งผลกระทบต่อธุรกอจ
80/20 ข้อดีความเสี่ยงต่ำกว่าเพราะมีผู้ใช้ส่วนน้อยที่จะได้รับผลกระทบหากมันไม่ดีความเสี่ยงต่ำกว่าเพราะมีผู้ใช้ส่วนน้อยที่จะได้รับผลกระทบหากมันไม่ดีข้อเสียคือ
เลือก 80/20 เพราะ hamtube เป็นแพลตฟอร์มที่มีชื่อเสียงเป็นอันดับ 1 ในจักรวาลผู้ใช้มีประสบการณ์แย่ๆ hamtube",5.0
11,Q1,Hamtube เป็นแพลตฟอร์มดูวีดีโอออนไลน์แชร์และดูวิดีโอได้ hamtube และเขาต้องการทราบว่าการย้ายตำแหน่งของโฆษณาจะช่วยเพิ่มยอดขาย (ผู้ใช้คลิกโฆษณามากขึ้น) หรือไม่การทดสอบ A/B อธิบายเหตุผลที่แฮมทาโร่ควรใช้ A/B ทดสอบในการทดสอบพร้อมกับอธิบายเหตุผลพร้อมกับอธิบายเหตุผล,"การทดสอบ A/B มีประโยชน์ต่อแฮมทาโร่ในการทดสอบตำแหน่งโฆษณาด้วยเหตุผลหลักๆ:
ตัดสินใจด้วยข้อมูล: ช่วยให้แฮมทาโร่ตัดสินใจด้วยข้อมูลจริงจากผลลัพธ์ของการทดลอง
ลดความเสี่ยง: หากตำแหน่งโฆษณาใหม่ไม่ได้ผล
เข้าใจผู้ใช้: ช่วยให้เข้าใจพฤติกรรมและความชอบของผู้ใช้ดีขึ้น
ปรับปรุงประสบการณ์ผู้ใช้: อาจช่วยให้ผู้ใช้มีประสบการณ์ที่ดีขึ้นกับแพลตฟอร์ม",5.0
12,Q4,Hamtube เป็นแพลตฟอร์มดูวีดีโอออนไลน์แชร์และดูวิดีโอได้ hamtube และเขาต้องการทราบว่าการย้ายตำแหน่งของโฆษณาจะช่วยเพิ่มยอดขาย (ผู้ใช้คลิกโฆษณามากขึ้น) หรือไม่การทดสอบ A/B แฮมทาโร่จะต้องเลือกว่าอยากให้สัดส่วนของผู้ใช้ที่เห็นโฆษณาตำแหน่งเก่าผู้ใช้ที่เห็นโฆษณาตำแหน่งใหม่เป็นเท่าไร 50/50 กับ 80/20 จงอธิบายข้อดีข้อเสียของการเลือกสัดส่วนแต่ละแบบและตอบว่าแบบใดที่น่าจะเหมาะสมกับปัญหานี้มากกว่าและตอบว่าแบบใดที่น่าจะเหมาะสมกับปัญหานี้มากกว่า,"สัดส่วน 50/50 มีความเสี่ยงสูงเนื่องจาก 50% ของผู้ใช้จะเห็น hamtube ไปเลย 50% ทำให้มีความเสี่ยงสูงมากแต่ด้วยอัตราส่วนที่เยอะทำให้เรารู้ได้อย่างรวดเร็วเลยว่าแบบใหม่กับแบบเก่าอันไหนดีกว่ากันแบบใหม่กับแบบเก่าอันไหนดีกว่ากัน
ในขณะที่สัดส่วน 80/20 มีความเสี่ยงต่ำ 20% แต่เพราะด้วยอัตราส่วนที่ต่ำทำให้วัดผลเร็วไม่ได้ว่าแบบไหนดีกว่ากันเพื่อเพิ่มความชัวร์
คิดว่า hamtube เป็นแพลตฟอร์มที่ใหญ่จุดประสงค์การใช้แอปก็ไม่ใช่เพื่อดูโฆษณาจึงควรใช้สัดส่วนจึงควรใช้สัดส่วนจึงควรใช้สัดส่วน 80/20",5.0
13,Q1,Hamtube เป็นแพลตฟอร์มดูวีดีโอออนไลน์แชร์และดูวิดีโอได้ hamtube และเขาต้องการทราบว่าการย้ายตำแหน่งของโฆษณาจะช่วยเพิ่มยอดขาย (ผู้ใช้คลิกโฆษณามากขึ้น) หรือไม่การทดสอบ A/B อธิบายเหตุผลที่แฮมทาโร่ควรใช้ A/B ทดสอบในการทดสอบพร้อมกับอธิบายเหตุผลพร้อมกับอธิบายเหตุผล,การทดสอบ A/B A/B เนื่องจากการใช้ A/B ทดสอบจะช่วยวัดผลของการย้ายตำแหน่งโฆษณาอย่างแม่นยำ (หากสัดส่วนของการแยกเหมาะสม) โดยการแบ่งกลุ่มตัวอย่างออกเป็น 2 กลุ่มและทำการทดสอบ,1.0
14,Q3,Hamtube เป็นแพลตฟอร์มดูวีดีโอออนไลน์แชร์และดูวิดีโอได้ hamtube และเขาต้องการทราบว่าการย้ายตำแหน่งของโฆษณาจะช่วยเพิ่มยอดขาย (ผู้ใช้คลิกโฆษณามากขึ้น) หรือไม่การทดสอบ A/B แฮมทาโร่เลือกที่จะใช้การกระจายแบบทวินามเพื่อแทนการกระจายของการทำ A/B ทดสอบในครั้งนี้เพราะเหตุใดเพราะเหตุใด,เห็นด้วยการกระจายของ Bernoulli (มีแค่กับไม่คลิ๊กไม่คลิ๊ก) ซึ่งแต่ละ Bernoulli ก็เป็นของผู้ใช้แต่คนเมื่อนำมารวมกันการแจกแจงแบบทวินามอิสระ,5.0
15,Q3,Hamtube เป็นแพลตฟอร์มดูวีดีโอออนไลน์แชร์และดูวิดีโอได้ hamtube และเขาต้องการทราบว่าการย้ายตำแหน่งของโฆษณาจะช่วยเพิ่มยอดขาย (ผู้ใช้คลิกโฆษณามากขึ้น) หรือไม่การทดสอบ A/B แฮมทาโร่เลือกที่จะใช้การกระจายแบบทวินามเพื่อแทนการกระจายของการทำ A/B ทดสอบในครั้งนี้เพราะเหตุใดเพราะเหตุใด,เห็นด้วยส่งผลต่อโอกาสการคลิกโฆษณา,2.0
16,Q2,Hamtube เป็นแพลตฟอร์มดูวีดีโอออนไลน์แชร์และดูวิดีโอได้ hamtube และเขาต้องการทราบว่าการย้ายตำแหน่งของโฆษณาจะช่วยเพิ่มยอดขาย (ผู้ใช้คลิกโฆษณามากขึ้น) หรือไม่การทดสอบ A/B ความละเอียดควรเป็นอะไรระยะเวลาการระบุแหล่งที่มาควรเป็นเท่าไหร่จงอธิบายเหตุผล,"ความละเอียดควรเป็นยอดการคลิ๊กของโฆษณาต่อยอดการเห็นของโฆษณาอัตราส่วนของ granularity นี้ก็ควรจะเยอะขึ้นด้วย (คนคลิ๊กเยอะขึ้น)

ระยะเวลาการระบุแหล่งที่มาควรเป็นเวลาสั้นๆเช่น 30 วิ 30 วิถ้าถ้าถ้าถูกใจที่จะดูโฆษณาจริงๆระยะเวลาการระบุแหล่งที่มาควรใช้เวลาไม่นาน",4.25
17,Q1,Hamtube เป็นแพลตฟอร์มดูวีดีโอออนไลน์แชร์และดูวิดีโอได้ hamtube และเขาต้องการทราบว่าการย้ายตำแหน่งของโฆษณาจะช่วยเพิ่มยอดขาย (ผู้ใช้คลิกโฆษณามากขึ้น) หรือไม่การทดสอบ A/B อธิบายเหตุผลที่แฮมทาโร่ควรใช้ A/B ทดสอบในการทดสอบพร้อมกับอธิบายเหตุผลพร้อมกับอธิบายเหตุผล,"ควรเพราะ A/B ทดสอบช่วยให้แฮมทาโร่สามารถทดสอบผลของการเปลี่ยนแปลงเพียงอย่างเดียว (ในกรณีนี้คือตำแหน่งของโฆษณา) โดยการเปรียบเทียบกับกลุ่มควบคุมที่ไม่มีการเปลี่ยนแปลงใดๆ
(metric แต่ก็ต้องเลือก met เช่นใช้เป็นเป็นตามโจทย์ตามโจทย์)",1.0
18,Q4,Hamtube เป็นแพลตฟอร์มดูวีดีโอออนไลน์แชร์และดูวิดีโอได้ hamtube และเขาต้องการทราบว่าการย้ายตำแหน่งของโฆษณาจะช่วยเพิ่มยอดขาย (ผู้ใช้คลิกโฆษณามากขึ้น) หรือไม่การทดสอบ A/B แฮมทาโร่จะต้องเลือกว่าอยากให้สัดส่วนของผู้ใช้ที่เห็นโฆษณาตำแหน่งเก่าผู้ใช้ที่เห็นโฆษณาตำแหน่งใหม่เป็นเท่าไร 50/50 กับ 80/20 จงอธิบายข้อดีข้อเสียของการเลือกสัดส่วนแต่ละแบบและตอบว่าแบบใดที่น่าจะเหมาะสมกับปัญหานี้มากกว่าและตอบว่าแบบใดที่น่าจะเหมาะสมกับปัญหานี้มากกว่า,50/50 อาจจะให้ผลเร็วกว่า 80/20 มากกว่า 80/20 ให้ผลที่ดีกว่า,5.0
19,Q3,Hamtube เป็นแพลตฟอร์มดูวีดีโอออนไลน์แชร์และดูวิดีโอได้ hamtube และเขาต้องการทราบว่าการย้ายตำแหน่งของโฆษณาจะช่วยเพิ่มยอดขาย (ผู้ใช้คลิกโฆษณามากขึ้น) หรือไม่การทดสอบ A/B แฮมทาโร่เลือกที่จะใช้การกระจายแบบทวินามเพื่อแทนการกระจายของการทำ A/B ทดสอบในครั้งนี้เพราะเหตุใดเพราะเหตุใด,เห็นด้วยเพราะความเป็นไปได้ในการคลิกดูโฆษณามีเพียงแค่หรือไม่คลิก,5.0
20,Q4,Hamtube เป็นแพลตฟอร์มดูวีดีโอออนไลน์แชร์และดูวิดีโอได้ hamtube และเขาต้องการทราบว่าการย้ายตำแหน่งของโฆษณาจะช่วยเพิ่มยอดขาย (ผู้ใช้คลิกโฆษณามากขึ้น) หรือไม่การทดสอบ A/B แฮมทาโร่จะต้องเลือกว่าอยากให้สัดส่วนของผู้ใช้ที่เห็นโฆษณาตำแหน่งเก่าผู้ใช้ที่เห็นโฆษณาตำแหน่งใหม่เป็นเท่าไร 50/50 กับ 80/20 จงอธิบายข้อดีข้อเสียของการเลือกสัดส่วนแต่ละแบบจงอธิบายข้อดีข้อเสียของการเลือกสัดส่วนแต่ละแบบและตอบว่าแบบใดที่น่าจะเหมาะสมกับปัญหานี้มากกว่า,"50/50: เก็บข้อมูลเสร็จได้เร็วกว่าเพราะว่าถ้าหากเพราะว่าถ้าหากเพราะว่าถ้าหากเพราะว่าถ้าหากใหม่แย่กว่ามากจะมีจะมีจะมีโฆษณาที่ได้ผลเยอะที่ได้ที่ได้ที่ได้
80/20: เก็บข้อมูลได้ช้ากว่าเพราะเลย์เอาต์ใหม่ที่เห็นแค่ 20% จะต้องให้คนเยอะมากถึงจะถึงยอดทั้งทั้งทั้งทั้งทั้งหรือว่าตัวหรือว่าตัวหรือว่าตัวหรือว่าตัวหรือว่าตัวหรือว่าตัวเองไม่ดีเองไม่ดีเองไม่ดีทั้งทั้ง

80/20 เหมาะสมมากกว่าเพราะว่ามีผลกับผู้มีส่วนได้เสียที่สำคัญอย่างคนซื้อโฆษณาโดยตรงถ้าหากเกิดความผิดพลาดก็จะลดความน่าเชื่อถือในผลิตภัณฑ์ของเรากับคนซื้อโฆษณาทำให้คนซื้อน้อยลง",5.0
21,Q2,Hamtube เป็นแพลตฟอร์มดูวีดีโอออนไลน์แชร์และดูวิดีโอได้ hamtube และเขาต้องการทราบว่าการย้ายตำแหน่งของโฆษณาจะช่วยเพิ่มยอดขาย (ผู้ใช้คลิกโฆษณามากขึ้น) หรือไม่การทดสอบ A/B ความละเอียดควรเป็นอะไรระยะเวลาการระบุแหล่งที่มาควรเป็นเท่าไหร่จงอธิบายเหตุผล,"Granularity -> หากแฮมทาโร่ต้องการตรวจสอบว่าการย้ายตำแหน่งโฆษณามีผลต่อการคลิกจากผู้ใช้ในแต่ละพื้นที่ของเว็บไซต์ ดังนั้น, granularity สูง (เช่นเช่น)

ระยะเวลาการระบุแหล่งที่มา -> ระยะเวลาที่สั้น (เช่น 7 วัน) เพราะแฮมทาโร่ผู้ใช้ในทันทีหลังจากที่เห็นโฆษณาในตำแหน่งใหม่",0.0
22,Q3,Hamtube เป็นแพลตฟอร์มดูวีดีโอออนไลน์แชร์และดูวิดีโอได้ hamtube และเขาต้องการทราบว่าการย้ายตำแหน่งของโฆษณาจะช่วยเพิ่มยอดขาย (ผู้ใช้คลิกโฆษณามากขึ้น) หรือไม่การทดสอบ A/B แฮมทาโร่เลือกที่จะใช้การกระจายแบบทวินามเพื่อแทนการกระจายของการทำ A/B ทดสอบในครั้งนี้เพราะเหตุใดเพราะเหตุใด,"เห็นด้วย
1. ทำความเข้าใจได้ง่าย
2. ผลลัพธ์ (คลิกหรือไม่คลิก) เป็นไบนารี
3. ประสิทธิภาพและความเาร็วในการคำนวณจากการที่ข้อมูลมีขนาดใหญ่",5.0
23,Q2,Hamtube เป็นแพลตฟอร์มดูวีดีโอออนไลน์แชร์และดูวิดีโอได้ hamtube และเขาต้องการทราบว่าการย้ายตำแหน่งของโฆษณาจะช่วยเพิ่มยอดขาย (ผู้ใช้คลิกโฆษณามากขึ้น) หรือไม่การทดสอบ A/B ความละเอียดควรเป็นอะไรระยะเวลาการระบุแหล่งที่มาควรเป็นเท่าไหร่จงอธิบายเหตุผล,จำนวนครั้งที่ผู้ใช้ที่เห็นโฆษณาทดสอบว่าจากจำนวนผู้ใช้ทั้งหมดที่เห็นระยะเวลาการระบุแหล่งที่มาควรมีระยะเวลาประมาณ 1 สัปดาห์เพราะอาจทำให้คลิกลดลงหากสั้นไปหากสั้นไปอาจทำให้อาจทำให้อาจทำให้อาจทำให้อาจทำให้หากสั้นไปอาจทำให้อาจทำให้อาจทำให้อาจทำให้หากสั้นไปอาจทำให้,4.0
24,Q2,Hamtube เป็นแพลตฟอร์มดูวีดีโอออนไลน์แชร์และดูวิดีโอได้ hamtube และเขาต้องการทราบว่าการย้ายตำแหน่งของโฆษณาจะช่วยเพิ่มยอดขาย (ผู้ใช้คลิกโฆษณามากขึ้น) หรือไม่การทดสอบ A/B ความละเอียดควรเป็นอะไรระยะเวลาการระบุแหล่งที่มาควรเป็นเท่าไหร่จงอธิบายเหตุผล,Granularity ควรเป็นจำนวนผู้ใช้ที่กดโฆษณาและมีระยะเวลาการระบุแหล่งที่มา 1 วันที่เลือกความละเอียดเป็นจำนวนผู้ใช้เพราะเป็นตัวชี้วัดที่ตรงกับวัตถุประสงค์คือการเพิ่มยอดขาย Google Analytics ส่วนระยะเวลา 1 วันอคติเช่นการสร้างแบรนด์หรือว่าผู้ใช้กดเข้ามามั่วๆโดยที่ตนเองไม่ได้ตั้งใจ,3.5
25,Q4,Hamtube เป็นแพลตฟอร์มดูวีดีโอออนไลน์แชร์และดูวิดีโอได้ hamtube และเขาต้องการทราบว่าการย้ายตำแหน่งของโฆษณาจะช่วยเพิ่มยอดขาย (ผู้ใช้คลิกโฆษณามากขึ้น) หรือไม่การทดสอบ A/B แฮมทาโร่จะต้องเลือกว่าอยากให้สัดส่วนของผู้ใช้ที่เห็นโฆษณาตำแหน่งเก่าผู้ใช้ที่เห็นโฆษณาตำแหน่งใหม่เป็นเท่าไร 50/50 กับ 80/20 จงอธิบายข้อดีข้อเสียของการเลือกสัดส่วนแต่ละแบบและตอบว่าแบบใดที่น่าจะเหมาะสมกับปัญหานี้มากกว่าและตอบว่าแบบใดที่น่าจะเหมาะสมกับปัญหานี้มากกว่า,"50/50 สรุปผลเร็วแลกกับความเสี่ยงสูงที่ถ้า b แย่กว่า a จะทำให้ได้เสียประโยชน์จากการที่ a ดีอยู่แล้ว
80/20 สรุปผลผลช้าแลกกับความเสี่ยงน้อยที่ถ้า b แย่กว่า a จะทำให้ได้เสียประโยชน์จากการที่ a ดีอยู่แล้ว
50/50 แฮมทาโร่อยากได้ผลไวและยอมรับความเสี่ยงได้",5.0
26,Q4,Hamtube เป็นแพลตฟอร์มดูวีดีโอออนไลน์แชร์และดูวิดีโอได้ hamtube และเขาต้องการทราบว่าการย้ายตำแหน่งของโฆษณาจะช่วยเพิ่มยอดขาย (ผู้ใช้คลิกโฆษณามากขึ้น) หรือไม่การทดสอบ A/B แฮมทาโร่จะต้องเลือกว่าอยากให้สัดส่วนของผู้ใช้ที่เห็นโฆษณาตำแหน่งเก่าผู้ใช้ที่เห็นโฆษณาตำแหน่งใหม่เป็นเท่าไร 50/50 กับ 80/20 จงอธิบายข้อดีข้อเสียของการเลือกสัดส่วนแต่ละแบบจงอธิบายข้อดีข้อเสียของการเลือกสัดส่วนแต่ละแบบและตอบว่าแบบใดที่น่าจะเหมาะสมกับปัญหานี้มากกว่า,"สัดส่วน 50/50: ช่วยให้เห็นผลลัพธ์ได้เร็วว่าดีหรือไม่ดีความเสี่ยงที่ค่อนข้างสูงกว่า 80/20 ที่ว่าถ้าเปลี่ยนไปเเล้วอาจส่งผลให้ยอดขายต่ำลงได้อาจส่งผลให้ยอดขายต่ำลงได้
สัดส่วน 80/20: มีความเสี่ยงที่ค่อนข้างน้อยเพราะนานๆทีจะเห็นการเปลี่ยนเเปลงเเบบใหม่ก็จะสามารถเเก้ไขได้ง่ายเเต่ก็มีข้อเสียคือใช้เวลานานกว่าจะเห็นผลว่า

สำหรับปัญหาที่กำลังพบ 80/20 อาจเป็นทางเลือกที่ดีกว่าโดยยังคงรักษาการทำงานอย่างระมัดระวังการสังเกตการณ์ที่ต้องการเวลาอย่างมีประสิทธิภาพนั้นต้องวิเคราะห์ให้ดูเชื่อถือได้เเละเป็นธรรมต้องวิเคราะห์ให้ดูเชื่อถือได้เเละเป็นธรรมต้องวิเคราะห์ให้ดูเชื่อถือได้เเละเป็นธรรมเพื่อที่จะได้รู้ว่าเพื่อที่จะได้รู้ว่าเพื่อที่จะได้รู้ว่าเพื่อที่จะได้รู้ว่าเพื่อที่จะได้รู้ว่าเพื่อที่จะได้รู้ว่า",5.0
27,Q1,Hamtube เป็นแพลตฟอร์มดูวีดีโอออนไลน์แชร์และดูวิดีโอได้ hamtube และเขาต้องการทราบว่าการย้ายตำแหน่งของโฆษณาจะช่วยเพิ่มยอดขาย (ผู้ใช้คลิกโฆษณามากขึ้น) หรือไม่การทดสอบ A/B อธิบายเหตุผลที่แฮมทาโร่ควรใช้ A/B ทดสอบในการทดสอบพร้อมกับอธิบายเหตุผลพร้อมกับอธิบายเหตุผล,เเฮมทาโร่ควรใช้ A/B ทดสอบเพรามันจะช่วยให้แฮมทาโร่สามารถทดลองการเปลี่ยนแปลงโดยไม่ต้องมีผลกระทบที่สำคัญต่อผู้ที่มาใช้ hamtube โดยทันทีและยังช่วยให้เห็นได้อย่างชัดเจนว่าการเปลี่ยนแปลงนั้นมีผลต่อการคลิกโฆษณามากขึ้นหรือไม่และยังช่วยให้เห็นได้อย่างชัดเจนว่าการเปลี่ยนแปลงนั้นมีผลต่อการคลิกโฆษณามากขึ้นหรือไม่,5.0
28,Q4,Hamtube เป็นแพลตฟอร์มดูวีดีโอออนไลน์แชร์และดูวิดีโอได้ hamtube และเขาต้องการทราบว่าการย้ายตำแหน่งของโฆษณาจะช่วยเพิ่มยอดขาย (ผู้ใช้คลิกโฆษณามากขึ้น) หรือไม่การทดสอบ A/B แฮมทาโร่จะต้องเลือกว่าอยากให้สัดส่วนของผู้ใช้ที่เห็นโฆษณาตำแหน่งเก่าผู้ใช้ที่เห็นโฆษณาตำแหน่งใหม่เป็นเท่าไร 50/50 กับ 80/20 จงอธิบายข้อดีข้อเสียของการเลือกสัดส่วนแต่ละแบบจงอธิบายข้อดีข้อเสียของการเลือกสัดส่วนแต่ละแบบและตอบว่าแบบใดที่น่าจะเหมาะสมกับปัญหานี้มากกว่า,"50/50 เร็วกว่าแต่มีความเสี่ยงมากกว่าเนื่องจากโฆษณาตำแหน่งใหม่อาจส่งผลเสียแล้วกระทบต่อลูกค้ามากผู้ใช้ที่เห็นโฆษณาตำแหน่งเก่าผู้ใช้ที่เห็นโฆษณาตำแหน่งใหม่มีจำนวนเท่ากันทำให้ได้ข้อมูลไว
80/20 ช้ากว่าแต่มีความเสี่ยงต่ำกว่าผู้ใช้มาก
แบบ 80/20 ที่น่าจะเหมาะสมกับปัญหานี้มากกว่าเนื่องจากมีความเสี่ยงต่ำกว่าถึงแม้ว่าจะช้ากว่า",5.0
29,Q1,Hamtube เป็นแพลตฟอร์มดูวีดีโอออนไลน์แชร์และดูวิดีโอได้ hamtube และเขาต้องการทราบว่าการย้ายตำแหน่งของโฆษณาจะช่วยเพิ่มยอดขาย (ผู้ใช้คลิกโฆษณามากขึ้น) หรือไม่การทดสอบ A/B อธิบายเหตุผลที่แฮมทาโร่ควรใช้ A/B ทดสอบในการทดสอบพร้อมกับอธิบายเหตุผลพร้อมกับอธิบายเหตุผล,เห็นด้วยการทดสอบ A/B จะทำให้สามารถหาข้อสรุปได้อย่งงายดาย,1.0
30,Q3,Hamtube เป็นแพลตฟอร์มดูวีดีโอออนไลน์แชร์และดูวิดีโอได้ hamtube และเขาต้องการทราบว่าการย้ายตำแหน่งของโฆษณาจะช่วยเพิ่มยอดขาย (ผู้ใช้คลิกโฆษณามากขึ้น) หรือไม่การทดสอบ A/B แฮมทาโร่เลือกที่จะใช้การกระจายแบบทวินามเพื่อแทนการกระจายของการทำ A/B ทดสอบในครั้งนี้เพราะเหตุใดเพราะเหตุใด,ไม่เห็นด้วยการกระจายแบบทวินามหากการทดลองต้องการวิเคราะห์ผลลัพธ์จากข้อมูลที่ซับซ้อน (เช่น) การกระจายแบบทวินามอาจไม่เพียงพอที่จะรวบรวมข้อมูลที่ซับซ้อนดังกล่าว,2.0
31,Q1,Hamtube เป็นแพลตฟอร์มดูวีดีโอออนไลน์แชร์และดูวิดีโอได้ hamtube และเขาต้องการทราบว่าการย้ายตำแหน่งของโฆษณาจะช่วยเพิ่มยอดขาย (ผู้ใช้คลิกโฆษณามากขึ้น) หรือไม่การทดสอบ A/B อธิบายเหตุผลที่แฮมทาโร่ควรใช้ A/B ทดสอบในการทดสอบพร้อมกับอธิบายเหตุผลพร้อมกับอธิบายเหตุผล,"การทำ A/B การทดสอบจะช่วยให้เราสามารถบอกได้ว่า ""ของใหม่"" หรือ ""ของเก่า""",1.0
32,Q4,Hamtube เป็นแพลตฟอร์มดูวีดีโอออนไลน์แชร์และดูวิดีโอได้ hamtube และเขาต้องการทราบว่าการย้ายตำแหน่งของโฆษณาจะช่วยเพิ่มยอดขาย (ผู้ใช้คลิกโฆษณามากขึ้น) หรือไม่การทดสอบ A/B แฮมทาโร่จะต้องเลือกว่าอยากให้สัดส่วนของผู้ใช้ที่เห็นโฆษณาตำแหน่งเก่าผู้ใช้ที่เห็นโฆษณาตำแหน่งใหม่เป็นเท่าไร 50/50 กับ 80/20 จงอธิบายข้อดีข้อเสียของการเลือกสัดส่วนแต่ละแบบและตอบว่าแบบใดที่น่าจะเหมาะสมกับปัญหานี้มากกว่าและตอบว่าแบบใดที่น่าจะเหมาะสมกับปัญหานี้มากกว่า,"แบบ 50-50

ข้อดี
- การวิเคราะห์ทำได้ง่ายขนาดตัวอย่างเท่ากัน, อคติน้อยกว่า
- หากกระจายงานตามบาลานซ์โหลด 50-50 จะไม่หนักเท่าถ่วงน้ำหนัก
ข้อเสีย
- ถ้าการยิงโฆษณาไม่เวิค 50% ที่เจอกับสิ่งนี้อาจจะทำให้ผลในแง่ลบการพูดปากต่อปากมีมากกว่าการพูดปากต่อปากมีมากกว่า
- การจัดการทรัพยากรต้องแบ่งทรัพยากรมาอพยพมากกว่า


สำหรับการแบ่งแบบ 80-20 เหมือนนำ 50-50 มากลับกัน
ข้อดี
- ผลในแง่ลบน้อยกว่า 20% ที่จะเจอกับการเปลี่ยนแปลง
- การบรรเทาง่ายกว่าประหยัดกว่า
ข้อเสีย
- พลังทางสถิติน้อยกว่า
- อคติเพราะคนน้อยจะไม่ตัวแทน

หาก Hamtube มีการจราจรมาก sensitive ต่อเรื่องชื่อเสียง 50-50 

มิฉะนั้นเพียงแค่เลือก 80-20 เพราะปลอดภัยกว่า",3.0
33,Q1,Hamtube เป็นแพลตฟอร์มดูวีดีโอออนไลน์แชร์และดูวิดีโอได้ hamtube และเขาต้องการทราบว่าการย้ายตำแหน่งของโฆษณาจะช่วยเพิ่มยอดขาย (ผู้ใช้คลิกโฆษณามากขึ้น) หรือไม่การทดสอบ A/B อธิบายเหตุผลที่แฮมทาโร่ควรใช้ A/B ทดสอบในการทดสอบพร้อมกับอธิบายเหตุผลพร้อมกับอธิบายเหตุผล,ใช่การทดสอบ A/B เป็นวิธีที่มีประสิทธิภาพในการประเมินผลลัพธ์ของการเปลี่ยนแปลงระหว่างสองตัวเลือก (A และ B) โดยไม่มีตัวแปรภายนอกที่มีอิทธิพลต่อผลลัพธ์ ในบริบทของผู้ค้าปลีกที่ทดสอบการย้ายถิ่นฐานของโฆษณาการใช้การทดสอบ A/B ช่วยให้การประเมินที่ชัดเจนและทันทีว่าการเปลี่ยนแปลงนี้ส่งผลกระทบต่อยอดขายหรือไม่,4.0
34,Q3,Hamtube เป็นแพลตฟอร์มดูวีดีโอออนไลน์แชร์และดูวิดีโอได้ hamtube และเขาต้องการทราบว่าการย้ายตำแหน่งของโฆษณาจะช่วยเพิ่มยอดขาย (ผู้ใช้คลิกโฆษณามากขึ้น) หรือไม่การทดสอบ A/B แฮมทาโร่เลือกที่จะใช้การกระจายแบบทวินามเพื่อแทนการกระจายของการทำ A/B ทดสอบในครั้งนี้เพราะเหตุใดเพราะเหตุใด,"เห็นด้วย
- ลักษณะข้อมูลเป็นแบบไบนารี (กด/ไม่กด) ซึ่งตรงกับการใช้ dist binomial
- dist binomial สามารถคำนวณได้รวดเร็วทำให้เข้าใจผลได้เร็ว
- binomail ทำให้คำนวณช่วงความมั่นใจได้",5.0
35,Q4,Hamtube เป็นแพลตฟอร์มดูวีดีโอออนไลน์แชร์และดูวิดีโอได้ hamtube และเขาต้องการทราบว่าการย้ายตำแหน่งของโฆษณาจะช่วยเพิ่มยอดขาย (ผู้ใช้คลิกโฆษณามากขึ้น) หรือไม่การทดสอบ A/B แฮมทาโร่จะต้องเลือกว่าอยากให้สัดส่วนของผู้ใช้ที่เห็นโฆษณาตำแหน่งเก่าผู้ใช้ที่เห็นโฆษณาตำแหน่งใหม่เป็นเท่าไร 50/50 กับ 80/20 จงอธิบายข้อดีข้อเสียของการเลือกสัดส่วนแต่ละแบบจงอธิบายข้อดีข้อเสียของการเลือกสัดส่วนแต่ละแบบและตอบว่าแบบใดที่น่าจะเหมาะสมกับปัญหานี้มากกว่า,การเลือก 50/50 นั้นเป็นการเลือกสัดส่วนที่แสดงโฆษณาในตำแหน่งใหม่ที่สูงแต่มีข้อเสียที่สำคัญคือจะมีความเสี่ยงที่สูงกว่าเนื่องจากหากการเปลี่ยนตำแหน่งโฆษณานั้นไม่เกิดผลดี 80/2 นั้นจะให้ผลจากการทดสอบที่ช้ากว่าเนื่องจากมีปริมาณสัดส่วนที่แสดงโฆษณาในตำแหน่งใหม่น้อยกว่า A/B ทดสอบของ hamtube นั้น 80/20 น่าจะมีความเหมาะสมมากกว่าเนื่องจากโฆษณาเป็นแหล่งที่สามารถนำรายได้มาสู่แพลตฟอร์มได้สูงการย้ายตำแหน่งของโฆษณาอาจส่งผลให้ผู้ใช้งานที่ไม่ชอบมีจำนวนเพิ่มขึ้นทำให้ยอดขายลดลงอย่างมากได้ทำให้ยอดขายลดลงอย่างมากได้,5.0
36,Q2,Hamtube เป็นแพลตฟอร์มดูวีดีโอออนไลน์แชร์และดูวิดีโอได้ hamtube และเขาต้องการทราบว่าการย้ายตำแหน่งของโฆษณาจะช่วยเพิ่มยอดขาย (ผู้ใช้คลิกโฆษณามากขึ้น) หรือไม่การทดสอบ A/B ความละเอียดควรเป็นอะไรระยะเวลาการระบุแหล่งที่มาควรเป็นเท่าไหร่จงอธิบายเหตุผล,"Granularity = จำนวนครั้งที่ผู้ใช้กดโฆษณา 
เพื่อที่จะวัดว่าผู้ใช้กดโฆษณามากขึ้นมั้ยถ้าเปลี่ยนตำแหน่ง

ระยะเวลาที่มา = 1 สัปดาห์
พิจารณาระยะเวลาการระบุแหล่งที่มาใหไม่นานจนเกินไปเพื่อให้ตอบสนองและปรับแก้ได้เร็วเมื่อเห็นผลที่ได้",0.0
37,Q3,Hamtube เป็นแพลตฟอร์มดูวีดีโอออนไลน์แชร์และดูวิดีโอได้ hamtube และเขาต้องการทราบว่าการย้ายตำแหน่งของโฆษณาจะช่วยเพิ่มยอดขาย (ผู้ใช้คลิกโฆษณามากขึ้น) หรือไม่การทดสอบ A/B แฮมทาโร่เลือกที่จะใช้การกระจายแบบทวินามเพื่อแทนการกระจายของการทำ A/B ทดสอบในครั้งนี้เพราะเหตุใดเพราะเหตุใด,ผมเห็นด้วยกับแฮมทาโร่เพราะว่าการกระจายแบบทวินามเหมาะสำหรับการทดสอบ A/B ที่มีสองผลลัพธ์ที่เป็นไปได้ (เช่นเช่น) และช่วยในการคำนวณความน่าจะเป็นของผลลัพธ์ได้,5.0
38,Q4,Hamtube เป็นแพลตฟอร์มดูวีดีโอออนไลน์แชร์และดูวิดีโอได้ hamtube และเขาต้องการทราบว่าการย้ายตำแหน่งของโฆษณาจะช่วยเพิ่มยอดขาย (ผู้ใช้คลิกโฆษณามากขึ้น) หรือไม่การทดสอบ A/B แฮมทาโร่จะต้องเลือกว่าอยากให้สัดส่วนของผู้ใช้ที่เห็นโฆษณาตำแหน่งเก่าผู้ใช้ที่เห็นโฆษณาตำแหน่งใหม่เป็นเท่าไร 50/50 กับ 80/20 จงอธิบายข้อดีข้อเสียของการเลือกสัดส่วนแต่ละแบบและตอบว่าแบบใดที่น่าจะเหมาะสมกับปัญหานี้มากกว่าและตอบว่าแบบใดที่น่าจะเหมาะสมกับปัญหานี้มากกว่า,"ข้อดี
- ช่วยให้สามารถเปรียบเทียบผลลัพธ์ของทั้งสองเวอร์ชันได้อย่างแม่นยำ
ช่วยลดอคติในการทดลอง
- ใช้เวลาในการทดลองน้อยกว่าสัดส่วน 50/50 เพราะสามารถได้จำนวนตัวอย่างที่เพียงพอในการเปรียบเทียบผลลัพธ์ได้เร็วขึ้น
ข้อเสีย
- อาจใช้เวลานานในการทดลอง
ข้อดีข้อเสียของการเลือกสัดส่วน 80/20
- อาจทำให้ผลการทดลองไม่แม่นยำเพราะจำนวนผู้ชมที่ได้เห็นแต่ละเวอร์ชันไม่เท่ากันซึ่งอาจทำให้ผลลัพธ์ของทั้งสองเวอร์ชันมีความแตกต่างกันโดยบังเอิญ

สรุป
- จากข้อดีข้อเสียของทั้งสองสัดส่วน 50/50 จะให้ผลลัพธ์ที่แม่นยำกว่า 80/20 ใช้เวลาในการทดลองน้อยกว่าแต่อาจทำให้ผลการทดลองไม่แม่นยำ
- หากแฮมทาโร่ต้องการผลการทดลองที่แม่นยำมากที่สุด 50/50 จะเป็นตัวเลือกที่ดีกว่า 80/20 จะเป็นตัวเลือกที่ดีกว่า
- ในกรณีของแฮมทาโร่ที่ต้องการทดสอบการเปลี่ยนแปลงตำแหน่งของโฆษณา 50/50 เพื่อให้ผลการทดลองมีความแม่นยำและครอบคลุมมากที่สุด",1.0
39,Q1,Hamtube เป็นแพลตฟอร์มดูวีดีโอออนไลน์แชร์และดูวิดีโอได้ hamtube และเขาต้องการทราบว่าการย้ายตำแหน่งของโฆษณาจะช่วยเพิ่มยอดขาย (ผู้ใช้คลิกโฆษณามากขึ้น) หรือไม่การทดสอบ A/B อธิบายเหตุผลที่แฮมทาโร่ควรใช้ A/B ทดสอบในการทดสอบพร้อมกับอธิบายเหตุผลพร้อมกับอธิบายเหตุผล,การทดสอบ A/B A/B ในการทดสอบการทดสอบ A/B,1.0
40,Q2,Hamtube เป็นแพลตฟอร์มดูวีดีโอออนไลน์แชร์และดูวิดีโอได้ hamtube และเขาต้องการทราบว่าการย้ายตำแหน่งของโฆษณาจะช่วยเพิ่มยอดขาย (ผู้ใช้คลิกโฆษณามากขึ้น) หรือไม่การทดสอบ A/B ความละเอียดควรเป็นอะไรระยะเวลาการระบุแหล่งที่มาควรเป็นเท่าไหร่จงอธิบายเหตุผล,ขึ้นอยู่กับขนาดของช่อง hamtaro รับได้,0.0
41,Q4,Hamtube เป็นแพลตฟอร์มดูวีดีโอออนไลน์แชร์และดูวิดีโอได้ hamtube และเขาต้องการทราบว่าการย้ายตำแหน่งของโฆษณาจะช่วยเพิ่มยอดขาย (ผู้ใช้คลิกโฆษณามากขึ้น) หรือไม่การทดสอบ A/B แฮมทาโร่จะต้องเลือกว่าอยากให้สัดส่วนของผู้ใช้ที่เห็นโฆษณาตำแหน่งเก่าผู้ใช้ที่เห็นโฆษณาตำแหน่งใหม่เป็นเท่าไร 50/50 กับ 80/20 จงอธิบายข้อดีข้อเสียของการเลือกสัดส่วนแต่ละแบบและตอบว่าแบบใดที่น่าจะเหมาะสมกับปัญหานี้มากกว่าและตอบว่าแบบใดที่น่าจะเหมาะสมกับปัญหานี้มากกว่า,"50/50 มีข้อดีคือความรวดเร็วเนื่องจากทั้ง 2 กลุ่มมีขนาดเท่ากัน 2 กลุ่มได้อย่างรวดเร็วผู้ใช้แต่มีข้อเสียคือจะมีหากการเปลี่ยนแปลงนั้นก่อให้เกิดปัญหาใดๆก็จะทำให้เกิดความเสี่ยงแก่แพลตฟอร์มมากขึ้นมากขึ้นมากขึ้น

80/20 มีข้อดีคือผู้ใช้เพียงแค่ 20% ที่จะเห็นการเปลี่ยนแปลงทำให้สามารถลดความเสี่ยงของปัญหาใดๆ 50/50 เพราะจำนวนผู้ใช้ที่เห็นการเปลี่ยนแปลงแตกต่างจากจำนวนผู้ใช้

สำหรับปัญหานี้ 80/20 น่าจะเหมาะสมมากกว่าและมีความเกี่ยวข้องกับยอดขายจึงไม่ควรก่อให้เกิดความเสี่ยงมากเกินจำเป็น",5.0
42,Q4,Hamtube เป็นแพลตฟอร์มดูวีดีโอออนไลน์แชร์และดูวิดีโอได้ hamtube และเขาต้องการทราบว่าการย้ายตำแหน่งของโฆษณาจะช่วยเพิ่มยอดขาย (ผู้ใช้คลิกโฆษณามากขึ้น) หรือไม่การทดสอบ A/B แฮมทาโร่จะต้องเลือกว่าอยากให้สัดส่วนของผู้ใช้ที่เห็นโฆษณาตำแหน่งเก่าผู้ใช้ที่เห็นโฆษณาตำแหน่งใหม่เป็นเท่าไร 50/50 กับ 80/20 จงอธิบายข้อดีข้อเสียของการเลือกสัดส่วนแต่ละแบบจงอธิบายข้อดีข้อเสียของการเลือกสัดส่วนแต่ละแบบและตอบว่าแบบใดที่น่าจะเหมาะสมกับปัญหานี้มากกว่า,"50/50 จะทำให้สามารถเก็บตัวอย่างครบจำนวนได้ไวกว่า B มากกว่าเช่นเดียวกัน 20/80 ซี่งเสี่ยงน้อยกว่าแต่ใช้เวลาเก็บยากกว่า

เนื่องจากยอดคลิกโฆษณาอาจจะมีผลต่อรายได้จากการโฆษณาใน Hamtube และไม่ได้ต้องรีบในการหาผลตัดสิน 80/20 จึงเหมาะสมกว่า",5.0
43,Q1,Hamtube เป็นแพลตฟอร์มดูวีดีโอออนไลน์แชร์และดูวิดีโอได้ hamtube และเขาต้องการทราบว่าการย้ายตำแหน่งของโฆษณาจะช่วยเพิ่มยอดขาย (ผู้ใช้คลิกโฆษณามากขึ้น) หรือไม่การทดสอบ A/B อธิบายเหตุผลที่แฮมทาโร่ควรใช้ A/B ทดสอบในการทดสอบพร้อมกับอธิบายเหตุผลพร้อมกับอธิบายเหตุผล,เห็นด้วยการทดสอบ A/B มักจะถูกใช้เพื่อทดสอบของอินเตอร์เฟสใหม่ผู้ใช้เพื่อทดสอบสมมุติฐานเหล่านั้นข้อ จำกัด ของ A/B ทดสอบด้วยด้วย,1.0
44,Q1,Hamtube เป็นแพลตฟอร์มดูวีดีโอออนไลน์แชร์และดูวิดีโอได้ hamtube และเขาต้องการทราบว่าการย้ายตำแหน่งของโฆษณาจะช่วยเพิ่มยอดขาย (ผู้ใช้คลิกโฆษณามากขึ้น) หรือไม่การทดสอบ A/B อธิบายเหตุผลที่แฮมทาโร่ควรใช้ A/B ทดสอบในการทดสอบพร้อมกับอธิบายเหตุผลพร้อมกับอธิบายเหตุผล,เห็นด้วยว่าควรใช้ A/B ทดสอบเพราะเป็นการทดสอบว่าโฆษณาจะอยู่ที่เดิมหรือย้ายที่แบบไหนดีกว่ากัน,1.0
45,Q3,Hamtube เป็นแพลตฟอร์มดูวีดีโอออนไลน์แชร์และดูวิดีโอได้ hamtube และเขาต้องการทราบว่าการย้ายตำแหน่งของโฆษณาจะช่วยเพิ่มยอดขาย (ผู้ใช้คลิกโฆษณามากขึ้น) หรือไม่การทดสอบ A/B แฮมทาโร่เลือกที่จะใช้การกระจายแบบทวินามเพื่อแทนการกระจายของการทำ A/B ทดสอบในครั้งนี้เพราะเหตุใดเพราะเหตุใด,เห็นด้วย (0/1),5.0
46,Q3,Hamtube เป็นแพลตฟอร์มดูวีดีโอออนไลน์แชร์และดูวิดีโอได้ hamtube และเขาต้องการทราบว่าการย้ายตำแหน่งของโฆษณาจะช่วยเพิ่มยอดขาย (ผู้ใช้คลิกโฆษณามากขึ้น) หรือไม่การทดสอบ A/B แฮมทาโร่เลือกที่จะใช้การกระจายแบบทวินามเพื่อแทนการกระจายของการทำ A/B ทดสอบในครั้งนี้เพราะเหตุใดเพราะเหตุใด,ไม่เหมาะสมการกระจายแบบทวินามจะไม่สามารถตอบโจทย์ได้หรืออื่นๆหรืออื่นๆหรืออื่นๆหรืออื่นๆหรืออื่นๆ,1.0
47,Q4,Hamtube เป็นแพลตฟอร์มดูวีดีโอออนไลน์แชร์และดูวิดีโอได้ hamtube และเขาต้องการทราบว่าการย้ายตำแหน่งของโฆษณาจะช่วยเพิ่มยอดขาย (ผู้ใช้คลิกโฆษณามากขึ้น) หรือไม่การทดสอบ A/B แฮมทาโร่จะต้องเลือกว่าอยากให้สัดส่วนของผู้ใช้ที่เห็นโฆษณาตำแหน่งเก่าผู้ใช้ที่เห็นโฆษณาตำแหน่งใหม่เป็นเท่าไร 50/50 กับ 80/20 จงอธิบายข้อดีข้อเสียของการเลือกสัดส่วนแต่ละแบบและตอบว่าแบบใดที่น่าจะเหมาะสมกับปัญหานี้มากกว่าและตอบว่าแบบใดที่น่าจะเหมาะสมกับปัญหานี้มากกว่า,ข้อดีของ 50/50 คือแฮมทาโร่จะมีผู้ใช้ที่ทดลองทั้ง 2 กรณีในจำนวนที่เท่าๆกัน 80/20 แต่ข้อเสียคือการทดสอบที่มากกว่า 50/50 เนื่องจากมองว่าผู้ใช้แต่ละคนมีตัวแปรที่จะกดตำแหน่งโฆษณาในตำแหน่งใหม่ที่ต่างกันมากจึงควรใช้ตัวอย่างมากขึ้นในการทดลองให้ได้ค่าที่ใกล้เคียงกับการนำไปใช้ในระยะยาวกับการนำไปใช้ในระยะยาว,3.0
48,Q3,Hamtube เป็นแพลตฟอร์มดูวีดีโอออนไลน์แชร์และดูวิดีโอได้ hamtube และเขาต้องการทราบว่าการย้ายตำแหน่งของโฆษณาจะช่วยเพิ่มยอดขาย (ผู้ใช้คลิกโฆษณามากขึ้น) หรือไม่การทดสอบ A/B แฮมทาโร่เลือกที่จะใช้การกระจายแบบทวินามเพื่อแทนการกระจายของการทำ A/B ทดสอบในครั้งนี้เพราะเหตุใดเพราะเหตุใด,Bernoulli เปลี่ยนเป็นเทียบจำนวนครั้งที่คนกดโฆษณากี่คนในกลุ่มตัวอย่าง,0.0
49,Q4,Hamtube เป็นแพลตฟอร์มดูวีดีโอออนไลน์แชร์และดูวิดีโอได้ hamtube และเขาต้องการทราบว่าการย้ายตำแหน่งของโฆษณาจะช่วยเพิ่มยอดขาย (ผู้ใช้คลิกโฆษณามากขึ้น) หรือไม่การทดสอบ A/B แฮมทาโร่จะต้องเลือกว่าอยากให้สัดส่วนของผู้ใช้ที่เห็นโฆษณาตำแหน่งเก่าผู้ใช้ที่เห็นโฆษณาตำแหน่งใหม่เป็นเท่าไร 50/50 กับ 80/20 จงอธิบายข้อดีข้อเสียของการเลือกสัดส่วนแต่ละแบบและตอบว่าแบบใดที่น่าจะเหมาะสมกับปัญหานี้มากกว่าและตอบว่าแบบใดที่น่าจะเหมาะสมกับปัญหานี้มากกว่า,"การแบ่งแบบ 50/50 จะใช้ว่าเวลาทดลองน้อยกว่าการแบ่งแบบ 80/20 เนื่องจากมีขนาดตัวอย่างของผู้ใช้ที่เจอการย้ายตำแหน่งของโฆษณามากกกว่า
แต่ 50/50 จะมีความเสี่ยงมากกว่าการแบ่งแบบ 80/20 เนื่องจากมีโอกาสที่ผู้ใช้จะไม่ชอบการเปลี่ยนแปลงของ Hamtube และส่งผลเสียต่อภาพลักษณ์ของผลิตภัณฑ์

การแบ่งแบบ 50/50 ดีกว่าเนื่องจากใช้เวลาน้อยกว่าทำให้ตัดสินใจได้เร็วขึ้นว่าการย้ายตำแหน่งของโฆษณาจะช่วยเพิ่มจำนวนผู้ใช้คลิกโฆษณาได้หรือไม่ hamtube ดูแย่ลง",5.0
50,Q4,Hamtube เป็นแพลตฟอร์มดูวีดีโอออนไลน์แชร์และดูวิดีโอได้ hamtube และเขาต้องการทราบว่าการย้ายตำแหน่งของโฆษณาจะช่วยเพิ่มยอดขาย (ผู้ใช้คลิกโฆษณามากขึ้น) หรือไม่การทดสอบ A/B แฮมทาโร่จะต้องเลือกว่าอยากให้สัดส่วนของผู้ใช้ที่เห็นโฆษณาตำแหน่งเก่าผู้ใช้ที่เห็นโฆษณาตำแหน่งใหม่เป็นเท่าไร 50/50 กับ 80/20 จงอธิบายข้อดีข้อเสียของการเลือกสัดส่วนแต่ละแบบและตอบว่าแบบใดที่น่าจะเหมาะสมกับปัญหานี้มากกว่าและตอบว่าแบบใดที่น่าจะเหมาะสมกับปัญหานี้มากกว่า,"50/50
ข้อดี:
	- ความสมดุล: การจัดกลุ่มผู้ใช้อย่างเท่าๆกันทำให้ได้ข้อมูลที่สมดุลและเปรียบเทียบได้ง่าย
	- ความรวดเร็ว: ได้ข้อมูลรวดเร็วและเพียงพอต่อการวิเคราะห์และตัดสินใจ
ข้อเสีย:
	- ผลกระทบ: หากการเปลี่ยนแปลงมีผลเป็นลบจะส่งผลกระทบต่อผู้คนจำนวนมาก

80/20
ข้อดี:
	- ความเสี่ยงน้อย: หากผลการเปลี่ยนแปลงนั้นเป็นลบจะกระทบต่อคนจำนวนน้อย
	- ทดสอบง่าย: สามารถทดสอบแนวคิดหรือสิ่งใหม่ๆได้ง่ายโดยไม่กระทบคนจำนวนมาก
ข้อเสีย:
	- ความช้า: ใช้เวลานานในการรวบรวมข้อมูลนานกว่าจะได้ข้อมูลที่มีนัยสำคัญ
	- ข้อมูลไม่เพียงพอ: เนื่องจากกลุ่มทดลองมีน้อยหากเวลามีจำกัดจะทำให้ข้อมูลที่รวบรวมมามีน้อยเกินไป

สรุป: 80/20 เพราะเพียงต่อต้องมีเวลาในการเก็บข้อมูลที่มากพอเพียงต่อต้องมีเวลาในการเก็บข้อมูลที่มากพอ",5.0
51,Q3,Hamtube เป็นแพลตฟอร์มดูวีดีโอออนไลน์แชร์และดูวิดีโอได้ hamtube และเขาต้องการทราบว่าการย้ายตำแหน่งของโฆษณาจะช่วยเพิ่มยอดขาย (ผู้ใช้คลิกโฆษณามากขึ้น) หรือไม่การทดสอบ A/B แฮมทาโร่เลือกที่จะใช้การกระจายแบบทวินามเพื่อแทนการกระจายของการทำ A/B ทดสอบในครั้งนี้เพราะเหตุใดเพราะเหตุใด,เห็นด้วยการกระจายแบบทวินามและการเลือกใช้การกระจายแบบทวินามทำให้สามารถนำข้อมูลไปคำนวนค่าทางสถิติต่างได้ได้ได้ได้,5.0
52,Q1,Hamtube เป็นแพลตฟอร์มดูวีดีโอออนไลน์แชร์และดูวิดีโอได้ hamtube และเขาต้องการทราบว่าการย้ายตำแหน่งของโฆษณาจะช่วยเพิ่มยอดขาย (ผู้ใช้คลิกโฆษณามากขึ้น) หรือไม่การทดสอบ A/B อธิบายเหตุผลที่แฮมทาโร่ควรใช้ A/B ทดสอบในการทดสอบพร้อมกับอธิบายเหตุผลพร้อมกับอธิบายเหตุผล,แฮมทาโร่ควรใช้ A/B ทดสอบเพราะจะทำให้สามารถรู้ได้ว่าการย้ายตำแหน่งของโฆษณาส่งผลต่อยอดขายหรือไม่โดยไม่ได้ขึ้นกับ confounder อื่นๆ,3.0
53,Q4,Hamtube เป็นแพลตฟอร์มดูวีดีโอออนไลน์แชร์และดูวิดีโอได้ hamtube และเขาต้องการทราบว่าการย้ายตำแหน่งของโฆษณาจะช่วยเพิ่มยอดขาย (ผู้ใช้คลิกโฆษณามากขึ้น) หรือไม่การทดสอบ A/B แฮมทาโร่จะต้องเลือกว่าอยากให้สัดส่วนของผู้ใช้ที่เห็นโฆษณาตำแหน่งเก่าผู้ใช้ที่เห็นโฆษณาตำแหน่งใหม่เป็นเท่าไร 50/50 กับ 80/20 จงอธิบายข้อดีข้อเสียของการเลือกสัดส่วนแต่ละแบบจงอธิบายข้อดีข้อเสียของการเลือกสัดส่วนแต่ละแบบและตอบว่าแบบใดที่น่าจะเหมาะสมกับปัญหานี้มากกว่า,"สัดส่วน 50/50:
ข้อดี: เป็นการทดสอบที่ทุ่มเทเพราะทั้งสองกลุ่มได้รับการตั้งเทียบโฆษณาในทั้งสองตำแหน่ง: สัดส่วน 50/50 ช่วยให้ทั้งตัวแปรควบคุม (ตำแหน่งเก่า) และตัวแปรทดลอง (ตำแหน่งใหม่) ได้รับการทดสอบอย่างเท่าเทียมกัน
ข้อเสีย: ไม่ตรวจสอบว่าการเปลี่ยนแปลงมีผลที่มีนัยสำคัญหรือไม่: การเลือกสัดส่วน 50/50 อาจทำให้ไม่สามารถตรวจสอบว่าการย้ายตำแหน่งโฆษณามีผลที่มีนัยสำคัญหรือไม่เนื่องจากทั้งสองกลุ่มได้รับการทดสอบเท่ากัน

สัดส่วน 80/20:
ข้อดี: การให้น้ำหนักมากกว่าในกลุ่มทดลอง: ในกรณีนี้ 80% ของผู้ใช้จะเห็นโฆษณาที่ตำแหน่งใหม่ซึ่งสามารถช่วยให้แฮมทาโร่เก็บข้อมูลที่มีนัยสำคัญมากกว่าในกลุ่มที่เหลือ
ข้อเสีย: ไม่ได้รับการทดสอบที่เท่าเทียมกัน: การให้น้ำหนักมากกว่าในกลุ่มทดลอง (80%) สามารถทำให้ผลลัพธ์ที่ได้มีผลกระทบมากขึ้นจากกลุ่มนี้ซึ่งอาจทำให้ข้อมูลที่ได้ไม่เท่าเทียมกับกลุ่มควบคุม

ความเหมาะสม:
การเลือกสัดส่วนแบบไหนที่เหมาะสมขึ้นอยู่กับวัตถุประสงค์และคำถามที่แฮมทาโร่ต้องการตอบ 50/50 เป็นทางเลือกที่ดี 80/20 อาจเป็นทางเลือกที่ดีอาจเป็นทางเลือกที่ดี",0.5
54,Q4,Hamtube เป็นแพลตฟอร์มดูวีดีโอออนไลน์แชร์และดูวิดีโอได้ hamtube และเขาต้องการทราบว่าการย้ายตำแหน่งของโฆษณาจะช่วยเพิ่มยอดขาย (ผู้ใช้คลิกโฆษณามากขึ้น) หรือไม่การทดสอบ A/B แฮมทาโร่จะต้องเลือกว่าอยากให้สัดส่วนของผู้ใช้ที่เห็นโฆษณาตำแหน่งเก่าผู้ใช้ที่เห็นโฆษณาตำแหน่งใหม่เป็นเท่าไร 50/50 กับ 80/20 จงอธิบายข้อดีข้อเสียของการเลือกสัดส่วนแต่ละแบบจงอธิบายข้อดีข้อเสียของการเลือกสัดส่วนแต่ละแบบและตอบว่าแบบใดที่น่าจะเหมาะสมกับปัญหานี้มากกว่า,"50/50 จะช่วยให้เปรียบเทียบผลลัพธ์การคลิกโฆษณาของตำแหน่งเก่าและใหม่ได้อย่างเท่าเทียม 50/50 จะทำให้เราไม่สามารถตรวจสอบผลของตัวแปรอื่นๆที่ควบคุมไม่ได้เช่นความชอบส่วนตัวของผู้ทดสอบ 
80/20 จะช่วยให้ผลลัพธ์ที่ได้ของการเปลี่ยนตำแหน่งปุ่มอ้างอิงจากความชอบของคนส่วนใหญ่มากกว่า 50/50 แต่ 80/20 จะทำให้การเปรียบเทียบผลลัพธ์ของการระหว่างกลุ่มการเปลี่ยนและไม่เปลี่ยนตำแหน่งยุ่งยากซับซ้อนกว่าเพราะกลุ่มตัวอย่างที่ไม่เท่ากัน

ซึ่งผมคิดว่าแฮมทาโร่ควรเลือกใช้แบบ 80/20 เพื่อให้ได้ข้อมูลที่น่าจะเป็นจริงที่สุดจากกลุ่มตัวอย่างเพียงแต่อาจจะต้องเก็บข้อมูลมากขึ้นในการวิเคราะห์เพื่อให้มีความน่าเชื่อถือสูง",1.0
55,Q4,Hamtube เป็นแพลตฟอร์มดูวีดีโอออนไลน์แชร์และดูวิดีโอได้ hamtube และเขาต้องการทราบว่าการย้ายตำแหน่งของโฆษณาจะช่วยเพิ่มยอดขาย (ผู้ใช้คลิกโฆษณามากขึ้น) หรือไม่การทดสอบ A/B แฮมทาโร่จะต้องเลือกว่าอยากให้สัดส่วนของผู้ใช้ที่เห็นโฆษณาตำแหน่งเก่าผู้ใช้ที่เห็นโฆษณาตำแหน่งใหม่เป็นเท่าไร 50/50 กับ 80/20 จงอธิบายข้อดีข้อเสียของการเลือกสัดส่วนแต่ละแบบจงอธิบายข้อดีข้อเสียของการเลือกสัดส่วนแต่ละแบบและตอบว่าแบบใดที่น่าจะเหมาะสมกับปัญหานี้มากกว่า,80/20 เพราะความปลอดภัยกว่าในกรณีที่โฆษณาแบบใหม่ไม่เวิร์คและกระทบกับการใช้งานและหัวหน้าของเขาไม่ได้เร่งให้ส่งข้อสรุปเร็วๆนี้จึงค่อยเป็นค่อยไปได้,4.0
56,Q3,Hamtube เป็นแพลตฟอร์มดูวีดีโอออนไลน์แชร์และดูวิดีโอได้ hamtube และเขาต้องการทราบว่าการย้ายตำแหน่งของโฆษณาจะช่วยเพิ่มยอดขาย (ผู้ใช้คลิกโฆษณามากขึ้น) หรือไม่การทดสอบ A/B แฮมทาโร่เลือกที่จะใช้การกระจายแบบทวินามเพื่อแทนการกระจายของการทำ A/B ทดสอบในครั้งนี้เพราะเหตุใดเพราะเหตุใด,"เห็นด้วยกับการใช้การกระจายแบบทวินาม
เพราะการคลิกโฆษณามีผลลัพธ์สองอย่าง (คลิกหรือไม่คลิก) ซึ่งเหมาะกับการใช้การกระจายแบบทวินาม
และการกระจายแบบทวินามช่วยให้สามารถคำนวณความน่าจะเป็นและเปรียบเทียบผลลัพธ์ระหว่างสองกลุ่มได้ง่าย",5.0
57,Q4,Hamtube เป็นแพลตฟอร์มดูวีดีโอออนไลน์แชร์และดูวิดีโอได้ hamtube และเขาต้องการทราบว่าการย้ายตำแหน่งของโฆษณาจะช่วยเพิ่มยอดขาย (ผู้ใช้คลิกโฆษณามากขึ้น) หรือไม่การทดสอบ A/B แฮมทาโร่จะต้องเลือกว่าอยากให้สัดส่วนของผู้ใช้ที่เห็นโฆษณาตำแหน่งเก่าผู้ใช้ที่เห็นโฆษณาตำแหน่งใหม่เป็นเท่าไร 50/50 กับ 80/20 จงอธิบายข้อดีข้อเสียของการเลือกสัดส่วนแต่ละแบบและตอบว่าแบบใดที่น่าจะเหมาะสมกับปัญหานี้มากกว่าและตอบว่าแบบใดที่น่าจะเหมาะสมกับปัญหานี้มากกว่า,"การเลือกสาเหตุการแยก 50/50 ""การลงทุนเกี่ยวข้องกับความเสี่ยงดังนั้นเราจะยอมรับมัน"" มันเป็นวิธีที่เร็วกว่าแม้ว่าจะปลอดภัยน้อยกว่า

ในทางกลับกันการแยก 80/20 นั้นเล่นได้อย่างปลอดภัยโดยจัดลำดับความสำคัญของความปลอดภัยด้วยความเร็ว",5.0
58,Q3,Hamtube เป็นแพลตฟอร์มดูวีดีโอออนไลน์แชร์และดูวิดีโอได้ hamtube และเขาต้องการทราบว่าการย้ายตำแหน่งของโฆษณาจะช่วยเพิ่มยอดขาย (ผู้ใช้คลิกโฆษณามากขึ้น) หรือไม่การทดสอบ A/B แฮมทาโร่เลือกที่จะใช้การกระจายแบบทวินามเพื่อแทนการกระจายของการทำ A/B ทดสอบในครั้งนี้เพราะเหตุใดเพราะเหตุใด,เห็นด้วยเพราะผลลัพธ์ของการทดลอง 1 ครั้งสิ่งที่เราสนใจคือคลิ๊กไม่คลิ๊ก,5.0
59,Q1,Hamtube เป็นแพลตฟอร์มดูวีดีโอออนไลน์แชร์และดูวิดีโอได้ hamtube และเขาต้องการทราบว่าการย้ายตำแหน่งของโฆษณาจะช่วยเพิ่มยอดขาย (ผู้ใช้คลิกโฆษณามากขึ้น) หรือไม่การทดสอบ A/B อธิบายเหตุผลที่แฮมทาโร่ควรใช้ A/B ทดสอบในการทดสอบพร้อมกับอธิบายเหตุผลพร้อมกับอธิบายเหตุผล,"การใช้ A/B การทดสอบเป็นสิ่งจำเป็นสำหรับทีมการตลาดของแฮมทาโร่บนแพลตฟอร์ม hamtube เพื่อเปรียบเทียบผลของการย้ายโฆษณาไปยังตำแหน่งใหม่กับตำแหน่งเดิม วิธีนี้ช่วยให้มีข้อมูลที่เชื่อถือได้ด้วยการสุ่มกลุ่มผู้ใช้ไปยังกลุ่มควบคุมและกลุ่มทดลอง, ทำให้เห็นภาพชัดเจนเกี่ยวกับประสิทธิภาพของการเปลี่ยนแปลงนี้ การทดสอบ a/b ลดความเสี่ยงทางธุรกิจด้วยการทดลองผลลัพธ์ก่อนนำการเปลี่ยนแปลงไปใช้ในทุกๆ, ลดความไม่แน่นอนและช่วยในการปรับแผนการตลาดทั้งทันทีและในระยะยาวตามข้อมูลที่ได้, ซึ่งเป็นการปรับใช้และปรับปรุงแผนการตลาดของแฮมทาโร่บนแพลตฟอร์ม",5.0
60,Q2,Hamtube เป็นแพลตฟอร์มดูวีดีโอออนไลน์แชร์และดูวิดีโอได้ hamtube และเขาต้องการทราบว่าการย้ายตำแหน่งของโฆษณาจะช่วยเพิ่มยอดขาย (ผู้ใช้คลิกโฆษณามากขึ้น) หรือไม่การทดสอบ A/B ความละเอียดควรเป็นอะไรระยะเวลาการระบุแหล่งที่มาควรเป็นเท่าไหร่จงอธิบายเหตุผล,"Granularity ควรเป็นโฆษณาคลิก/ ผู้ใช้ที่ไม่ซ้ำกันเพราะโฆษณา cliked/ ผู้ใช้ที่ไม่ซ้ำกันแสดงให้เห็นว่าค่าเฉลี่ยในการกดโฆษณาของผู้ใช้มีการเปลี่ยนแปลงมากแค่ไหน
ระยะเวลาการระบุแหล่งที่มาควรเป็นเซสชันละ 1 วันวิดีโอผู้ใช้จะสนใจวิดีโอมากกว่าโฆษณา (ไม่มีใครอยากดูโฆษณา) ฉะนั้นผมเลยสมมติว่าผู้ใช้คนใหม่จะจำโฆษณาในวันที่แล้วได้",5.0
61,Q3,Hamtube เป็นแพลตฟอร์มดูวีดีโอออนไลน์แชร์และดูวิดีโอได้ hamtube และเขาต้องการทราบว่าการย้ายตำแหน่งของโฆษณาจะช่วยเพิ่มยอดขาย (ผู้ใช้คลิกโฆษณามากขึ้น) หรือไม่การทดสอบ A/B แฮมทาโร่เลือกที่จะใช้การกระจายแบบทวินามเพื่อแทนการกระจายของการทำ A/B ทดสอบในครั้งนี้เพราะเหตุใดเพราะเหตุใด,"เห็นด้วยกับแฮมทาโร่ที่เลือกใช้การกระจายแบบทวินามเพื่อแทนการกระจายของการทำ A/B การทดสอบในครั้งนี้การกระจายแบบทวินามเป็นไปตามสมมติฐานของ A/B การทดสอบดังนี้

- มีการทดลองจำนวนครั้งที่แน่นอน
- แต่ละการทดลองเป็นอิสระจากกัน
- ผลลัพธ์ของการทดลองแต่ละครั้งเป็นอิสระจากกัน
- ผลลัพธ์ของการทดลองมีเพียง 2 ผลลัพธ์เท่านั้นคือสำเร็จไม่สำเร็จ

ในกรณีของแฮมทาโร่ 1 เดือนการแจกแจงแบบทวินามจึงเหมาะสมที่จะใช้ในการแทนการแจกแจงของการทำ A/B การทดสอบในครั้งนี้",5.0
62,Q3,Hamtube เป็นแพลตฟอร์มดูวีดีโอออนไลน์แชร์และดูวิดีโอได้ hamtube และเขาต้องการทราบว่าการย้ายตำแหน่งของโฆษณาจะช่วยเพิ่มยอดขาย (ผู้ใช้คลิกโฆษณามากขึ้น) หรือไม่การทดสอบ A/B แฮมทาโร่เลือกที่จะใช้การกระจายแบบทวินามเพื่อแทนการกระจายของการทำ A/B ทดสอบในครั้งนี้เพราะเหตุใดเพราะเหตุใด,เห็นด้วยรุ่นการทดลองของเราเป็นโอกาสในการกดโฆษณาซึ่งเป็นเหตุการณ์ที่ไม่ต่อเนื่องที่มีผลลัพธ์แค่ 2 แบบคือกดหรือไม่การกระจายแบบทวินาม,5.0
63,Q3,Hamtube เป็นแพลตฟอร์มดูวีดีโอออนไลน์แชร์และดูวิดีโอได้ hamtube และเขาต้องการทราบว่าการย้ายตำแหน่งของโฆษณาจะช่วยเพิ่มยอดขาย (ผู้ใช้คลิกโฆษณามากขึ้น) หรือไม่การทดสอบ A/B แฮมทาโร่เลือกที่จะใช้การกระจายแบบทวินามเพื่อแทนการกระจายของการทำ A/B ทดสอบในครั้งนี้เพราะเหตุใดเพราะเหตุใด,เห็นด้วยกับแฮมทาโร่เพราะถ้ามองโอกาสคลิกโฆษณาของผู้ใช้เป็นโอกาสสำเร็จการกระจายแบบทวินาม,5.0
64,Q3,Hamtube เป็นแพลตฟอร์มดูวีดีโอออนไลน์แชร์และดูวิดีโอได้ hamtube และเขาต้องการทราบว่าการย้ายตำแหน่งของโฆษณาจะช่วยเพิ่มยอดขาย (ผู้ใช้คลิกโฆษณามากขึ้น) หรือไม่การทดสอบ A/B แฮมทาโร่เลือกที่จะใช้การกระจายแบบทวินามเพื่อแทนการกระจายของการทำ A/B ทดสอบในครั้งนี้เพราะเหตุใดเพราะเหตุใด,เห็นด้วยเนื่องจากอัตราการคลิกจะเป็นจำนวนเต็มเสมอการแจกแจงแบบทวินามในการแสดงการแจกจ่ายของข้อมูลได้,2.0
65,Q4,Hamtube เป็นแพลตฟอร์มดูวีดีโอออนไลน์แชร์และดูวิดีโอได้ hamtube และเขาต้องการทราบว่าการย้ายตำแหน่งของโฆษณาจะช่วยเพิ่มยอดขาย (ผู้ใช้คลิกโฆษณามากขึ้น) หรือไม่การทดสอบ A/B แฮมทาโร่จะต้องเลือกว่าอยากให้สัดส่วนของผู้ใช้ที่เห็นโฆษณาตำแหน่งเก่าผู้ใช้ที่เห็นโฆษณาตำแหน่งใหม่เป็นเท่าไร 50/50 กับ 80/20 จงอธิบายข้อดีข้อเสียของการเลือกสัดส่วนแต่ละแบบจงอธิบายข้อดีข้อเสียของการเลือกสัดส่วนแต่ละแบบและตอบว่าแบบใดที่น่าจะเหมาะสมกับปัญหานี้มากกว่า,สัดส่วน 50/50 สามารถทำให้ได้ข้อมูลในเวลารวดเร็วขึ้นเมื่อเทียบกับ 80/20 แต่จะมีความเสี่ยงที่จะสรุปผิดมากขึ้น (เทรนในเวลานั้นๆ) ดังนั้นควรเลือกใช้สัดส่วน 80/20 เนื่องจากเราต้องการทราบว่าผู้ใช้คลิกโฆษณามากขึ้นหรือไม่ในระยะยาว (ไม่ควรเกิดการสรุปผิด),5.0
66,Q2,Hamtube เป็นแพลตฟอร์มดูวีดีโอออนไลน์แชร์และดูวิดีโอได้ hamtube และเขาต้องการทราบว่าการย้ายตำแหน่งของโฆษณาจะช่วยเพิ่มยอดขาย (ผู้ใช้คลิกโฆษณามากขึ้น) หรือไม่การทดสอบ A/B ความละเอียดควรเป็นอะไรระยะเวลาการระบุแหล่งที่มาควรเป็นเท่าไหร่จงอธิบายเหตุผล,"คุกกี้ความละเอียดต่อ 1 วัน
ระยะเวลาการระบุแหล่งที่มาควรใช้ระยะ 1 วันซึ่งเป็นระยะห่างเหมาะสมของการใช้งานของผู้ใช้ทั้งการกดดูและการซื้อของผู้ใช้ไม่สั้นและนานเกินไป (ขึ้นอยู่กับประเภทของสินค้าที่โฆษณาด้วย) ซึ่งหากสั้นไปจะทำให้ผู้ใช้เกิดการดูไปแล้วและไม่เลือกดูแล้วแต่ยังถูกนับอยู่",0.0
67,Q3,Hamtube เป็นแพลตฟอร์มดูวีดีโอออนไลน์แชร์และดูวิดีโอได้ hamtube และเขาต้องการทราบว่าการย้ายตำแหน่งของโฆษณาจะช่วยเพิ่มยอดขาย (ผู้ใช้คลิกโฆษณามากขึ้น) หรือไม่การทดสอบ A/B แฮมทาโร่เลือกที่จะใช้การกระจายแบบทวินามเพื่อแทนการกระจายของการทำ A/B ทดสอบในครั้งนี้เพราะเหตุใดเพราะเหตุใด,"การแจกแจงแบบทวินามเป็นการกระจายความน่าจะเป็นของการทดลองที่มีสองผลลัพธ์เท่านั้นการกระจายแบบทวินามในการประมาณความน่าจะเป็นของผลลัพธ์และมีการทดลองจำนวนมากพอที่จะใช้

เหตุผลที่การใช้การกระจายแบบทวินามเป็นทางเลือกที่ดีสามารถอยู่ที่ความเหมาะสมของโมเดลทางสถิตินี้กับการทดลองและข้อมูลที่มีอยู่เช่นและอาจมีความซับซ้อนเพิ่มขึ้นเมื่อมีการคำนวณหรือการวิเคราะห์ที่ซับซ้อนมากขึ้นและอาจมีความซับซ้อนเพิ่มขึ้นเมื่อมีการคำนวณหรือการวิเคราะห์ที่ซับซ้อนมากขึ้น

การตัดสินใจในการใช้การกระจายแบบทวินามควรพิจารณาจากลักษณะของข้อมูล",0.0
68,Q1,Hamtube เป็นแพลตฟอร์มดูวีดีโอออนไลน์แชร์และดูวิดีโอได้ hamtube และเขาต้องการทราบว่าการย้ายตำแหน่งของโฆษณาจะช่วยเพิ่มยอดขาย (ผู้ใช้คลิกโฆษณามากขึ้น) หรือไม่การทดสอบ A/B อธิบายเหตุผลที่แฮมทาโร่ควรใช้ A/B ทดสอบในการทดสอบพร้อมกับอธิบายเหตุผลพร้อมกับอธิบายเหตุผล,เห็นด้วยการทดสอบ A/B เหมาะกับการเปรียบเทียบผลลัพธ์ (ในที่นี้คือจำนวนครั้งที่ผู้ใช้คลิกโฆษณา) ของการกระทำ 2 อย่างอย่างซึ่งในที่นี้คืออย่างอย่างซึ่งในที่นี้คือ,1.0
69,Q3,Hamtube เป็นแพลตฟอร์มดูวีดีโอออนไลน์แชร์และดูวิดีโอได้ hamtube และเขาต้องการทราบว่าการย้ายตำแหน่งของโฆษณาจะช่วยเพิ่มยอดขาย (ผู้ใช้คลิกโฆษณามากขึ้น) หรือไม่การทดสอบ A/B แฮมทาโร่เลือกที่จะใช้การกระจายแบบทวินามเพื่อแทนการกระจายของการทำ A/B ทดสอบในครั้งนี้เพราะเหตุใดเพราะเหตุใด,ไม่เห็นด้วยเพราะว่าการคลิกไม่ได้มีความเป็นอิสระของแต่ละเหตุการณ์,1.0
70,Q1,Hamtube เป็นแพลตฟอร์มดูวีดีโอออนไลน์แชร์และดูวิดีโอได้ hamtube และเขาต้องการทราบว่าการย้ายตำแหน่งของโฆษณาจะช่วยเพิ่มยอดขาย (ผู้ใช้คลิกโฆษณามากขึ้น) หรือไม่การทดสอบ A/B อธิบายเหตุผลที่แฮมทาโร่ควรใช้ A/B ทดสอบในการทดสอบพร้อมกับอธิบายเหตุผลพร้อมกับอธิบายเหตุผล,ควรใช้ A/B ทดสอบในการทดสอบการย้ายตำแหน่งของโฆษณาใน hamtube เนื่องจาก A/B ทดสอบช่วยให้แฮมทาโร่สามารถดูผลกระทบของการย้ายตำแหน่งโฆษณาได้นอกจากนี้ยังช่วยให้แฮมทาโร่สามารถเลือกทางเลือกที่ดีที่สุดได้อีกด้วยนอกจากนี้ยังช่วยให้แฮมทาโร่สามารถเลือกทางเลือกที่ดีที่สุดได้อีกด้วย,1.5
71,Q3,Hamtube เป็นแพลตฟอร์มดูวีดีโอออนไลน์แชร์และดูวิดีโอได้ hamtube และเขาต้องการทราบว่าการย้ายตำแหน่งของโฆษณาจะช่วยเพิ่มยอดขาย (ผู้ใช้คลิกโฆษณามากขึ้น) หรือไม่การทดสอบ A/B แฮมทาโร่เลือกที่จะใช้การกระจายแบบทวินามเพื่อแทนการกระจายของการทำ A/B ทดสอบในครั้งนี้เพราะเหตุใดเพราะเหตุใด,"การใช้การแจกแจงทวินาม (การกระจายแบบทวินาม) ในการทำ A/B ทดสอบโดยแฮมทาโร่สามารถเป็นการเลือกที่เหมาะสม 
เพราะ 1. เป็นการบวกๆๆ Bernouli 2. การแจกแจงทวินามเหมาะสมสำหรับข้อมูลที่มีลักษณะเป็นสองผลลัพธ์เท่านั้น ""คลิก"" หรือ ""ไม่คลิก"" บนโฆษณา A/B ทดสอบของแฮมทาโร่มุ่งเน้นไปที่การวัดจำนวนคลิกโฆษณาการใช้การแจกแจงทวินามก็เหมาะสมการใช้การแจกแจงทวินามก็เหมาะสมการใช้การแจกแจงทวินามก็เหมาะสม",5.0
72,Q4,Hamtube เป็นแพลตฟอร์มดูวีดีโอออนไลน์แชร์และดูวิดีโอได้ hamtube และเขาต้องการทราบว่าการย้ายตำแหน่งของโฆษณาจะช่วยเพิ่มยอดขาย (ผู้ใช้คลิกโฆษณามากขึ้น) หรือไม่การทดสอบ A/B แฮมทาโร่จะต้องเลือกว่าอยากให้สัดส่วนของผู้ใช้ที่เห็นโฆษณาตำแหน่งเก่าผู้ใช้ที่เห็นโฆษณาตำแหน่งใหม่เป็นเท่าไร 50/50 กับ 80/20 จงอธิบายข้อดีข้อเสียของการเลือกสัดส่วนแต่ละแบบจงอธิบายข้อดีข้อเสียของการเลือกสัดส่วนแต่ละแบบและตอบว่าแบบใดที่น่าจะเหมาะสมกับปัญหานี้มากกว่า,การเลือกสัดส่วนของผู้ใช้ที่เห็นโฆษณาตำแหน่งเก่าและตำแหน่งใหม่มีผลต่อการทดลอง A/B ทดสอบข้อดีของการเลือกสัดส่วน 50/50 คือการทดสอบที่เป็นประโยชน์ทั้งสองฝ่ายโดยที่ไม่มีความล่าช้าในการเปลี่ยนแปลง 80/20 อาจช่วยในการสร้างการเปรียบเทียบระหว่างตัวแปรและการทดลองแบบใหม่ 80/20 คือการทดลองอาจใช้เวลานานขึ้นเพื่อให้มีข้อมูลที่มีนัยสำคัญมากพอสำหรับการวิเคราะห์และความแม่นยำ 50/50 เนื่องจากมีการทดสอบที่มีประโยชน์ทั้งสองฝ่ายและไม่มีความล่าช้าในการเปลี่ยนแปลง,3.0
73,Q1,Hamtube เป็นแพลตฟอร์มดูวีดีโอออนไลน์แชร์และดูวิดีโอได้ hamtube และเขาต้องการทราบว่าการย้ายตำแหน่งของโฆษณาจะช่วยเพิ่มยอดขาย (ผู้ใช้คลิกโฆษณามากขึ้น) หรือไม่การทดสอบ A/B อธิบายเหตุผลที่แฮมทาโร่ควรใช้ A/B ทดสอบในการทดสอบพร้อมกับอธิบายเหตุผลพร้อมกับอธิบายเหตุผล,การทดสอบ Hamtaro ควรใช้ A/B เพราะช่วยให้ Hamtaro รวบรวมข้อมูลการโต้ตอบของผู้ใช้กับตำแหน่งโฆษณาต่างๆ interactioin ของผู้ใช้ด้วย,1.5
74,Q4,Hamtube เป็นแพลตฟอร์มดูวีดีโอออนไลน์แชร์และดูวิดีโอได้ hamtube และเขาต้องการทราบว่าการย้ายตำแหน่งของโฆษณาจะช่วยเพิ่มยอดขาย (ผู้ใช้คลิกโฆษณามากขึ้น) หรือไม่การทดสอบ A/B แฮมทาโร่จะต้องเลือกว่าอยากให้สัดส่วนของผู้ใช้ที่เห็นโฆษณาตำแหน่งเก่าผู้ใช้ที่เห็นโฆษณาตำแหน่งใหม่เป็นเท่าไร 50/50 กับ 80/20 จงอธิบายข้อดีข้อเสียของการเลือกสัดส่วนแต่ละแบบและตอบว่าแบบใดที่น่าจะเหมาะสมกับปัญหานี้มากกว่าและตอบว่าแบบใดที่น่าจะเหมาะสมกับปัญหานี้มากกว่า,"ข้อดีของ 50/50 - ให้ข้อมูลที่สมดุลเท่าเทียมกันจากทั้งสองกลุ่มและทำให้สามารถเปรียบเทียบได้อย่างยุติธรรมลดความเสี่ยงจากความผิดพลาดของการสุ่ม
ข้อดีของ 80/20 - หากมีความกังวลเกี่ยวกับผลกระทบที่อาจเกิดขึ้นจากการทดลอง (80%) จะลดความเสี่ยงได้

คิดว่าควรใช้ 80/20 เนื่องจากหากเป็นทางเลือกที่กระทบต่อยอดผู้ใช้ที่คลิกน้อยกว่าจึงเป็นวิธีที่มีความเสี่ยงน้อยกว่า",3.0
75,Q3,Hamtube เป็นแพลตฟอร์มดูวีดีโอออนไลน์แชร์และดูวิดีโอได้ hamtube และเขาต้องการทราบว่าการย้ายตำแหน่งของโฆษณาจะช่วยเพิ่มยอดขาย (ผู้ใช้คลิกโฆษณามากขึ้น) หรือไม่การทดสอบ A/B แฮมทาโร่เลือกที่จะใช้การกระจายแบบทวินามเพื่อแทนการกระจายของการทำ A/B ทดสอบในครั้งนี้เพราะเหตุใดเพราะเหตุใด,"Hamtaro ควรพิจารณาใช้การกระจายแบบทวินามสำหรับการทดสอบ A/B
นี่คือเหตุผล
1. ผลลัพธ์ไบนารี: การกระจายแบบทวินามเหมาะสำหรับสถานการณ์ที่มีผลลัพธ์ที่เป็นไปได้เพียงสองอย่างสำหรับการทดลองแต่ละครั้งในกรณีนี้ไม่ว่าผู้ใช้จะคลิกโฆษณาหรือไม่ สิ่งนี้สอดคล้องกับลักษณะของการวัดอัตราการคลิกผ่าน (CTR) ในการทดสอบ A/B

2. การทดลองอิสระ: การทดลองในการทดสอบ A/B นั้นมักจะเป็นอิสระซึ่งหมายความว่าผลลัพธ์ของการโต้ตอบของผู้ใช้หนึ่งกับแพลตฟอร์มจะไม่ส่งผลกระทบต่อผลลัพธ์ของการโต้ตอบของผู้ใช้รายอื่น การกระจายแบบทวินามถือว่าเป็นอิสระระหว่างการทดลอง

3. จำนวนการทดลองคงที่: การทดสอบ A/B เกี่ยวข้องกับจำนวนการทดลองคงที่ (ผู้ใช้ที่สัมผัสกับเวอร์ชัน A หรือ B) และการกระจายแบบทวินามนั้นเหมาะสมสำหรับสถานการณ์ที่จำนวนการทดลองถูกกำหนดไว้ล่วงหน้า

4. ง่ายและเข้าใจได้ดี: การกระจายแบบทวินามเป็นการกระจายความน่าจะเป็นที่ง่ายและเข้าใจได้ดีทำให้ง่ายต่อการคำนวณความน่าจะเป็นและดำเนินการทดสอบทางสถิติ ความเรียบง่ายนี้เป็นประโยชน์สำหรับการใช้งานจริงในสถานการณ์การทดสอบ A/B",5.0
76,Q2,Hamtube เป็นแพลตฟอร์มดูวีดีโอออนไลน์แชร์และดูวิดีโอได้ hamtube และเขาต้องการทราบว่าการย้ายตำแหน่งของโฆษณาจะช่วยเพิ่มยอดขาย (ผู้ใช้คลิกโฆษณามากขึ้น) หรือไม่การทดสอบ A/B ความละเอียดควรเป็นอะไรระยะเวลาการระบุแหล่งที่มาควรเป็นเท่าไหร่จงอธิบายเหตุผล,"Ranularity ควรเป็นระดับที่เหมาะสมที่สามารถตรวจสอบผลลัพธ์ได้ในระยะเวลาที่ไม่สั้นเกินไม่ควรเลือกระดับที่มีขนาดเล็กเกินไปที่จนไม่สามารถเทียบความเปลี่ยนแปลงได้หรือเลือกแบบที่ใหญ่เกิดจดทำให้วิเคราะห์ยากหรือเลือกแบบที่ใหญ่เกิดจดทำให้วิเคราะห์ยาก

ระยะเวลาการระบุแหล่งที่มาควรเลือกในระยะเวลาที่เหมาะสมตามลักษณะของธุรกิจและรูปแบบการใช้งานของที่แฮมทาโร่ใช้สะท้อนผลลัพธ์ความเป็นจริงของ",0.0
77,Q3,Hamtube เป็นแพลตฟอร์มดูวีดีโอออนไลน์แชร์และดูวิดีโอได้ hamtube และเขาต้องการทราบว่าการย้ายตำแหน่งของโฆษณาจะช่วยเพิ่มยอดขาย (ผู้ใช้คลิกโฆษณามากขึ้น) หรือไม่การทดสอบ A/B แฮมทาโร่เลือกที่จะใช้การกระจายแบบทวินามเพื่อแทนการกระจายของการทำ A/B ทดสอบในครั้งนี้เพราะเหตุใดเพราะเหตุใด,เห็นด้วย 2 เหตุการณ์คือ binomial ที่ว่าทำที่ว่าทำ,5.0
78,Q2,Hamtube เป็นแพลตฟอร์มดูวีดีโอออนไลน์แชร์และดูวิดีโอได้ hamtube และเขาต้องการทราบว่าการย้ายตำแหน่งของโฆษณาจะช่วยเพิ่มยอดขาย (ผู้ใช้คลิกโฆษณามากขึ้น) หรือไม่การทดสอบ A/B ความละเอียดควรเป็นอะไรระยะเวลาการระบุแหล่งที่มาควรเป็นเท่าไหร่จงอธิบายเหตุผล,ควรเป็นฮิต/การแสดงผลระยะเวลาการระบุแหล่งที่มาควรเป็นการระบุแหล่งที่มาหนึ่งนาทีเพราะแฮมทาโร่ต้องการรู้ว่าโฆษณาถูกคลิกซึ่งโฆษณาเป็นสิ่งที่ถ้าถูกเห็นแล้วจะตัดสินใจได้ทันทีว่าจะคลิกหรือเมินเฉย granularity เป็นฮิต/การแสดงผลก็เหมาะสมกับการที่โฆษณาจะถูกเห็นเพราะคนที่เข้ามาเห็นแล้วชอบก็ควรจะคลิกตั้งแต่ครั้งแรกไม่ค่อยมีคนที่เห็นแล้วย้อนกลับมากดเท่าไหร่ก็เหมาะสมกับการที่โฆษณาจะถูกเห็นเพราะคนที่เข้ามาเห็นแล้วชอบก็ควรจะคลิกตั้งแต่ครั้งแรกก็เหมาะสมกับการที่โฆษณาจะถูกเห็นเพราะคนที่เข้ามาเห็นแล้วชอบก็ควรจะคลิกตั้งแต่ครั้งแรกไม่ค่อยมีคนที่เห็นแล้วย้อนกลับมากดเท่าไหร่,5.0
79,Q1,Hamtube เป็นแพลตฟอร์มดูวีดีโอออนไลน์แชร์และดูวิดีโอได้ hamtube และเขาต้องการทราบว่าการย้ายตำแหน่งของโฆษณาจะช่วยเพิ่มยอดขาย (ผู้ใช้คลิกโฆษณามากขึ้น) หรือไม่การทดสอบ A/B อธิบายเหตุผลที่แฮมทาโร่ควรใช้ A/B ทดสอบในการทดสอบพร้อมกับอธิบายเหตุผลพร้อมกับอธิบายเหตุผล,"การใช้ A/B ทดสอบสำหรับการทดสอบการย้ายตำแหน่งของโฆษณาบน hamtube ผมเห็นด้วย
เพราะมีเหตุผลที่สำคัญต่อการตัดสินใจทางการตลาด:

1. พฤติกรรมของผู้ใช้: ผู้ใช้ในแต่ละสถานการณ์อาจมีพฤติกรรมที่แตกต่างกันต่อโฆษณาการทดสอบ A/B จะช่วยให้เข้าใจถึงพฤติกรรมของผู้ใช้ในแต่ละสถานการณ์และการตอบสนองต่อโฆษณาอย่างละเอียด

2. การวางแผนการตลาดที่มีข้อมูลเชิงพื้นที่: การทำ A/B ทดสอบที่วางโฆษณาในสถานที่ต่างๆบนแพลตฟอร์มจะช่วยให้เห็นภาพที่ครอบคลุมเกี่ยวกับพื้นที่ที่มีผลต่อการตอบสนองของโฆษณา

3. การปรับแต่งตามผู้ใช้งาน: การทำ A/B ทดสอบช่วยให้เข้าใจถึงความชอบของผู้ใช้งานและว่าแต่ละกลุ่มมีความสนใจแตกต่างกันอย่างไรเพื่อปรับการตลาดให้เข้ากับกลุ่มเป้าหมายได้อย่างเต็มประสิทธิภาพ

การทำ A/B ทดสอบจึงเป็นวิธีที่ดีในการตรวจสอบและปรับการตลาดให้เหมาะสมกับผู้ใช้และสภาพแวดล้อมที่แตกต่างกันได้อย่างละเอียดการตรวจสอบด้วยวิธีนี้จะช่วยให้เฮมทาโร่ได้ข้อมูลที่ต้องการเพื่อตัดสินใจในการปรับแต่งแผนการตลาดของเขาอย่างมีความมั่นใจมากยิ่งขึ้น",2.5
80,Q1,Hamtube เป็นแพลตฟอร์มดูวีดีโอออนไลน์แชร์และดูวิดีโอได้ hamtube และเขาต้องการทราบว่าการย้ายตำแหน่งของโฆษณาจะช่วยเพิ่มยอดขาย (ผู้ใช้คลิกโฆษณามากขึ้น) หรือไม่การทดสอบ A/B อธิบายเหตุผลที่แฮมทาโร่ควรใช้ A/B ทดสอบในการทดสอบพร้อมกับอธิบายเหตุผลพร้อมกับอธิบายเหตุผล,กำหนดเมตริกที่เกี่ยวข้องได้ง่าย 2 สมมติฐานได้อย่างชัดเจน,0.0
81,Q2,Hamtube เป็นแพลตฟอร์มดูวีดีโอออนไลน์แชร์และดูวิดีโอได้ hamtube และเขาต้องการทราบว่าการย้ายตำแหน่งของโฆษณาจะช่วยเพิ่มยอดขาย (ผู้ใช้คลิกโฆษณามากขึ้น) หรือไม่การทดสอบ A/B ความละเอียดควรเป็นอะไรระยะเวลาการระบุแหล่งที่มาควรเป็นเท่าไหร่จงอธิบายเหตุผล,ความละเอียดควรเป็นระยะเวลาการระบุแหล่งที่มาควรจะประมาณ 1 วัน,0.0
82,Q2,Hamtube เป็นแพลตฟอร์มดูวีดีโอออนไลน์แชร์และดูวิดีโอได้ hamtube และเขาต้องการทราบว่าการย้ายตำแหน่งของโฆษณาจะช่วยเพิ่มยอดขาย (ผู้ใช้คลิกโฆษณามากขึ้น) หรือไม่การทดสอบ A/B ความละเอียดควรเป็นอะไรระยะเวลาการระบุแหล่งที่มาควรเป็นเท่าไหร่จงอธิบายเหตุผล,เป็นจำนวนครั้งการแสดงโฆษณาส่วนความยาวระยะเวลาการระบุแหล่งที่มาใช้เป็น 1 วันผู้ใช้คลิกโฆษณาภายใน 1 วันหรือไม่,0.0
83,Q1,Hamtube เป็นแพลตฟอร์มดูวีดีโอออนไลน์แชร์และดูวิดีโอได้ hamtube และเขาต้องการทราบว่าการย้ายตำแหน่งของโฆษณาจะช่วยเพิ่มยอดขาย (ผู้ใช้คลิกโฆษณามากขึ้น) หรือไม่การทดสอบ A/B อธิบายเหตุผลที่แฮมทาโร่ควรใช้ A/B ทดสอบในการทดสอบพร้อมกับอธิบายเหตุผลพร้อมกับอธิบายเหตุผล,เห็นด้วยกับการใช้ A/B การทดสอบในการทดสอบการควบคุมและการทดลองได้ง่าย UI ของผู้ใช้ที่เข้าใช้เว็บไซต์,1.0
84,Q2,Hamtube เป็นแพลตฟอร์มดูวีดีโอออนไลน์แชร์และดูวิดีโอได้ hamtube และเขาต้องการทราบว่าการย้ายตำแหน่งของโฆษณาจะช่วยเพิ่มยอดขาย (ผู้ใช้คลิกโฆษณามากขึ้น) หรือไม่การทดสอบ A/B ความละเอียดควรเป็นอะไรระยะเวลาการระบุแหล่งที่มาควรเป็นเท่าไหร่จงอธิบายเหตุผล,"ระดับผู้ใช้: การตั้งค่า granularity ที่ระดับผู้ใช้ (ระดับผู้ใช้) สามารถให้ข้อมูลที่ละเอียดมากเกี่ยวกับพฤติกรรมของแต่ละบุคคลทำให้ง่ายต่อการทำให้กลยุทธ์ตลาดเป็นไปตามความต้องการของกลุ่มเป้าหมาย

ระดับช่องทาง: การรวบรวมข้อมูลที่ระดับช่องทาง (ระดับช่องสัญญาณ) อาจช่วยให้ทราบถึงประสิทธิภาพของแต่ละช่องทางตลาดทำให้สามารถปรับกลยุทธ์การตลาดในแต่ละช่องทางได้

ระดับแคมเปญ: การตั้งค่าความละเอียดที่ระดับแคมเปญ (ระดับแคมเปญ) จะให้ภาพรวมของประสิทธิภาพของแคมเปญต่างและช่วยในการวิเคราะห์ผลลัพธ์ของกิจกรรมตลาดทั้งหมดและช่วยในการวิเคราะห์ผลลัพธ์ของกิจกรรมตลาดทั้งหมด
ระยะเวลาที่มาควรเป็นเท่าไหร่ขึ้นอยู่กับลักษณะธุรกิจและลักษณะการพฤติกรรมของลูกค้า ถ้าธุรกิจมีลูกค้าที่ต้องการเวลาในการตัดสินใจนานระยะเวลาที่มาควรเป็นระยะยาวเพื่อครอบคลุมกระบวนการนี้ ส่วนถ้าลูกค้ามีรูปแบบการพฤติกรรมที่รวดเร็วระยะเวลาที่มาสั้นก็อาจเพียงพอในการวิเคราะห์และปรับกลยุทธ์ตลาด การกำหนดระยะเวลานี้ควรสอดคล้องกับวัตถุประสงค์ของการตลาดและการทำธุรกิจ.",0.0
85,Q2,Hamtube เป็นแพลตฟอร์มดูวีดีโอออนไลน์แชร์และดูวิดีโอได้ hamtube และเขาต้องการทราบว่าการย้ายตำแหน่งของโฆษณาจะช่วยเพิ่มยอดขาย (ผู้ใช้คลิกโฆษณามากขึ้น) หรือไม่การทดสอบ A/B ความละเอียดควรเป็นอะไรระยะเวลาการระบุแหล่งที่มาควรเป็นเท่าไหร่จงอธิบายเหตุผล,ควรใช้แบบเซสชันโดยความยาวของระยะเวลาการระบุแหล่งที่มาควรจะเป็นประมาณ 15 นาที - 30 นาทีเซสชันนั้นเช่นถ้าคลิกในเซสชันนั้นให้นับ 1 ถ้าไม่ให้นับ 0 ที่ออกแบบโฆษณาแบบนี้น่าจะเป็นสิ่งที่ไม่แพงมากและผู้ใช้สามารถตัดสินใจได้ในระยะเวลาที่ไม่มากถ้าหากให้เวลามากกว่านั้นเป็นไปได้ว่าการที่ผู้ใช้กดเข้ามาอาจไม่ได้เป็นเพราะโฆษณาแต่อาจเกิดจากตัวแปรอื่นๆเช่นการซื้อตามเพื่อนเป็นต้นซื้อตามเพื่อนเป็นต้น,0.0
86,Q1,Hamtube เป็นแพลตฟอร์มดูวีดีโอออนไลน์แชร์และดูวิดีโอได้ hamtube และเขาต้องการทราบว่าการย้ายตำแหน่งของโฆษณาจะช่วยเพิ่มยอดขาย (ผู้ใช้คลิกโฆษณามากขึ้น) หรือไม่การทดสอบ A/B อธิบายเหตุผลที่แฮมทาโร่ควรใช้ A/B ทดสอบในการทดสอบพร้อมกับอธิบายเหตุผลพร้อมกับอธิบายเหตุผล,ใช้ A/B ทดสอบเพราะเป็นการทดสอบกับกลุ่มที่เห็นโฆษณาที่ตำแหน่งเดิมกับเห็นตำแหน่งโฆษณาที่ตำแหน่งใหม่และสามารถสรุปผลได้ว่าแบบใดสร้างยอดขายดีกว่ากัน,1.0
87,Q2,Hamtube เป็นแพลตฟอร์มดูวีดีโอออนไลน์แชร์และดูวิดีโอได้ hamtube และเขาต้องการทราบว่าการย้ายตำแหน่งของโฆษณาจะช่วยเพิ่มยอดขาย (ผู้ใช้คลิกโฆษณามากขึ้น) หรือไม่การทดสอบ A/B ความละเอียดควรเป็นอะไรระยะเวลาการระบุแหล่งที่มาควรเป็นเท่าไหร่จงอธิบายเหตุผล,"คลิกโฆษณาทั้งหมด, เข้าชมทั้งหมด 1 วัน",0.75
88,Q4,Hamtube เป็นแพลตฟอร์มดูวีดีโอออนไลน์แชร์และดูวิดีโอได้ hamtube และเขาต้องการทราบว่าการย้ายตำแหน่งของโฆษณาจะช่วยเพิ่มยอดขาย (ผู้ใช้คลิกโฆษณามากขึ้น) หรือไม่การทดสอบ A/B แฮมทาโร่จะต้องเลือกว่าอยากให้สัดส่วนของผู้ใช้ที่เห็นโฆษณาตำแหน่งเก่าผู้ใช้ที่เห็นโฆษณาตำแหน่งใหม่เป็นเท่าไร 50/50 กับ 80/20 จงอธิบายข้อดีข้อเสียของการเลือกสัดส่วนแต่ละแบบและตอบว่าแบบใดที่น่าจะเหมาะสมกับปัญหานี้มากกว่าและตอบว่าแบบใดที่น่าจะเหมาะสมกับปัญหานี้มากกว่า,"50/50
ข้อดี: แบ่งง่ายและชัดเจนขนาดตัวอย่างไม่นานทดสอบทำได้เร็ว
ข้อเสีย: ความเสี่ยงสูงความเสี่ยงสูง
80/20:
ข้อดี: ความเสี่ยงต่ำกว่าความเสี่ยงต่ำกว่า
ข้อเสีย: ขนาดตัวอย่างน้อยต้องใช้เวลาเก็บนานกว่ามาก

สมมติว่าว่า hamtube เป็นบริษัทที่ใหญ่ระดับนึง 80/20 ดีกว่า",5.0
89,Q2,Hamtube เป็นแพลตฟอร์มดูวีดีโอออนไลน์แชร์และดูวิดีโอได้ hamtube และเขาต้องการทราบว่าการย้ายตำแหน่งของโฆษณาจะช่วยเพิ่มยอดขาย (ผู้ใช้คลิกโฆษณามากขึ้น) หรือไม่การทดสอบ A/B ความละเอียดควรเป็นอะไรระยะเวลาการระบุแหล่งที่มาควรเป็นเท่าไหร่จงอธิบายเหตุผล,Granularity ควรเป็น #คลิก/ #คุกกี้วันแต่ละคุกกี้เป็นการทดลองใช้ bernoulli และระยะเวลาการระบุแหล่งที่มาควรเป็น 1 วันเพราะคนเราโดยส่วนใหญ่จะใช้เวลาดูคลิป 1 คลิป 1 วัน,4.0
90,Q1,Hamtube เป็นแพลตฟอร์มดูวีดีโอออนไลน์แชร์และดูวิดีโอได้ hamtube และเขาต้องการทราบว่าการย้ายตำแหน่งของโฆษณาจะช่วยเพิ่มยอดขาย (ผู้ใช้คลิกโฆษณามากขึ้น) หรือไม่การทดสอบ A/B อธิบายเหตุผลที่แฮมทาโร่ควรใช้ A/B ทดสอบในการทดสอบพร้อมกับอธิบายเหตุผลพร้อมกับอธิบายเหตุผล,การทดสอบ A/B A/B เพราะ A/B ทดสอบออกแบบมาให้ใช้กับปัญหาที่ต้องการเช็คแบบเก่า (a) กับแบบใหม่ (b) อยู่แล้วซึ่งในกรณีนี้คือการวางตำแหน่งของโฆษณาแบบใหม่มีผลหรือไม่ซึ่งในกรณีนี้คือการวางตำแหน่งของโฆษณาแบบใหม่มีผลหรือไม่,1.0
91,Q1,Hamtube เป็นแพลตฟอร์มดูวีดีโอออนไลน์แชร์และดูวิดีโอได้ hamtube และเขาต้องการทราบว่าการย้ายตำแหน่งของโฆษณาจะช่วยเพิ่มยอดขาย (ผู้ใช้คลิกโฆษณามากขึ้น) หรือไม่การทดสอบ A/B อธิบายเหตุผลที่แฮมทาโร่ควรใช้ A/B ทดสอบในการทดสอบพร้อมกับอธิบายเหตุผลพร้อมกับอธิบายเหตุผล,"ควรการทดสอบ A/B จะทำให้ได้
1. การตัดสินใจที่ขับเคลื่อนด้วยข้อมูลไม่ใช่การ ""เดา""
2. การลดความเสี่ยง, หากเปลี่ยนตำแหน่งโฆษณาทั้งหมดเลยอาจทำให้ผลประกอบการวางได้ a/b จะทำให้ได้ลองกับกลุ่มลูกค้าบางส่วนว่าเวิร์คหรือไม่

นอกจากนี้ยังจะได้พฤติกรรมผู้ใช้ว่าผู้ใช้มักจะกดปุ่มไหนโฆษณาได้อีกด้วยได้อีกด้วย",3.0
92,Q1,Hamtube เป็นแพลตฟอร์มดูวีดีโอออนไลน์แชร์และดูวิดีโอได้ hamtube และเขาต้องการทราบว่าการย้ายตำแหน่งของโฆษณาจะช่วยเพิ่มยอดขาย (ผู้ใช้คลิกโฆษณามากขึ้น) หรือไม่การทดสอบ A/B อธิบายเหตุผลที่แฮมทาโร่ควรใช้ A/B ทดสอบในการทดสอบพร้อมกับอธิบายเหตุผลพร้อมกับอธิบายเหตุผล,"การทดสอบ A/B คือการทดสอบสมมติฐานได้แค่ 2 อย่าง (โฆษณาตำแหน่งใหม่ไม่เพิ่มยอดขาย vs โฆษณาตำแหน่งใหม่เพิ่มยอดขาย)
ซึ่งเหมาสมแล้วกับโจทย์นี้",1.0
93,Q3,Hamtube เป็นแพลตฟอร์มดูวีดีโอออนไลน์แชร์และดูวิดีโอได้ hamtube และเขาต้องการทราบว่าการย้ายตำแหน่งของโฆษณาจะช่วยเพิ่มยอดขาย (ผู้ใช้คลิกโฆษณามากขึ้น) หรือไม่การทดสอบ A/B แฮมทาโร่เลือกที่จะใช้การกระจายแบบทวินามเพื่อแทนการกระจายของการทำ A/B ทดสอบในครั้งนี้เพราะเหตุใดเพราะเหตุใด,เห็นด้วยการกระจายแบบทวินามซึ่งเข้ากับซึ่งเข้ากับซึ่งเข้ากับซึ่งเข้ากับสำเร็จสำเร็จกับไม่สำเร็จกับไม่สำเร็จ,5.0
94,Q1,Hamtube เป็นแพลตฟอร์มดูวีดีโอออนไลน์แชร์และดูวิดีโอได้ hamtube และเขาต้องการทราบว่าการย้ายตำแหน่งของโฆษณาจะช่วยเพิ่มยอดขาย (ผู้ใช้คลิกโฆษณามากขึ้น) หรือไม่การทดสอบ A/B อธิบายเหตุผลที่แฮมทาโร่ควรใช้ A/B ทดสอบในการทดสอบพร้อมกับอธิบายเหตุผลพร้อมกับอธิบายเหตุผล,"เห็นด้วย 
1. เป็นการทดสอบของที่แตกต่างกัน 2 กลุ่ม 
2. ในการทดลองอาจจะมีสิ่งอื่นที่มีผลกับการทดลองของเราด้วยคือสิ่งที่เรียกว่าการสุ่มเข้ามาเกี่ยวด้วยเพราะการทดลองต้องมีปัจจัยอื่นที่เราควบคุมไม่ได้เข้ามาเกี่ยวข้องหลายอย่าง A/B ทดสอบก็เหมาะสมโดยการทำให้ทุกปัจจัยคงที่ผลลัพธ์ที่ออกมาก็จะขึ้นกับแค่ตำแหน่งของโฆษณาและการสุ่ม",1.5
95,Q1,Hamtube เป็นแพลตฟอร์มดูวีดีโอออนไลน์แชร์และดูวิดีโอได้ hamtube และเขาต้องการทราบว่าการย้ายตำแหน่งของโฆษณาจะช่วยเพิ่มยอดขาย (ผู้ใช้คลิกโฆษณามากขึ้น) หรือไม่การทดสอบ A/B อธิบายเหตุผลที่แฮมทาโร่ควรใช้ A/B ทดสอบในการทดสอบพร้อมกับอธิบายเหตุผลพร้อมกับอธิบายเหตุผล,การทดสอบ A/B คือเครื่องมือที่เหมาะสมในการทดสอบการย้ายตำแหน่งโฆษณาเพื่อวัดผลกระทบต่อการคลิกโฆษณาของผู้ใช้ การทดลองนี้ช่วยให้แฮมทาโร่สามารถเปรียบเทียบผลลัพธ์ระหว่างกลุ่มผู้ใช้ที่เห็นโฆษณาในตำแหน่งเก่า (กลุ่มควบคุม) และกลุ่มที่เห็นโฆษณาในตำแหน่งใหม่ (กลุ่มทดลอง) ข้อดีของวิธีนี้คือความสามารถในการประเมินผลกระทบของการเปลี่ยนแปลงที่เฉพาะเจาะจงโดยลดผลกระทบของปัจจัยภายนอก.,4.5
96,Q4,Hamtube เป็นแพลตฟอร์มดูวีดีโอออนไลน์แชร์และดูวิดีโอได้ hamtube และเขาต้องการทราบว่าการย้ายตำแหน่งของโฆษณาจะช่วยเพิ่มยอดขาย (ผู้ใช้คลิกโฆษณามากขึ้น) หรือไม่การทดสอบ A/B แฮมทาโร่จะต้องเลือกว่าอยากให้สัดส่วนของผู้ใช้ที่เห็นโฆษณาตำแหน่งเก่าผู้ใช้ที่เห็นโฆษณาตำแหน่งใหม่เป็นเท่าไร 50/50 กับ 80/20 จงอธิบายข้อดีข้อเสียของการเลือกสัดส่วนแต่ละแบบและตอบว่าแบบใดที่น่าจะเหมาะสมกับปัญหานี้มากกว่าและตอบว่าแบบใดที่น่าจะเหมาะสมกับปัญหานี้มากกว่า,"สัดส่วน 50/50
ข้อดี: การทดลองกล่าวถึงการทดสอบที่ทุกรายการมีโอกาสเท่ากันในการแสดงโฆษณาตำแหน่งใหม่หรือเก่าการทดลองกล่าวถึงการทดสอบที่ทุกรายการมีโอกาสเท่ากันในการแสดงโฆษณาตำแหน่งใหม่หรือเก่า
ข้อเสีย: ไม่สามารถทราบผลทันทีหากมีผลที่แตกต่างเพราะอาจจะมีผู้ใช้ที่มีพฤติกรรมแตกต่างกัน
สัดส่วน 80/20:
ข้อดี: การทดลองสามารถให้ผลลัพธ์ทันทีและทราบผลจากจำนวนมากขึ้นในส่วนของผู้ใช้ที่เห็นโฆษณาตำแหน่งใหม่ช่วยลดความไม่แน่นอนในการตัดสินใจ
ข้อเสีย: การทดลองอาจมีผลที่ผิดเพี้ยนหากมีการแสดงผลในส่วนของผู้ใช้ที่มีความนิยมหรือส่วนต่อรองในการเปลี่ยนแปลง
การเลือกสัดส่วนขึ้นอยู่กับวัตถุประสงค์ของการทดลอง 50/50 อาจเหมาะสม 80/20 อาจเป็นทางเลือกที่ดีเนื่องจากสามารถได้ข้อมูลจากกลุ่มที่เห็นผลและมีประสิทธิภาพมากยิ่งขึ้น",0.5
97,Q1,Hamtube เป็นแพลตฟอร์มดูวีดีโอออนไลน์แชร์และดูวิดีโอได้ hamtube และเขาต้องการทราบว่าการย้ายตำแหน่งของโฆษณาจะช่วยเพิ่มยอดขาย (ผู้ใช้คลิกโฆษณามากขึ้น) หรือไม่การทดสอบ A/B อธิบายเหตุผลที่แฮมทาโร่ควรใช้ A/B ทดสอบในการทดสอบพร้อมกับอธิบายเหตุผลพร้อมกับอธิบายเหตุผล,เห็นด้วยที่แฮมทาโร่ใช้ A/B ทดสอบเพราะ (ผู้ใช้คลิกโฆษณามากขึ้น) หรือไม่ A/B ทดสอบก็เป็นการทดสอบ 2 เวอร์ชันที่ต่างกัน,1.0
98,Q4,Hamtube เป็นแพลตฟอร์มดูวีดีโอออนไลน์แชร์และดูวิดีโอได้ hamtube และเขาต้องการทราบว่าการย้ายตำแหน่งของโฆษณาจะช่วยเพิ่มยอดขาย (ผู้ใช้คลิกโฆษณามากขึ้น) หรือไม่การทดสอบ A/B แฮมทาโร่จะต้องเลือกว่าอยากให้สัดส่วนของผู้ใช้ที่เห็นโฆษณาตำแหน่งเก่าผู้ใช้ที่เห็นโฆษณาตำแหน่งใหม่เป็นเท่าไร 50/50 กับ 80/20 จงอธิบายข้อดีข้อเสียของการเลือกสัดส่วนแต่ละแบบและตอบว่าแบบใดที่น่าจะเหมาะสมกับปัญหานี้มากกว่าและตอบว่าแบบใดที่น่าจะเหมาะสมกับปัญหานี้มากกว่า,การใช้สัดส่วนแบบ 50/50 จะสามารถเก็บข้อมูลได้มากกว่าผู้ใช้ส่วนใหญ่ไม่ชอบแบบนี้ 80/20 จะสามารถเก็บข้อมูลได้น้อยกว่าทำให้การทดลองใช้เวลานานกว่าผู้ใช้จำนวนน้อยกว่า 80/20 เพราะเป็นไปได้ว่ายอดขายที่เพิ่มขึ้นมาเป็นกลุ่มใหม่หรือว่าเป็นกลุ่มเดิมเนื่องจากเป็นไปได้ว่าที่กลุ่มใหม่จะเข้ามาใหม่เพราะกระแสเฉยๆซึ่งอาจไม่ได้มีส่วนเพิ่มยอดขายจริงๆยอดขายที่เพิ่มขึ้นมาเป็นกลุ่มใหม่หรือว่าเป็นกลุ่มเดิมเนื่องจากเป็นไปได้ว่าที่กลุ่มใหม่จะเข้ามาใหม่เพราะกระแสเฉยๆซึ่งอาจไม่ได้มีส่วนเพิ่มยอดขายจริงๆยอดขายที่เพิ่มขึ้นมาเป็นกลุ่มใหม่หรือว่าเป็นกลุ่มเดิมเนื่องจากเป็นไปได้ว่าที่กลุ่มใหม่จะเข้ามาใหม่เพราะกระแสเฉยๆซึ่งอาจไม่ได้มีส่วนเพิ่มยอดขายจริงๆ,5.0
99,Q1,Hamtube เป็นแพลตฟอร์มดูวีดีโอออนไลน์แชร์และดูวิดีโอได้ hamtube และเขาต้องการทราบว่าการย้ายตำแหน่งของโฆษณาจะช่วยเพิ่มยอดขาย (ผู้ใช้คลิกโฆษณามากขึ้น) หรือไม่การทดสอบ A/B อธิบายเหตุผลที่แฮมทาโร่ควรใช้ A/B ทดสอบในการทดสอบพร้อมกับอธิบายเหตุผลพร้อมกับอธิบายเหตุผล,ควรใช้ A/B ทดสอบเพราะเป็นการทดสอบที่ทดสอบกับผู้ชมสองกลุ่มที่เห็นตำแหน่งโฆษณาที่ต่างกันได้ประสิทธิภาพมากกว่ากันได้,1.0
100,Q2,Hamtube เป็นแพลตฟอร์มดูวีดีโอออนไลน์แชร์และดูวิดีโอได้ hamtube และเขาต้องการทราบว่าการย้ายตำแหน่งของโฆษณาจะช่วยเพิ่มยอดขาย (ผู้ใช้คลิกโฆษณามากขึ้น) หรือไม่การทดสอบ A/B ความละเอียดควรเป็นอะไรระยะเวลาการระบุแหล่งที่มาควรเป็นเท่าไหร่จงอธิบายเหตุผล,Granularity ควรทำ A/B การทดสอบที่ระดับผู้ใช้ระยะเวลาการระบุแหล่งที่มามีความยาวเพียงพอที่จะนับผลกระทบที่แท้จริงของการเปลี่ยนแปลงตำแหน่งโฆษณา 30 วัน,2.5
101,Q1,Hamtube เป็นแพลตฟอร์มดูวีดีโอออนไลน์แชร์และดูวิดีโอได้ hamtube และเขาต้องการทราบว่าการย้ายตำแหน่งของโฆษณาจะช่วยเพิ่มยอดขาย (ผู้ใช้คลิกโฆษณามากขึ้น) หรือไม่การทดสอบ A/B อธิบายเหตุผลที่แฮมทาโร่ควรใช้ A/B ทดสอบในการทดสอบพร้อมกับอธิบายเหตุผลพร้อมกับอธิบายเหตุผล,ควรใช้การทดสอบ A/B เพราะเป็นการเปรียบเทียบหน้าแอปสองรูปแบบที่มีตำเหน่งโฆษณาต่างกันเพื่อหาตำเหน่งที่ผู้ใช้คลิกโฆษณามากกว่าโดยการเก็บข้อมูลแล้วนำมาทำ A/B ทดสอบแล้วมาสรุปผลได้,1.0
102,Q1,Hamtube เป็นแพลตฟอร์มดูวีดีโอออนไลน์แชร์และดูวิดีโอได้ hamtube และเขาต้องการทราบว่าการย้ายตำแหน่งของโฆษณาจะช่วยเพิ่มยอดขาย (ผู้ใช้คลิกโฆษณามากขึ้น) หรือไม่การทดสอบ A/B อธิบายเหตุผลที่แฮมทาโร่ควรใช้ A/B ทดสอบในการทดสอบพร้อมกับอธิบายเหตุผลพร้อมกับอธิบายเหตุผล,"เหตุผลที่ Hamtaro ควรใช้ A/B ทดสอบคือ
1. ประหยัดเวลาและทรัพยากร: การทดสอบ A/B ใช้ต้นทุนและทรัพยากรน้อยจากการที่ไม่ต้องทำการทดลองกับผู้ใช้ทุกคน
2. ข้อมูลมีความน่าเชื่อถือ: การทดสอบ A/B ช่วยให้ข้อมูลที่ได้มีความน่าเชื่อถือโดยเปรียบเทียบระหว่างกลุ่มที่เปลี่ยนกับกลุ่มที่ไม่ได้เปลี่ยน",2.0
103,Q2,Hamtube เป็นแพลตฟอร์มดูวีดีโอออนไลน์แชร์และดูวิดีโอได้ hamtube และเขาต้องการทราบว่าการย้ายตำแหน่งของโฆษณาจะช่วยเพิ่มยอดขาย (ผู้ใช้คลิกโฆษณามากขึ้น) หรือไม่การทดสอบ A/B ความละเอียดควรเป็นอะไรระยะเวลาการระบุแหล่งที่มาควรเป็นเท่าไหร่จงอธิบายเหตุผล,"Granularity: ID ผู้ใช้เพราะว่าเฉพาะและอาจทำให้นับเกินได้อาจทำให้นับเกินได้อาจทำให้นับเกินได้
ระยะเวลาการระบุแหล่งที่มา: 1 วันผู้ใช้น่าจะเข้ามาดูวันละครั้งและการที่เห็นโฆษณามันเป็นช่วงเวลาสั้น ๆ ที่จะตัดสินใจกดก็ไม่ควรจะตั้งให้ก็ไม่ควรจะตั้งให้ก็ไม่ควรจะตั้งให้ก็ไม่ควรจะตั้งให้ก็ไม่ควรจะตั้งให้ก็ไม่ควรจะตั้งให้ก็ไม่ควรจะตั้งให้ก็ไม่ควรจะตั้งให้ก็ไม่ควรจะตั้งให้",2.5
104,Q4,Hamtube เป็นแพลตฟอร์มดูวีดีโอออนไลน์แชร์และดูวิดีโอได้ hamtube และเขาต้องการทราบว่าการย้ายตำแหน่งของโฆษณาจะช่วยเพิ่มยอดขาย (ผู้ใช้คลิกโฆษณามากขึ้น) หรือไม่การทดสอบ A/B แฮมทาโร่จะต้องเลือกว่าอยากให้สัดส่วนของผู้ใช้ที่เห็นโฆษณาตำแหน่งเก่าผู้ใช้ที่เห็นโฆษณาตำแหน่งใหม่เป็นเท่าไร 50/50 กับ 80/20 จงอธิบายข้อดีข้อเสียของการเลือกสัดส่วนแต่ละแบบและตอบว่าแบบใดที่น่าจะเหมาะสมกับปัญหานี้มากกว่าและตอบว่าแบบใดที่น่าจะเหมาะสมกับปัญหานี้มากกว่า,สัดส่วน 50/50 จะให้ข้อมูลที่สมดุลและการเปรียบเทียบที่ยุติธรรมระหว่างสองกลุ่ม 80/20 จะมีประโยชน์ในกรณีที่ต้องการลดผลกระทบต่อประสบการณ์ผู้ใช้ส่วนใหญ่แต่อาจทำให้ข้อมูลที่ได้มีความเสี่ยงต่อความผิดพลาดทางสถิติสูงขึ้นเนื่องจากขนาดตัวอย่างที่น้อยกว่า,3.0
105,Q3,Hamtube เป็นแพลตฟอร์มดูวีดีโอออนไลน์แชร์และดูวิดีโอได้ hamtube และเขาต้องการทราบว่าการย้ายตำแหน่งของโฆษณาจะช่วยเพิ่มยอดขาย (ผู้ใช้คลิกโฆษณามากขึ้น) หรือไม่การทดสอบ A/B แฮมทาโร่เลือกที่จะใช้การกระจายแบบทวินามเพื่อแทนการกระจายของการทำ A/B ทดสอบในครั้งนี้เพราะเหตุใดเพราะเหตุใด,การเลือกใช้การกระจายแบบทวินามนั้นเหมาะสมที่จะใช้แทนการกระจายของการทำ a / b การทดสอบนี้เนื่องจากเป็นการวัดโอกาสการเกิดที่บอกเพียงแค่ / ไม่คลิกโฆษณาการกระจาย Bernoulli แต่เมื่อนับผู้ใช้งานทั้งหมดใน Hamtube การนำ Bernoulli ทั้งหมดมารวมกันจะเป็นการกระจายแบบทวินามที่ทุกผู้ใช้งานอิสระกันอิสระกัน,5.0
106,Q2,Hamtube เป็นแพลตฟอร์มดูวีดีโอออนไลน์แชร์และดูวิดีโอได้ hamtube และเขาต้องการทราบว่าการย้ายตำแหน่งของโฆษณาจะช่วยเพิ่มยอดขาย (ผู้ใช้คลิกโฆษณามากขึ้น) หรือไม่การทดสอบ A/B ความละเอียดควรเป็นอะไรระยะเวลาการระบุแหล่งที่มาควรเป็นเท่าไหร่จงอธิบายเหตุผล,"สมมติฐาน: มีคนคลิกโฆษณา = ได้เงิน
Granularity: ใช้แค่ hit ก็เพียงพอคลิกสนใจแค่ว่าคลิกมากน้อยแค่ไหน
ระยะเวลาที่มา: 1 วันเพราะการคลิกโฆษณาง่ายมาก",0.0
107,Q1,Hamtube เป็นแพลตฟอร์มดูวีดีโอออนไลน์แชร์และดูวิดีโอได้ hamtube และเขาต้องการทราบว่าการย้ายตำแหน่งของโฆษณาจะช่วยเพิ่มยอดขาย (ผู้ใช้คลิกโฆษณามากขึ้น) หรือไม่การทดสอบ A/B อธิบายเหตุผลที่แฮมทาโร่ควรใช้ A/B ทดสอบในการทดสอบพร้อมกับอธิบายเหตุผลพร้อมกับอธิบายเหตุผล,"การทดลอง A/B ทดสอบเป็นวิธีที่เหมาะสมสำหรับแฮมทาโร่ในการทดสอบการย้ายตำแหน่งของโฆษณาบน hamtube ด้วยเหตุผลหลักๆ:

1. การตัดสินใจที่มีหลักฐาน: การทดสอบ A/B ช่วยให้แฮมทาโร่สามารถทำการตัดสินใจที่มีข้อมูลสนับสนุน (กลุ่ม A) และกลุ่มที่เห็นโฆษณาในตำแหน่งใหม่ (กลุ่ม b) ช่วยให้เขาทราบได้ว่าการเปลี่ยนแปลงมีผลต่อการคลิกโฆษณาอย่างไร

2. การควบคุมปัจจัยรบกวน: การทดสอบ A/B ให้ความสามารถในการควบคุมปัจจัยรบกวนและตัวแปรอื่นๆ, แฮมทาโร่สามารถมั่นใจได้ว่าผลลัพธ์ที่ได้เป็นผลมาจากการเปลี่ยนแปลงตำแหน่งโฆษณาเท่านั้น, แฮมทาโร่สามารถมั่นใจได้ว่าผลลัพธ์ที่ได้เป็นผลมาจากการเปลี่ยนแปลงตำแหน่งโฆษณาเท่านั้น

3. การวัดผลอย่างแม่นยำ: การทดลอง A/B ทดสอบช่วยให้แฮมทาโร่สามารถวัดผลกระทบของการเปลี่ยนแปลงได้อย่างชัดเจนและแม่นยำ เขาสามารถตรวจสอบว่ายอดคลิกโฆษณาเพิ่มขึ้นหรือไม่

4. การลดความเสี่ยง: การทดลองในขนาดเล็กก่อนการปรับเปลี่ยนอย่างกว้างขวางช่วยลดความเสี่ยงของการตัดสินใจที่อาจส่งผลกระทบทางลบต่อประสบการณ์ผู้ใช้หรือผลกำไร

5. ความสามารถในการปรับปรุงต่อเนื่อง: ผลลัพธ์จากการทดลอง A/B ทดสอบสามารถนำมาใช้เพื่อพัฒนาและปรับปรุงแพลตฟอร์มได้อย่างต่อเนื่องแฮมทาโร่สามารถทดลองกับแนวทางใหม่ๆได้",5.0
108,Q1,Hamtube เป็นแพลตฟอร์มดูวีดีโอออนไลน์แชร์และดูวิดีโอได้ hamtube และเขาต้องการทราบว่าการย้ายตำแหน่งของโฆษณาจะช่วยเพิ่มยอดขาย (ผู้ใช้คลิกโฆษณามากขึ้น) หรือไม่การทดสอบ A/B อธิบายเหตุผลที่แฮมทาโร่ควรใช้ A/B ทดสอบในการทดสอบพร้อมกับอธิบายเหตุผลพร้อมกับอธิบายเหตุผล,"- สามารถวัดผลของการย้ายตำแหน่งโฆษณาได้โดยตรง
- สามารถบอกได้ว่าการย้ายตำแหน่งโฆษณามีผลต่อยอดขายไหม",1.0
109,Q3,Hamtube เป็นแพลตฟอร์มดูวีดีโอออนไลน์แชร์และดูวิดีโอได้ hamtube และเขาต้องการทราบว่าการย้ายตำแหน่งของโฆษณาจะช่วยเพิ่มยอดขาย (ผู้ใช้คลิกโฆษณามากขึ้น) หรือไม่การทดสอบ A/B แฮมทาโร่เลือกที่จะใช้การกระจายแบบทวินามเพื่อแทนการกระจายของการทำ A/B ทดสอบในครั้งนี้เพราะเหตุใดเพราะเหตุใด,เห็นด้วยที่ใช้ Bernoulli เพราะเรามี 2 รูปแบบเหตุการณ์ที่เกิดขึ้นได้กดกับไม่กดโฆษณา,5.0
110,Q1,Hamtube เป็นแพลตฟอร์มดูวีดีโอออนไลน์แชร์และดูวิดีโอได้ hamtube และเขาต้องการทราบว่าการย้ายตำแหน่งของโฆษณาจะช่วยเพิ่มยอดขาย (ผู้ใช้คลิกโฆษณามากขึ้น) หรือไม่การทดสอบ A/B อธิบายเหตุผลที่แฮมทาโร่ควรใช้ A/B ทดสอบในการทดสอบพร้อมกับอธิบายเหตุผลพร้อมกับอธิบายเหตุผล,ใช้ A/B การทดสอบในการทดสอบ met เรามีเรามีเรามี (ตำแหน่งของโฆษณาเดิม) กับของใหม่ (ตำแหน่งของโฆษณาใหม่),1.0
111,Q3,Hamtube เป็นแพลตฟอร์มดูวีดีโอออนไลน์แชร์และดูวิดีโอได้ hamtube และเขาต้องการทราบว่าการย้ายตำแหน่งของโฆษณาจะช่วยเพิ่มยอดขาย (ผู้ใช้คลิกโฆษณามากขึ้น) หรือไม่การทดสอบ A/B แฮมทาโร่เลือกที่จะใช้การกระจายแบบทวินามเพื่อแทนการกระจายของการทำ A/B ทดสอบในครั้งนี้เพราะเหตุใดเพราะเหตุใด,เหมาะสมการกระจายแบบทวินามเหมาะสำหรับการทดลองที่มีสองผลลัพธ์เท่านั้น (ความสำเร็จหรือความล้มเหลว) และการทดลอง A/B การทดสอบในครั้งนี้มีสองผลลัพธ์คือหรือไม่คลิกโฆษณาซึ่งเข้ากับลักษณะของการแจกแจงแบบทวินาม,5.0
112,Q1,Hamtube เป็นแพลตฟอร์มดูวีดีโอออนไลน์แชร์และดูวิดีโอได้ hamtube และเขาต้องการทราบว่าการย้ายตำแหน่งของโฆษณาจะช่วยเพิ่มยอดขาย (ผู้ใช้คลิกโฆษณามากขึ้น) หรือไม่การทดสอบ A/B อธิบายเหตุผลที่แฮมทาโร่ควรใช้ A/B ทดสอบในการทดสอบพร้อมกับอธิบายเหตุผลพร้อมกับอธิบายเหตุผล,การทดสอบ A/B ช่วยให้แฮมทาโร่สามารถทดสอบการเปลี่ยนแปลงต่าง ๆ โดยเปรียบเทียบกับกลุ่มควบคุมที่ไม่ได้รับการเปลี่ยนแปลงซึ่งทำให้สามารถพิจารณาได้ว่าการย้ายตำแหน่งโฆษณาจะมีผลกระทบต่อยอดขายหรือไม่และยังช่วยให้เขาได้รับข้อมูลที่มีน้ำหนักทางสถิติเพื่อตัดสินใจในการปรับแต่งแผนการตลาดได้อย่างมีประสิทธิภาพ,4.5
113,Q4,Hamtube เป็นแพลตฟอร์มดูวีดีโอออนไลน์แชร์และดูวิดีโอได้ hamtube และเขาต้องการทราบว่าการย้ายตำแหน่งของโฆษณาจะช่วยเพิ่มยอดขาย (ผู้ใช้คลิกโฆษณามากขึ้น) หรือไม่การทดสอบ A/B แฮมทาโร่จะต้องเลือกว่าอยากให้สัดส่วนของผู้ใช้ที่เห็นโฆษณาตำแหน่งเก่าผู้ใช้ที่เห็นโฆษณาตำแหน่งใหม่เป็นเท่าไร 50/50 กับ 80/20 จงอธิบายข้อดีข้อเสียของการเลือกสัดส่วนแต่ละแบบและตอบว่าแบบใดที่น่าจะเหมาะสมกับปัญหานี้มากกว่าและตอบว่าแบบใดที่น่าจะเหมาะสมกับปัญหานี้มากกว่า,"ข้อดีของการใช้สัดส่วน 50/50 คือสามารถได้ผลไวกว่าคือสามารถได้ผลไวกว่า
ข้อดีของการใช้สัดส่วน 80/20 คือมีความเสี่ยงที่ผู้ใช้จะไม่ชอบน้อยกว่าแต่แลกมาด้วยการใช้เวลาเก็บข้อมูลที่นานกว่า
ส่วนตัวคิดว่าใช้แบบ 50/50 จะดีกว่าเพราะว่าการย้ายที่โฆษณาไม่ได้มีผลกับผู้ใช้มากจะดีกว่าเพราะว่าการย้ายที่โฆษณาไม่ได้มีผลกับผู้ใช้มาก",5.0
114,Q3,Hamtube เป็นแพลตฟอร์มดูวีดีโอออนไลน์แชร์และดูวิดีโอได้ hamtube และเขาต้องการทราบว่าการย้ายตำแหน่งของโฆษณาจะช่วยเพิ่มยอดขาย (ผู้ใช้คลิกโฆษณามากขึ้น) หรือไม่การทดสอบ A/B แฮมทาโร่เลือกที่จะใช้การกระจายแบบทวินามเพื่อแทนการกระจายของการทำ A/B ทดสอบในครั้งนี้เพราะเหตุใดเพราะเหตุใด,"เห็นด้วย ""ผู้ใช้คลิกโฆษณาหรือไม่"" ซึ่งมีค่าเป็นไบนารี",5.0
115,Q4,Hamtube เป็นแพลตฟอร์มดูวีดีโอออนไลน์แชร์และดูวิดีโอได้ hamtube และเขาต้องการทราบว่าการย้ายตำแหน่งของโฆษณาจะช่วยเพิ่มยอดขาย (ผู้ใช้คลิกโฆษณามากขึ้น) หรือไม่การทดสอบ A/B แฮมทาโร่จะต้องเลือกว่าอยากให้สัดส่วนของผู้ใช้ที่เห็นโฆษณาตำแหน่งเก่าผู้ใช้ที่เห็นโฆษณาตำแหน่งใหม่เป็นเท่าไร 50/50 กับ 80/20 จงอธิบายข้อดีข้อเสียของการเลือกสัดส่วนแต่ละแบบจงอธิบายข้อดีข้อเสียของการเลือกสัดส่วนแต่ละแบบและตอบว่าแบบใดที่น่าจะเหมาะสมกับปัญหานี้มากกว่า,"50/50
ข้อดี: ขนาดตัวอย่างของกลุ่มทั้งสองกลุ่มเท่ากันทำให้เปรียบเทียบได้ง่ายชัดเจนและน่าเชื่อถือมากขึ้น
ข้อเสีย: ถ้าการเปลี่ยนแปลงนี้ได้ผลกระทบเชิงลบ 50% ใช้แบบที่ไม่ดีระหว่างทดลอง

80/20
ข้อดี: ลดความเสี่ยงที่ตำแหน่งโฆษณาใหม่อาจส่งผลเสียต่อผู้ใช้ 20% ของลูกค้า
ข้อเสีย: ข้อมูลที่ได้จะน้อยกว่าข้อมูลที่ได้จะน้อยกว่า

ปัญหานี้ควรใช้แบบ 50/50 เพราะจะได้ได้ข้อมูลที่มีความเชื่อถือทางสถิติมากกว่าระยะเวลาการระบุแหล่งที่มาของการทดลองนี้ใช้แค่ 7 วันผลกระทบน้อยมากที่เราจะได้มาเพิ่มที่เราจะได้มาเพิ่มที่เราจะได้มาเพิ่ม",3.0
116,Q4,Hamtube เป็นแพลตฟอร์มดูวีดีโอออนไลน์แชร์และดูวิดีโอได้ hamtube และเขาต้องการทราบว่าการย้ายตำแหน่งของโฆษณาจะช่วยเพิ่มยอดขาย (ผู้ใช้คลิกโฆษณามากขึ้น) หรือไม่การทดสอบ A/B แฮมทาโร่จะต้องเลือกว่าอยากให้สัดส่วนของผู้ใช้ที่เห็นโฆษณาตำแหน่งเก่าผู้ใช้ที่เห็นโฆษณาตำแหน่งใหม่เป็นเท่าไร 50/50 กับ 80/20 จงอธิบายข้อดีข้อเสียของการเลือกสัดส่วนแต่ละแบบและตอบว่าแบบใดที่น่าจะเหมาะสมกับปัญหานี้มากกว่าและตอบว่าแบบใดที่น่าจะเหมาะสมกับปัญหานี้มากกว่า,"50/50
ข้อดี: การทำทดลองให้ได้ครบ n คนที่ตั้งไว้เร็วกว่ามาก
ข้อเสีย: ถ้าทดลองของตำแหน่งโฆษณาที่ทำมาใหม่มีปัญหาเกิดขึ้นความเสียหายที่เกิดขึ้นจะเยอะมาก
80/20
ข้อดี: ถ้าทดลองของตำแหน่งโฆษณาที่ทำมาใหม่มีปัญหาเกิดขึ้น 50/50 มาก
ข้อเสีย: แต่ยังคงมีความเสี่ยงแต่ยังคงมีความเสี่ยง
การเลือกวิธีการที่หมาะสมมากกว่าควรขึ้นอยู่กับว่า hamtube เป็นบริษัทใหญ่ขนาดไหน
ถ้าเป็นเริ่มต้นเล็กๆควรใช้ 50/50 เลยจะได้ตอบโจทย์การเพิ่มยอดขายได้รวดเร็ว
ถ้าเป็นบริษัทใหญ่ 80/20 ซึ่งจริงๆควรน้อยกว่านี้ด้วยซ้ำเนื่องจากเป็นแค่การย้ายโฆษณาการทดสอบ A/B แบบค่อยเป็นค่อยไปเพื่อไม่ให้ขาดทุนอย่างมหาศาล",5.0
117,Q2,Hamtube เป็นแพลตฟอร์มดูวีดีโอออนไลน์แชร์และดูวิดีโอได้ hamtube และเขาต้องการทราบว่าการย้ายตำแหน่งของโฆษณาจะช่วยเพิ่มยอดขาย (ผู้ใช้คลิกโฆษณามากขึ้น) หรือไม่การทดสอบ A/B ความละเอียดควรเป็นอะไรระยะเวลาการระบุแหล่งที่มาควรเป็นเท่าไหร่จงอธิบายเหตุผล,"Granularity: # โฆษณาคลิก/ # การดูทั้งหมดทำให้รับรู้ว่ามีคนคลิกโฆษณานั้นมากแค่ไหน
ระยะเวลาแอตทริบิวต์: 1 วันเพราะ hamtube เพราะเว็บที่ผู้คนเข้ามาชมบ่อยจึงไม่ควรมีระยะเวลานานเกินไป",3.0
118,Q4,Hamtube เป็นแพลตฟอร์มดูวีดีโอออนไลน์แชร์และดูวิดีโอได้ hamtube และเขาต้องการทราบว่าการย้ายตำแหน่งของโฆษณาจะช่วยเพิ่มยอดขาย (ผู้ใช้คลิกโฆษณามากขึ้น) หรือไม่การทดสอบ A/B แฮมทาโร่จะต้องเลือกว่าอยากให้สัดส่วนของผู้ใช้ที่เห็นโฆษณาตำแหน่งเก่าผู้ใช้ที่เห็นโฆษณาตำแหน่งใหม่เป็นเท่าไร 50/50 กับ 80/20 จงอธิบายข้อดีข้อเสียของการเลือกสัดส่วนแต่ละแบบและตอบว่าแบบใดที่น่าจะเหมาะสมกับปัญหานี้มากกว่าและตอบว่าแบบใดที่น่าจะเหมาะสมกับปัญหานี้มากกว่า,"แบบ 50/50
ข้อดี: การทดลองเท่าเทียมการทดลองเท่าเทียม
ข้อเสีย: ไม่สามารถดูผลกระทบที่เกิดจากการมีตำแหน่งใหม่ได้

แบบ 80/20
ข้อดี: ได้ค่อยๆทดสอบพฤติกรรมของผู้ใช้ในการเปลี่ยนตำแหน่งได้ค่อยๆทดสอบพฤติกรรมของผู้ใช้ในการเปลี่ยนตำแหน่ง
ข้อเสีย: เป็นสัดส่วนที่ไม่เท่าเทียมเป็นสัดส่วนที่ไม่เท่าเทียม

คิดว่าแบบ 80/20 ดีกว่าการทดสอบได้การทดสอบในอนาคตในอนาคต",2.0
119,Q4,Hamtube เป็นแพลตฟอร์มดูวีดีโอออนไลน์แชร์และดูวิดีโอได้ hamtube และเขาต้องการทราบว่าการย้ายตำแหน่งของโฆษณาจะช่วยเพิ่มยอดขาย (ผู้ใช้คลิกโฆษณามากขึ้น) หรือไม่การทดสอบ A/B แฮมทาโร่จะต้องเลือกว่าอยากให้สัดส่วนของผู้ใช้ที่เห็นโฆษณาตำแหน่งเก่าผู้ใช้ที่เห็นโฆษณาตำแหน่งใหม่เป็นเท่าไร 50/50 กับ 80/20 จงอธิบายข้อดีข้อเสียของการเลือกสัดส่วนแต่ละแบบและตอบว่าแบบใดที่น่าจะเหมาะสมกับปัญหานี้มากกว่าและตอบว่าแบบใดที่น่าจะเหมาะสมกับปัญหานี้มากกว่า,"50/50: ใช้เวลาเก็บข้อมูลน้อยกว่าใช้เวลาเก็บข้อมูลน้อยกว่า
80/20: ใช้เวลาเก็บข้อมูลมากกว่าใช้เวลาเก็บข้อมูลมากกว่า
ตอบ: 50/50 เนื่องจากความเสี่ยงจากการวางโฆษณาตำแหน่งใหม่ไม่ค่อยมีความสำคัญ hamtube เข้าใช้งานแพลตฟอร์มเพื่อดูวีดีโอออนไลน์เป็นจุดประสงค์หลักไม่ใช่เข้ามาดูโฆษณาจึงสามารถรับความเสี่ยงจากตำแหน่งโฆษณาได้มาก",5.0
120,Q1,Hamtube เป็นแพลตฟอร์มดูวีดีโอออนไลน์แชร์และดูวิดีโอได้ hamtube และเขาต้องการทราบว่าการย้ายตำแหน่งของโฆษณาจะช่วยเพิ่มยอดขาย (ผู้ใช้คลิกโฆษณามากขึ้น) หรือไม่การทดสอบ A/B อธิบายเหตุผลที่แฮมทาโร่ควรใช้ A/B ทดสอบในการทดสอบพร้อมกับอธิบายเหตุผลพร้อมกับอธิบายเหตุผล,"เห็นด้วย
- ข้อมูลเชิงลึกที่ขับเคลื่อนด้วยข้อมูลคือมีข้อมูลมาสนับสนุนการตัดสินใจจริงไม่ใช่แค่ความรู้สึกไม่ใช่แค่ความรู้สึกไม่ใช่แค่ความรู้สึก
- การทดสอบ A/B เป็นการเปรียบเทียบตัวแปรตัวนึงที่มี 2 เวอร์ชั่น (หรืออาจมากกว่า) โดยมีตัวแปรควบคุมอย่างอื่นเหมือนกันซึ่งตรงกับสถานการณ์นี้


ทั้งนี้ต้องทำให้กลุ่มตัวอย่างของทั้งสองเวอร์ชั่นเหมือนๆกัน",1.0
121,Q1,Hamtube เป็นแพลตฟอร์มดูวีดีโอออนไลน์แชร์และดูวิดีโอได้ hamtube และเขาต้องการทราบว่าการย้ายตำแหน่งของโฆษณาจะช่วยเพิ่มยอดขาย (ผู้ใช้คลิกโฆษณามากขึ้น) หรือไม่การทดสอบ A/B อธิบายเหตุผลที่แฮมทาโร่ควรใช้ A/B ทดสอบในการทดสอบพร้อมกับอธิบายเหตุผลพร้อมกับอธิบายเหตุผล,การทดสอบ A/B A/B ทำให้สามารถลดความเสี่ยงและสามารถวัดผลทางธุรกิจได้เมื่อเทียงผลลัพธ์ระหว่าง A กับ B,2.0
122,Q2,Hamtube เป็นแพลตฟอร์มดูวีดีโอออนไลน์แชร์และดูวิดีโอได้ hamtube และเขาต้องการทราบว่าการย้ายตำแหน่งของโฆษณาจะช่วยเพิ่มยอดขาย (ผู้ใช้คลิกโฆษณามากขึ้น) หรือไม่การทดสอบ A/B ความละเอียดควรเป็นอะไรระยะเวลาการระบุแหล่งที่มาควรเป็นเท่าไหร่จงอธิบายเหตุผล,"- ระดับความละเอียดควรเป็นระดับเซสชันที่ดูว่าการย้ายตำแหน่งโฆษณาทำให้ผู้ใช้แต่ละเซสชันกดหรือไม่
- ระยะเวลาการอ้างถึงควรเป็น 1-3 เดือนเพื่อดูว่าในระยะยาวแล้วการย้ายตำแหน่งโฆษณาทำให้ผู้ใช้คลิกได้จริงหรือไม่",0.0
123,Q1,Hamtube เป็นแพลตฟอร์มดูวีดีโอออนไลน์แชร์และดูวิดีโอได้ hamtube และเขาต้องการทราบว่าการย้ายตำแหน่งของโฆษณาจะช่วยเพิ่มยอดขาย (ผู้ใช้คลิกโฆษณามากขึ้น) หรือไม่การทดสอบ A/B อธิบายเหตุผลที่แฮมทาโร่ควรใช้ A/B ทดสอบในการทดสอบพร้อมกับอธิบายเหตุผลพร้อมกับอธิบายเหตุผล,การทดสอบ A/B เพราะเนื่องจากว่ามีปัจจัยด้านอื่นๆที่กระทบต่อยอดขายความฮิตสังคมในตอนนั้น,0.5
124,Q1,Hamtube เป็นแพลตฟอร์มดูวีดีโอออนไลน์แชร์และดูวิดีโอได้ hamtube และเขาต้องการทราบว่าการย้ายตำแหน่งของโฆษณาจะช่วยเพิ่มยอดขาย (ผู้ใช้คลิกโฆษณามากขึ้น) หรือไม่การทดสอบ A/B อธิบายเหตุผลที่แฮมทาโร่ควรใช้ A/B ทดสอบในการทดสอบพร้อมกับอธิบายเหตุผลพร้อมกับอธิบายเหตุผล,"1. การตัดสินใจที่ขับเคลื่อนด้วยข้อมูล: การทดสอบ A/B ให้ข้อมูลที่เป็นรูปธรรมเกี่ยวกับพฤติกรรมของผู้ใช้และการตั้งค่า ช่วยให้ Hamtaro ทำการตัดสินใจตามหลักฐานมากกว่าสมมติฐาน

2. การระบุสาเหตุ: การทดสอบ A/B ช่วยสร้างความสัมพันธ์เชิงสาเหตุระหว่างการเปลี่ยนแปลงที่เกิดขึ้น (การย้ายโฆษณา) และผลลัพธ์ที่สังเกตได้ (อัตราการคลิกผ่านรายได้) นี่เป็นสิ่งสำคัญสำหรับการทำความเข้าใจผลกระทบที่แท้จริงของการเปลี่ยนแปลง

3. การเพิ่มประสิทธิภาพประสบการณ์ผู้ใช้: โดยการทดสอบตำแหน่งโฆษณาที่แตกต่างกัน Hamtaro สามารถระบุตำแหน่งที่ช่วยเพิ่มประสบการณ์ผู้ใช้และส่งเสริมการมีส่วนร่วมที่สูงขึ้น นี่เป็นสิ่งสำคัญสำหรับความพึงพอใจของผู้ใช้ในระยะยาว

4. การเพิ่มรายได้สูงสุด: ในที่สุดเป้าหมายคือการเพิ่มรายได้ การทดสอบ A/B ช่วยให้ Hamtaro ปรับแต่งแพลตฟอร์มเพื่อการทำกำไรสูงสุดโดยการระบุตำแหน่งโฆษณาที่มีประสิทธิภาพมากที่สุด",1.5
125,Q2,Hamtube เป็นแพลตฟอร์มดูวีดีโอออนไลน์แชร์และดูวิดีโอได้ hamtube และเขาต้องการทราบว่าการย้ายตำแหน่งของโฆษณาจะช่วยเพิ่มยอดขาย (ผู้ใช้คลิกโฆษณามากขึ้น) หรือไม่การทดสอบ A/B ความละเอียดควรเป็นอะไรระยะเวลาการระบุแหล่งที่มาควรเป็นเท่าไหร่จงอธิบายเหตุผล,"Granularity ควรเป็นการคลิกโฆษณาของผู้ใช้ในแต่ละเซสชันเพื่อจะได้วัดผลได้ว่าตำแหน่งของโฆษณามีผลต่อการตัดใจ (คลิ๊ก) ไหม

ระยะเวลาการระบุแหล่งที่มาควรเป็น 1-4 อาทิตย์และไม่มากเกินไปจนทำให้มีปัจจัยภายนอกมารบกวนได้และไม่มากเกินไปจนทำให้มีปัจจัยภายนอกมารบกวนได้",3.5
126,Q3,Hamtube เป็นแพลตฟอร์มดูวีดีโอออนไลน์แชร์และดูวิดีโอได้ hamtube และเขาต้องการทราบว่าการย้ายตำแหน่งของโฆษณาจะช่วยเพิ่มยอดขาย (ผู้ใช้คลิกโฆษณามากขึ้น) หรือไม่การทดสอบ A/B แฮมทาโร่เลือกที่จะใช้การกระจายแบบทวินามเพื่อแทนการกระจายของการทำ A/B ทดสอบในครั้งนี้เพราะเหตุใดเพราะเหตุใด,ควรใช้ Bernoulli มากกว่าเป็นมีแค่การกดเข้าดูกับไม่กดเข้า,1.0
127,Q1,Hamtube เป็นแพลตฟอร์มดูวีดีโอออนไลน์แชร์และดูวิดีโอได้ hamtube และเขาต้องการทราบว่าการย้ายตำแหน่งของโฆษณาจะช่วยเพิ่มยอดขาย (ผู้ใช้คลิกโฆษณามากขึ้น) หรือไม่การทดสอบ A/B อธิบายเหตุผลที่แฮมทาโร่ควรใช้ A/B ทดสอบในการทดสอบพร้อมกับอธิบายเหตุผลพร้อมกับอธิบายเหตุผล,การทดสอบ A/B เหมาะสมสามารถวิเคราะห์ผลกระทบของการเปลี่ยนแปลงนี้ต่อยอดขายได้อย่างชัดเจนเป็นการลดความเสี่ยงผลกระทบที่มีต่อยอดขายมีความน่าเชื่อถือเนื่องจากมีการควบคุมคัวแปรเป็นอย่างดีมีการวัดผลที่แม่นยำ,5.0
128,Q3,Hamtube เป็นแพลตฟอร์มดูวีดีโอออนไลน์แชร์และดูวิดีโอได้ hamtube และเขาต้องการทราบว่าการย้ายตำแหน่งของโฆษณาจะช่วยเพิ่มยอดขาย (ผู้ใช้คลิกโฆษณามากขึ้น) หรือไม่การทดสอบ A/B แฮมทาโร่เลือกที่จะใช้การกระจายแบบทวินามเพื่อแทนการกระจายของการทำ A/B ทดสอบในครั้งนี้เพราะเหตุใดเพราะเหตุใด,เห็นด้วย (สำเร็จ) และไม่คลิก (ไม่สำเร็จ),5.0
129,Q3,Hamtube เป็นแพลตฟอร์มดูวีดีโอออนไลน์แชร์และดูวิดีโอได้ hamtube และเขาต้องการทราบว่าการย้ายตำแหน่งของโฆษณาจะช่วยเพิ่มยอดขาย (ผู้ใช้คลิกโฆษณามากขึ้น) หรือไม่การทดสอบ A/B แฮมทาโร่เลือกที่จะใช้การกระจายแบบทวินามเพื่อแทนการกระจายของการทำ A/B ทดสอบในครั้งนี้เพราะเหตุใดเพราะเหตุใด,เห็นด้วยเพราะว่า Bernoulli และพอนำมารวมกันก็จะกลายเป็นการกระจายแบบทวินาม,5.0
130,Q3,Hamtube เป็นแพลตฟอร์มดูวีดีโอออนไลน์แชร์และดูวิดีโอได้ hamtube และเขาต้องการทราบว่าการย้ายตำแหน่งของโฆษณาจะช่วยเพิ่มยอดขาย (ผู้ใช้คลิกโฆษณามากขึ้น) หรือไม่การทดสอบ A/B แฮมทาโร่เลือกที่จะใช้การกระจายแบบทวินามเพื่อแทนการกระจายของการทำ A/B ทดสอบในครั้งนี้เพราะเหตุใดเพราะเหตุใด,"เห็นด้วย
- เหมาะสำหรับการทดลองที่มีสองผลลัพธ์เท่านั้น (คลิกหรือไม่คลิก)
- คำนวณง่ายและมีสูตรที่ชัดเจนสำหรับคำนวณความน่าจะเป็นของผลลัพธ์
- เหมาะกับการทดลองที่มีการแบ่งในสัดส่วนเท่า ๆ และมีการทดลองที่เป็นอิสระต่อกัน
- ยืดหยุ่นในการปรับใช้กับการทดลองที่มีขนาดตัวอย่างที่ต่างกัน",5.0
131,Q4,Hamtube เป็นแพลตฟอร์มดูวีดีโอออนไลน์แชร์และดูวิดีโอได้ hamtube และเขาต้องการทราบว่าการย้ายตำแหน่งของโฆษณาจะช่วยเพิ่มยอดขาย (ผู้ใช้คลิกโฆษณามากขึ้น) หรือไม่การทดสอบ A/B แฮมทาโร่จะต้องเลือกว่าอยากให้สัดส่วนของผู้ใช้ที่เห็นโฆษณาตำแหน่งเก่าผู้ใช้ที่เห็นโฆษณาตำแหน่งใหม่เป็นเท่าไร 50/50 กับ 80/20 จงอธิบายข้อดีข้อเสียของการเลือกสัดส่วนแต่ละแบบและตอบว่าแบบใดที่น่าจะเหมาะสมกับปัญหานี้มากกว่าและตอบว่าแบบใดที่น่าจะเหมาะสมกับปัญหานี้มากกว่า,"แบบ 50/50 ใช้เวลาในการทดลองสั้นกว่า 80/20 ใช้เวลานานกว่าแต่โอกาสเสี่ยงกระทบผลรายได้โดยรวมน้อยกว่าแบบแรก 

เลือกแบบ 50/50 เพราะระยะเวลาทดลองที่ได้กล่าวไว้ข้างบนคือ 2 สัปดาห์ซึ่งไม่ได้นานเท่าไหร่และเห็นผลไว",5.0
132,Q4,Hamtube เป็นแพลตฟอร์มดูวีดีโอออนไลน์แชร์และดูวิดีโอได้ hamtube และเขาต้องการทราบว่าการย้ายตำแหน่งของโฆษณาจะช่วยเพิ่มยอดขาย (ผู้ใช้คลิกโฆษณามากขึ้น) หรือไม่การทดสอบ A/B แฮมทาโร่จะต้องเลือกว่าอยากให้สัดส่วนของผู้ใช้ที่เห็นโฆษณาตำแหน่งเก่าผู้ใช้ที่เห็นโฆษณาตำแหน่งใหม่เป็นเท่าไร 50/50 กับ 80/20 จงอธิบายข้อดีข้อเสียของการเลือกสัดส่วนแต่ละแบบจงอธิบายข้อดีข้อเสียของการเลือกสัดส่วนแต่ละแบบและตอบว่าแบบใดที่น่าจะเหมาะสมกับปัญหานี้มากกว่า,การเลือกการแยก 50/50 หมายถึงการกระจายผู้ใช้อย่างเท่าเทียมกันระหว่างสองกลุ่มทดสอบซึ่งควรให้มุมมองที่สมดุลของการโต้ตอบของผู้ใช้กับโฆษณา การแยก 80/20 จะหมายถึงกลุ่มหนึ่งมีขนาดใหญ่กว่ากลุ่มอื่นซึ่งสามารถแนะนำอคติในผลการทดสอบ สำหรับ Hamtube การแยก 50/50 มักจะเชื่อถือได้มากขึ้นสำหรับการทำความเข้าใจผลกระทบที่แท้จริงของการเปลี่ยนแปลงตำแหน่งโฆษณา,1.0
133,Q3,Hamtube เป็นแพลตฟอร์มดูวีดีโอออนไลน์แชร์และดูวิดีโอได้ hamtube และเขาต้องการทราบว่าการย้ายตำแหน่งของโฆษณาจะช่วยเพิ่มยอดขาย (ผู้ใช้คลิกโฆษณามากขึ้น) หรือไม่การทดสอบ A/B แฮมทาโร่เลือกที่จะใช้การกระจายแบบทวินามเพื่อแทนการกระจายของการทำ A/B ทดสอบในครั้งนี้เพราะเหตุใดเพราะเหตุใด,เห็นด้วยการกระจายแบบทวินามเหมาะกับการวิเคราะห์ข้อมูลที่มีอยู่ 2 แบบ A/B การทดสอบจะได้ผลลัพธ์ออกมาเป็นอย่างใดอย่างหนึ่งคลิกหรือไม่คลิกทำให้ทำให้ทำให้ทำให้ไม่คลิกทำให้ทำให้ทำให้เหมาะกับเหมาะกับการทดสอบ,5.0
134,Q3,Hamtube เป็นแพลตฟอร์มดูวีดีโอออนไลน์แชร์และดูวิดีโอได้ hamtube และเขาต้องการทราบว่าการย้ายตำแหน่งของโฆษณาจะช่วยเพิ่มยอดขาย (ผู้ใช้คลิกโฆษณามากขึ้น) หรือไม่การทดสอบ A/B แฮมทาโร่เลือกที่จะใช้การกระจายแบบทวินามเพื่อแทนการกระจายของการทำ A/B ทดสอบในครั้งนี้เพราะเหตุใดเพราะเหตุใด,เหมาะสมครับ A/B ทดสอบ,5.0
135,Q3,Hamtube เป็นแพลตฟอร์มดูวีดีโอออนไลน์แชร์และดูวิดีโอได้ hamtube และเขาต้องการทราบว่าการย้ายตำแหน่งของโฆษณาจะช่วยเพิ่มยอดขาย (ผู้ใช้คลิกโฆษณามากขึ้น) หรือไม่การทดสอบ A/B แฮมทาโร่เลือกที่จะใช้การกระจายแบบทวินามเพื่อแทนการกระจายของการทำ A/B ทดสอบในครั้งนี้เพราะเหตุใดเพราะเหตุใด,เห็นด้วย binary เช่นการคลิกของผู้ใช้บนโฆษณา,5.0
136,Q3,Hamtube เป็นแพลตฟอร์มดูวีดีโอออนไลน์แชร์และดูวิดีโอได้ hamtube และเขาต้องการทราบว่าการย้ายตำแหน่งของโฆษณาจะช่วยเพิ่มยอดขาย (ผู้ใช้คลิกโฆษณามากขึ้น) หรือไม่การทดสอบ A/B แฮมทาโร่เลือกที่จะใช้การกระจายแบบทวินามเพื่อแทนการกระจายของการทำ A/B ทดสอบในครั้งนี้เพราะเหตุใดเพราะเหตุใด,เห็นด้วย,5.0
137,Q4,Hamtube เป็นแพลตฟอร์มดูวีดีโอออนไลน์แชร์และดูวิดีโอได้ hamtube และเขาต้องการทราบว่าการย้ายตำแหน่งของโฆษณาจะช่วยเพิ่มยอดขาย (ผู้ใช้คลิกโฆษณามากขึ้น) หรือไม่การทดสอบ A/B แฮมทาโร่จะต้องเลือกว่าอยากให้สัดส่วนของผู้ใช้ที่เห็นโฆษณาตำแหน่งเก่าผู้ใช้ที่เห็นโฆษณาตำแหน่งใหม่เป็นเท่าไร 50/50 กับ 80/20 จงอธิบายข้อดีข้อเสียของการเลือกสัดส่วนแต่ละแบบจงอธิบายข้อดีข้อเสียของการเลือกสัดส่วนแต่ละแบบและตอบว่าแบบใดที่น่าจะเหมาะสมกับปัญหานี้มากกว่า,"50/50 
ข้อดี
ข้อเสีย
80/20
ข้อดีช่วยให้โฆษณาใหม่ได้รับการทดสอบมากกว่า
ข้อเสียอคติต่อโฆษณาเก่าต่อโฆษณาเก่า
80/20 เหมาะสมกว่าสำหรับโฆษณาใหม่ในการทดสอบ",1.0
138,Q1,Hamtube เป็นแพลตฟอร์มดูวีดีโอออนไลน์แชร์และดูวิดีโอได้ hamtube และเขาต้องการทราบว่าการย้ายตำแหน่งของโฆษณาจะช่วยเพิ่มยอดขาย (ผู้ใช้คลิกโฆษณามากขึ้น) หรือไม่การทดสอบ A/B อธิบายเหตุผลที่แฮมทาโร่ควรใช้ A/B ทดสอบในการทดสอบพร้อมกับอธิบายเหตุผลพร้อมกับอธิบายเหตุผล,การทดสอบ A/B A/B เพราะ A/B การทดสอบเหมาะสมสำหรับการเปรียบเทียบ 2 สิ่งเช่นในกรณีนี้สมมติว่าโฆษณาตำแหน่ง A หรือ B ตำแหน่งไหนมีการมีส่วนร่วมของผู้ใช้ที่ดีกว่ากัน,1.0
139,Q3,Hamtube เป็นแพลตฟอร์มดูวีดีโอออนไลน์แชร์และดูวิดีโอได้ hamtube และเขาต้องการทราบว่าการย้ายตำแหน่งของโฆษณาจะช่วยเพิ่มยอดขาย (ผู้ใช้คลิกโฆษณามากขึ้น) หรือไม่การทดสอบ A/B แฮมทาโร่เลือกที่จะใช้การกระจายแบบทวินามเพื่อแทนการกระจายของการทำ A/B ทดสอบในครั้งนี้เพราะเหตุใดเพราะเหตุใด,เห็นด้วยขนาดตัวอย่างจำนวน n การกระจายจึงออกมาในรูปแบบการกระจายแบบทวินาม,5.0
140,Q1,Hamtube เป็นแพลตฟอร์มดูวีดีโอออนไลน์แชร์และดูวิดีโอได้ hamtube และเขาต้องการทราบว่าการย้ายตำแหน่งของโฆษณาจะช่วยเพิ่มยอดขาย (ผู้ใช้คลิกโฆษณามากขึ้น) หรือไม่การทดสอบ A/B อธิบายเหตุผลที่แฮมทาโร่ควรใช้ A/B ทดสอบในการทดสอบพร้อมกับอธิบายเหตุผลพร้อมกับอธิบายเหตุผล,การทดสอบ A/B เป็นกระบวนการที่มีประโยชน์สำหรับการทดสอบสมมติฐานหรือการเปลี่ยนแปลงในการตลาด A/B ทดสอบเพื่อทดสอบว่าการย้ายตำแหน่งของโฆษณาจะมีผลต่อการคลิกหรือยอดขายของพวกเขาหรือไม่ hamtube ได้ตรงจุด,3.0
141,Q3,Hamtube เป็นแพลตฟอร์มดูวีดีโอออนไลน์แชร์และดูวิดีโอได้ hamtube และเขาต้องการทราบว่าการย้ายตำแหน่งของโฆษณาจะช่วยเพิ่มยอดขาย (ผู้ใช้คลิกโฆษณามากขึ้น) หรือไม่การทดสอบ A/B แฮมทาโร่เลือกที่จะใช้การกระจายแบบทวินามเพื่อแทนการกระจายของการทำ A/B ทดสอบในครั้งนี้เพราะเหตุใดเพราะเหตุใด,"เห็นด้วยเซสชันผู้ใช้มีโอกาส p ที่จะคลิกโฆษณาการกระจายของจำนวนครั้งผู้ใช้ที่คลิกโฆษณาได้ว่าเป็น binomial ([จำนวนเซสชัน], p)",5.0
142,Q4,Hamtube เป็นแพลตฟอร์มดูวีดีโอออนไลน์แชร์และดูวิดีโอได้ hamtube และเขาต้องการทราบว่าการย้ายตำแหน่งของโฆษณาจะช่วยเพิ่มยอดขาย (ผู้ใช้คลิกโฆษณามากขึ้น) หรือไม่การทดสอบ A/B แฮมทาโร่จะต้องเลือกว่าอยากให้สัดส่วนของผู้ใช้ที่เห็นโฆษณาตำแหน่งเก่าผู้ใช้ที่เห็นโฆษณาตำแหน่งใหม่เป็นเท่าไร 50/50 กับ 80/20 จงอธิบายข้อดีข้อเสียของการเลือกสัดส่วนแต่ละแบบและตอบว่าแบบใดที่น่าจะเหมาะสมกับปัญหานี้มากกว่าและตอบว่าแบบใดที่น่าจะเหมาะสมกับปัญหานี้มากกว่า,"-สัดส่วน 50/50: ข้อดีคือการทดลองจะมีความสมดุลและง่ายต่อการวิเคราะห์ ข้อเสียคือมันอาจไม่สะท้อนถึงสภาพการใช้งานจริงของผู้ใช้ทั้งหมด.

-สัดส่วน 80/20: ข้อดีคือการทดลองนี้อาจสะท้อนถึงพฤติกรรมของผู้ใช้ในสภาพแวดล้อมจริงได้ดีกว่า ข้อเสียคืออาจทำให้ยากต่อการตรวจจับความแตกต่างของผลลัพธ์ระหว่างสองกลุ่ม.

สำหรับแฮมทาโร่, การเลือกสัดส่วนขึ้นอยู่กับวัตถุประสงค์ของการทดลองและความสำคัญของการสะท้อนความจริงในการทดลอง หากเป้าหมายคือการทดสอบในสภาพแวดล้อมที่ควบคุมได้มากขึ้น, สัดส่วน 50/50 อาจเหมาะสมกว่า แต่ถ้าต้องการข้อมูลที่สะท้อนถึงพฤติกรรมจริงของผู้ใช้ในสภาพแวดล้อมจริง, สัดส่วน 80/20 อาจเป็นทางเลือกที่ดีกว่า",1.0
143,Q3,Hamtube เป็นแพลตฟอร์มดูวีดีโอออนไลน์แชร์และดูวิดีโอได้ hamtube และเขาต้องการทราบว่าการย้ายตำแหน่งของโฆษณาจะช่วยเพิ่มยอดขาย (ผู้ใช้คลิกโฆษณามากขึ้น) หรือไม่การทดสอบ A/B แฮมทาโร่เลือกที่จะใช้การกระจายแบบทวินามเพื่อแทนการกระจายของการทำ A/B ทดสอบในครั้งนี้เพราะเหตุใดเพราะเหตุใด,ไม่ค่อยเห็นด้วยการกระจายแบบทวินามมักจะใช้สำหรับการนับผลลัพธ์ที่เป็นไปได้แค่สองประเภท (เช่นสำเร็จหรือไม่สำเร็จสำเร็จหรือไม่สำเร็จสำเร็จหรือไม่สำเร็จสำเร็จหรือไม่สำเร็จหัวหรือก้อย) แต่ใน a/b การทดสอบอาจมีตัวแปรหลายอย่างที่มีผลต่อผลลัพธ์ความถี่ในการคลิกโฆษณาเวลาในการดูโฆษณาในเเต่ละประเภทของโฆษณาเวลาในการดูโฆษณาในเเต่ละประเภทของโฆษณาเวลาในการดูโฆษณาในเเต่ละประเภทของโฆษณา,2.0
144,Q1,Hamtube เป็นแพลตฟอร์มดูวีดีโอออนไลน์แชร์และดูวิดีโอได้ hamtube และเขาต้องการทราบว่าการย้ายตำแหน่งของโฆษณาจะช่วยเพิ่มยอดขาย (ผู้ใช้คลิกโฆษณามากขึ้น) หรือไม่การทดสอบ A/B อธิบายเหตุผลที่แฮมทาโร่ควรใช้ A/B ทดสอบในการทดสอบพร้อมกับอธิบายเหตุผลพร้อมกับอธิบายเหตุผล,"เหตุผลที่ควรใช้: การทดสอบ A/B เป็นเครื่องมือที่มีประสิทธิภาพในการทดสอบการเปลี่ยนแปลงเล็กๆ (หนึ่งกลุ่มเห็นโฆษณาในตำแหน่งเดิมและอีกกลุ่มเห็นโฆษณาในตำแหน่งใหม่) แฮมทาโร่สามารถเปรียบเทียบผลลัพธ์อย่างมีความหมายได้ (หนึ่งกลุ่มเห็นโฆษณาในตำแหน่งเดิมและอีกกลุ่มเห็นโฆษณาในตำแหน่งใหม่) แฮมทาโร่สามารถเปรียบเทียบผลลัพธ์อย่างมีความหมายได้
ข้อโต้แย้ง: หากตลาดหรือพฤติกรรมผู้ใช้ของ hamtube มีความผันผวนสูงในกรณีนี้การใช้วิธีการที่ซับซ้อนกว่าอาจเหมาะสมกว่าเช่นการวิเคราะห์แบบเชิงสถิติขั้นสูงหรือการใช้ข้อมูลเชิงลึกจากผู้ใช้",2.0
145,Q2,Hamtube เป็นแพลตฟอร์มดูวีดีโอออนไลน์แชร์และดูวิดีโอได้ hamtube และเขาต้องการทราบว่าการย้ายตำแหน่งของโฆษณาจะช่วยเพิ่มยอดขาย (ผู้ใช้คลิกโฆษณามากขึ้น) หรือไม่การทดสอบ A/B ความละเอียดควรเป็นอะไรระยะเวลาการระบุแหล่งที่มาควรเป็นเท่าไหร่จงอธิบายเหตุผล,"Granularity: Granularity ควรเลือกให้สอดคล้องกับวิธีที่ผู้ใช้มีปฏิสัมพันธ์กับโฆษณา (เช่นเช่น)
ระยะเวลาที่มา: ระยะเวลานี้ควรเพียงพอที่จะครอบคลุมปฏิสัมพันธ์ปกติของผู้ใช้กับโฆษณาและการตัดสินใจซื้อ",0.0
146,Q2,Hamtube เป็นแพลตฟอร์มดูวีดีโอออนไลน์แชร์และดูวิดีโอได้ hamtube และเขาต้องการทราบว่าการย้ายตำแหน่งของโฆษณาจะช่วยเพิ่มยอดขาย (ผู้ใช้คลิกโฆษณามากขึ้น) หรือไม่การทดสอบ A/B ความละเอียดควรเป็นอะไรระยะเวลาการระบุแหล่งที่มาควรเป็นเท่าไหร่จงอธิบายเหตุผล,จำนวนคลิกโฆษณาทั้งหมดระยะเวลาการระบุแหล่งที่มาควรเป็น 1 สัปดาห์แต่ละวันอาจจะมีผลต่อการรับชม/วันอาทิตย์ 1 สัปดาห์ 1 สัปดาห์,4.0
147,Q4,Hamtube เป็นแพลตฟอร์มดูวีดีโอออนไลน์แชร์และดูวิดีโอได้ hamtube และเขาต้องการทราบว่าการย้ายตำแหน่งของโฆษณาจะช่วยเพิ่มยอดขาย (ผู้ใช้คลิกโฆษณามากขึ้น) หรือไม่การทดสอบ A/B แฮมทาโร่จะต้องเลือกว่าอยากให้สัดส่วนของผู้ใช้ที่เห็นโฆษณาตำแหน่งเก่าผู้ใช้ที่เห็นโฆษณาตำแหน่งใหม่เป็นเท่าไร 50/50 กับ 80/20 จงอธิบายข้อดีข้อเสียของการเลือกสัดส่วนแต่ละแบบจงอธิบายข้อดีข้อเสียของการเลือกสัดส่วนแต่ละแบบและตอบว่าแบบใดที่น่าจะเหมาะสมกับปัญหานี้มากกว่า,50/50 จะให้ผลลัพธ์ที่รวดเร็ว 80/20 จะต้องทดสอบนานเนื่องจากต้องการความแม่นยำสูง 80/20 มากกว่าเพราะให้ผลลัพธ์ที่แม่นยำกว่าแม้จะต้องใช้เวลานานหน่อยมากกว่า,5.0
148,Q4,Hamtube เป็นแพลตฟอร์มดูวีดีโอออนไลน์แชร์และดูวิดีโอได้ hamtube และเขาต้องการทราบว่าการย้ายตำแหน่งของโฆษณาจะช่วยเพิ่มยอดขาย (ผู้ใช้คลิกโฆษณามากขึ้น) หรือไม่การทดสอบ A/B แฮมทาโร่จะต้องเลือกว่าอยากให้สัดส่วนของผู้ใช้ที่เห็นโฆษณาตำแหน่งเก่าผู้ใช้ที่เห็นโฆษณาตำแหน่งใหม่เป็นเท่าไร 50/50 กับ 80/20 จงอธิบายข้อดีข้อเสียของการเลือกสัดส่วนแต่ละแบบจงอธิบายข้อดีข้อเสียของการเลือกสัดส่วนแต่ละแบบและตอบว่าแบบใดที่น่าจะเหมาะสมกับปัญหานี้มากกว่า,"สำหรับ 50/50
ข้อดี: สามารถบาลานซ์ระหว่างของเก่าและของใหม่ได้, สามารถไปถึงค่านัยสำคัญได้ไวกว่าขนาดตัวอย่างของตำแหน่งใหม่ที่ใหญ่กว่าแบบ 80/20
ข้อเสีย: สามารถจับถึงผลดีได้ช้ากว่าเพราะมีคนเข้าถึงตำแหน่งใหม่เพียงแค่ 50%,, มีความเสี่ยงมากกว่าเพราะมีเพราะมีที่ถูกทดสอบตำแหน่งใหม่มากกว่าแบบที่ถูกทดสอบตำแหน่งใหม่มากกว่าแบบ 80/20

สำหรับ 80/20
ข้อดี: มีความเสี่ยงน้อยกว่าแบบ 50/50, สามารถจับถึงผลดีได้ไวกว่าเพราะมีสัดส่วนของตำแหน่งใหม่น้อย
ข้อเสีย: ไม่บาลานซ์ระหว่างแบบเก่าและแบบใหม่, ไปถึงจุดความสำคัญได้ช้าอาจต้องทดลองนานขึ้น

คำตอบ: ใช้แบบ 80/20 เพราะเป็นการลดความเสี่ยงในการที่ตำแหน่งใหม่อาจจะไม่ใช่ตำแหน่งที่ดีซึ่งเป็นการลดความเสี่ยงด้านรายได้",5.0
149,Q4,Hamtube เป็นแพลตฟอร์มดูวีดีโอออนไลน์แชร์และดูวิดีโอได้ hamtube และเขาต้องการทราบว่าการย้ายตำแหน่งของโฆษณาจะช่วยเพิ่มยอดขาย (ผู้ใช้คลิกโฆษณามากขึ้น) หรือไม่การทดสอบ A/B แฮมทาโร่จะต้องเลือกว่าอยากให้สัดส่วนของผู้ใช้ที่เห็นโฆษณาตำแหน่งเก่าผู้ใช้ที่เห็นโฆษณาตำแหน่งใหม่เป็นเท่าไร 50/50 กับ 80/20 จงอธิบายข้อดีข้อเสียของการเลือกสัดส่วนแต่ละแบบและตอบว่าแบบใดที่น่าจะเหมาะสมกับปัญหานี้มากกว่าและตอบว่าแบบใดที่น่าจะเหมาะสมกับปัญหานี้มากกว่า,50/50 ให้พลังทางสถิติมากกว่า 80/20 มีพลังทางสถิติน้อยกว่าจึงเลือกจึงเลือก 80/20,3.0
150,Q3,Hamtube เป็นแพลตฟอร์มดูวีดีโอออนไลน์แชร์และดูวิดีโอได้ hamtube และเขาต้องการทราบว่าการย้ายตำแหน่งของโฆษณาจะช่วยเพิ่มยอดขาย (ผู้ใช้คลิกโฆษณามากขึ้น) หรือไม่การทดสอบ A/B แฮมทาโร่เลือกที่จะใช้การกระจายแบบทวินามเพื่อแทนการกระจายของการทำ A/B ทดสอบในครั้งนี้เพราะเหตุใดเพราะเหตุใด,เห็นด้วย (สำเร็จ) หรือไม่คลิก (ล้มเหลว) จึงเหมาะกับการใช้การกระจายแบบทวินาม,5.0
151,Q1,Hamtube เป็นแพลตฟอร์มดูวีดีโอออนไลน์แชร์และดูวิดีโอได้ hamtube และเขาต้องการทราบว่าการย้ายตำแหน่งของโฆษณาจะช่วยเพิ่มยอดขาย (ผู้ใช้คลิกโฆษณามากขึ้น) หรือไม่การทดสอบ A/B อธิบายเหตุผลที่แฮมทาโร่ควรใช้ A/B ทดสอบในการทดสอบพร้อมกับอธิบายเหตุผลพร้อมกับอธิบายเหตุผล,ควรทำ,0.5
152,Q3,Hamtube เป็นแพลตฟอร์มดูวีดีโอออนไลน์แชร์และดูวิดีโอได้ hamtube และเขาต้องการทราบว่าการย้ายตำแหน่งของโฆษณาจะช่วยเพิ่มยอดขาย (ผู้ใช้คลิกโฆษณามากขึ้น) หรือไม่การทดสอบ A/B แฮมทาโร่เลือกที่จะใช้การกระจายแบบทวินามเพื่อแทนการกระจายของการทำ A/B ทดสอบในครั้งนี้เพราะเหตุใดเพราะเหตุใด,เห็นด้วยผู้ใช้ที่เห็นโฆษณาในตำแหน่งเก่า (a) และ (b) ไว้แล้ว/จำนวนครั้งที่เห็นโฆษณาของผู้ใช้ binomial,5.0
153,Q2,Hamtube เป็นแพลตฟอร์มดูวีดีโอออนไลน์แชร์และดูวิดีโอได้ hamtube และเขาต้องการทราบว่าการย้ายตำแหน่งของโฆษณาจะช่วยเพิ่มยอดขาย (ผู้ใช้คลิกโฆษณามากขึ้น) หรือไม่การทดสอบ A/B ความละเอียดควรเป็นอะไรระยะเวลาการระบุแหล่งที่มาควรเป็นเท่าไหร่จงอธิบายเหตุผล,"Granularity ควรเป็นรหัสผู้ใช้ที่ไม่ซ้ำกันที่กดเข้ามารับชมวิดีโอหลายรอบได้หลายรอบได้หลายรอบได้
Metric ควรเป็น (#จำนวนคลิกของโฆษณา)/(#usim userId)
ระยะเวลาการระบุแหล่งที่มาควรเป็น 1 วัน 1 วันอยู่แล้ว",5.0
154,Q1,Hamtube เป็นแพลตฟอร์มดูวีดีโอออนไลน์แชร์และดูวิดีโอได้ hamtube และเขาต้องการทราบว่าการย้ายตำแหน่งของโฆษณาจะช่วยเพิ่มยอดขาย (ผู้ใช้คลิกโฆษณามากขึ้น) หรือไม่การทดสอบ A/B อธิบายเหตุผลที่แฮมทาโร่ควรใช้ A/B ทดสอบในการทดสอบพร้อมกับอธิบายเหตุผลพร้อมกับอธิบายเหตุผล,การทดสอบ A/B A/B เป็นการเปรียบเทียบผลร่วมระหว่างการวางโฆษณาในตำแหน่งใหม่และตำแหน่งเดิม A/B ทดสอบเพราะ A/B ทดสอบช่วยให้มีการทดลองที่มีพื้นฐานทางข้อมูลและหลักฐานที่มั่นคงเนื่องจากการเปรียบเทียบระหว่างกลุ่มทดลองและกลุ่มควบคุมจะเห็นถึงผลของการเปลี่ยนแปลงตำแหน่งโฆษณาอย่างชัดเจนผู้ใช้ซึ่งช่วยลดความเสี่ยงทางธุรกิจได้,4.5
155,Q3,Hamtube เป็นแพลตฟอร์มดูวีดีโอออนไลน์แชร์และดูวิดีโอได้ hamtube และเขาต้องการทราบว่าการย้ายตำแหน่งของโฆษณาจะช่วยเพิ่มยอดขาย (ผู้ใช้คลิกโฆษณามากขึ้น) หรือไม่การทดสอบ A/B แฮมทาโร่เลือกที่จะใช้การกระจายแบบทวินามเพื่อแทนการกระจายของการทำ A/B ทดสอบในครั้งนี้เพราะเหตุใดเพราะเหตุใด,bernoulli ดังนั้น bernoulli หลาย bernoulli,5.0
156,Q4,Hamtube เป็นแพลตฟอร์มดูวีดีโอออนไลน์แชร์และดูวิดีโอได้ hamtube และเขาต้องการทราบว่าการย้ายตำแหน่งของโฆษณาจะช่วยเพิ่มยอดขาย (ผู้ใช้คลิกโฆษณามากขึ้น) หรือไม่การทดสอบ A/B แฮมทาโร่จะต้องเลือกว่าอยากให้สัดส่วนของผู้ใช้ที่เห็นโฆษณาตำแหน่งเก่าผู้ใช้ที่เห็นโฆษณาตำแหน่งใหม่เป็นเท่าไร 50/50 กับ 80/20 จงอธิบายข้อดีข้อเสียของการเลือกสัดส่วนแต่ละแบบจงอธิบายข้อดีข้อเสียของการเลือกสัดส่วนแต่ละแบบและตอบว่าแบบใดที่น่าจะเหมาะสมกับปัญหานี้มากกว่า,ผมขอสมมติว่าว่า hamtube เป็นธุรกิจยังไม่ได้มีกำลังพอจะสร้างยังไม่ได้มีกำลังพอจะสร้างยังไม่ได้มีกำลังพอจะสร้างใหม่มาปล่อยเยอะขนาดนั้น 80/20 เหมาะสมกว่า hamtube มากนัก 20% แต่เนื่องจาก Hamtube อยู่ในจังหวะที่ไม่ได้รีบร้อนอะไรคุณลักษณะอื่น 50/50 นั้นมีข้อดีคือเรื่องเวลา 80/20 เยอะ 50,5.0
157,Q1,Hamtube เป็นแพลตฟอร์มดูวีดีโอออนไลน์แชร์และดูวิดีโอได้ hamtube และเขาต้องการทราบว่าการย้ายตำแหน่งของโฆษณาจะช่วยเพิ่มยอดขาย (ผู้ใช้คลิกโฆษณามากขึ้น) หรือไม่การทดสอบ A/B อธิบายเหตุผลที่แฮมทาโร่ควรใช้ A/B ทดสอบในการทดสอบพร้อมกับอธิบายเหตุผลพร้อมกับอธิบายเหตุผล,"1. การทดลองแบบ A/B ช่วยให้สามารถควบคุมตัวแปรอื่นๆ (กลุ่มการรักษา) กับกลุ่มที่ไม่ได้รับการเปลี่ยนแปลง (กลุ่มควบคุม)
2. การทดสอบ A/B ให้ข้อมูลที่มีความเชื่อถือได้เนื่องจากเป็นการทดสอบในสภาพแวดล้อมจริงที่ผู้ใช้ทำงานหรือมีปฏิสัมพันธ์กับผลิตภัณฑ์หรือบริการ",4.0
158,Q2,Hamtube เป็นแพลตฟอร์มดูวีดีโอออนไลน์แชร์และดูวิดีโอได้ hamtube และเขาต้องการทราบว่าการย้ายตำแหน่งของโฆษณาจะช่วยเพิ่มยอดขาย (ผู้ใช้คลิกโฆษณามากขึ้น) หรือไม่การทดสอบ A/B ความละเอียดควรเป็นอะไรระยะเวลาการระบุแหล่งที่มาควรเป็นเท่าไหร่จงอธิบายเหตุผล,"Granularity: ID ผู้ใช้/การเข้าถึง 
ระยะเวลาที่มา: 30 วัน
เพราะจะสามารถทำให้วิเคราะห์พฤติกรรมผู้ใช้แต่ละคนได้โดยละเอียดผู้ใช้ไปด้วย
และระยะเวลาการระบุแหล่งที่มา = 30 วันผู้ใช้ในช่วงนั้น",5.0
159,Q1,Hamtube เป็นแพลตฟอร์มดูวีดีโอออนไลน์แชร์และดูวิดีโอได้ hamtube และเขาต้องการทราบว่าการย้ายตำแหน่งของโฆษณาจะช่วยเพิ่มยอดขาย (ผู้ใช้คลิกโฆษณามากขึ้น) หรือไม่การทดสอบ A/B อธิบายเหตุผลที่แฮมทาโร่ควรใช้ A/B ทดสอบในการทดสอบพร้อมกับอธิบายเหตุผลพร้อมกับอธิบายเหตุผล,เนื่องจากสิ่งที่แฮมทาโร่ต้องการจะทำคือ a ไปยัง B เพื่อทดสอบว่าตำแหน่งไหนที่จะมีผู้ใช้คลิกโฆษณามากกว่ากัน A/B ทดสอบซึ่งถูกออกแบบมาเพื่อใช้ในการทดสอบ 2 สถานการณ์ที่แตกต่างกันเพื่อดูว่าแบบไหนดีกว่าจึงเหมาะสมมาก,1.0
160,Q2,Hamtube เป็นแพลตฟอร์มดูวีดีโอออนไลน์แชร์และดูวิดีโอได้ hamtube และเขาต้องการทราบว่าการย้ายตำแหน่งของโฆษณาจะช่วยเพิ่มยอดขาย (ผู้ใช้คลิกโฆษณามากขึ้น) หรือไม่การทดสอบ A/B ความละเอียดควรเป็นอะไรระยะเวลาการระบุแหล่งที่มาควรเป็นเท่าไหร่จงอธิบายเหตุผล,"อัตราส่วน Granularity เป็นระหว่างจำนวนคนคลิกที่โฆษณา / จำนวนคนที่เห็นโฆษณา
ระยะเวลาการระบุแหล่งที่มาเป็น 7 วันโฆษณาเดิมอยุ่โฆษณาเดิมอีกไปประมาณ 1 สัปดาห์หรือภายในสัปดาห์ถ้าเกิดเห็นแล้วสะกิดใจแต่รอบแรกยังไม่กดเข้าโฆษณาภายใน 1 สัปดาห์เมื่อเห็นซ้ำๆเป็นไปได้ว่าจะมากดดู",5.0
161,Q4,Hamtube เป็นแพลตฟอร์มดูวีดีโอออนไลน์แชร์และดูวิดีโอได้ hamtube และเขาต้องการทราบว่าการย้ายตำแหน่งของโฆษณาจะช่วยเพิ่มยอดขาย (ผู้ใช้คลิกโฆษณามากขึ้น) หรือไม่การทดสอบ A/B แฮมทาโร่จะต้องเลือกว่าอยากให้สัดส่วนของผู้ใช้ที่เห็นโฆษณาตำแหน่งเก่าผู้ใช้ที่เห็นโฆษณาตำแหน่งใหม่เป็นเท่าไร 50/50 กับ 80/20 จงอธิบายข้อดีข้อเสียของการเลือกสัดส่วนแต่ละแบบและตอบว่าแบบใดที่น่าจะเหมาะสมกับปัญหานี้มากกว่าและตอบว่าแบบใดที่น่าจะเหมาะสมกับปัญหานี้มากกว่า,"50/50
ข้อดี
- ได้ผลลัพธ์เร็วกว่า
- ช่วยลดอคติที่อาจเกิดขึ้นจากตัวแปรที่ไม่ได้ถูกควบคุม
ข้อเสีย
- มีความเสี่ยงสูงกว่า

80/20
ข้อดี
- ให้ข้อมูลที่มีนัยสำคัญมากขึ้น, ทำให้สามารถวิเคราะห์ผลได้อย่างมีประสิทธิภาพ
- มีความเสี่ยงต่ำกว่า
ข้อเสีย
- ใช้เวลามากขึ้นเพื่อรวบรวมข้อมูลจากกลุ่มทดสอบนั้นๆ

ควรเลือกแบบ 50/50
เพราะการย้ายตำแหน่งโฆษณาความเสี่ยงต่อธุรกิจไม่น่าจะเป็นปัจจัยที่ควรกังวล",5.0
162,Q3,Hamtube เป็นแพลตฟอร์มดูวีดีโอออนไลน์แชร์และดูวิดีโอได้ hamtube และเขาต้องการทราบว่าการย้ายตำแหน่งของโฆษณาจะช่วยเพิ่มยอดขาย (ผู้ใช้คลิกโฆษณามากขึ้น) หรือไม่การทดสอบ A/B แฮมทาโร่เลือกที่จะใช้การกระจายแบบทวินามเพื่อแทนการกระจายของการทำ A/B ทดสอบในครั้งนี้เพราะเหตุใดเพราะเหตุใด,"การใช้การกระจายแบบทวินามใน A/B การทดสอบของแฮมทาโร่เป็นการตัดสินใจที่เหมาะสม ""คลิก"" หรือ ""ไม่คลิก"" ซึ่งเข้ากับคุณสมบัติของการกระจายแบบทวินามที่จัดการกับเหตุการณ์ที่มีผลลัพธ์สองประเภทเช่นนี้",5.0
163,Q3,Hamtube เป็นแพลตฟอร์มดูวีดีโอออนไลน์แชร์และดูวิดีโอได้ hamtube และเขาต้องการทราบว่าการย้ายตำแหน่งของโฆษณาจะช่วยเพิ่มยอดขาย (ผู้ใช้คลิกโฆษณามากขึ้น) หรือไม่การทดสอบ A/B แฮมทาโร่เลือกที่จะใช้การกระจายแบบทวินามเพื่อแทนการกระจายของการทำ A/B ทดสอบในครั้งนี้เพราะเหตุใดเพราะเหตุใด,เห็นด้วยการทดสอบ A/B มีลักษณะที่คล้ายกับการทดลองทางวิทยาศาสตร์ที่มีผลลัพธ์เป็นไปตามรูปแบบทวินามทั่วไป,2.0
164,Q4,Hamtube เป็นแพลตฟอร์มดูวีดีโอออนไลน์แชร์และดูวิดีโอได้ hamtube และเขาต้องการทราบว่าการย้ายตำแหน่งของโฆษณาจะช่วยเพิ่มยอดขาย (ผู้ใช้คลิกโฆษณามากขึ้น) หรือไม่การทดสอบ A/B แฮมทาโร่จะต้องเลือกว่าอยากให้สัดส่วนของผู้ใช้ที่เห็นโฆษณาตำแหน่งเก่าผู้ใช้ที่เห็นโฆษณาตำแหน่งใหม่เป็นเท่าไร 50/50 กับ 80/20 จงอธิบายข้อดีข้อเสียของการเลือกสัดส่วนแต่ละแบบจงอธิบายข้อดีข้อเสียของการเลือกสัดส่วนแต่ละแบบและตอบว่าแบบใดที่น่าจะเหมาะสมกับปัญหานี้มากกว่า,"สัดส่วน 50/50:
ข้อดี: การเลือกสัดส่วน 50/50 ทำให้ทดลองอยู่ในสภาวะที่เป็นกลางระหว่างการแสดงโฆษณาตำแหน่งเก่าและใหม่, ทำให้สามารถวิเคราะห์ผลกระทบได้ทั่วถึง
ข้อเสีย: การทดลองที่เป็นกลางอาจทำให้ไม่สามารถสังเกตผลกระทบที่เกิดขึ้นจากการแสดงโฆษณาในตำแหน่งต่าง ๆ ได้ละเอียดมากพอ
สัดส่วน 80/20:
ข้อดี: เกิดความเสี่ยงต่ำในการทดลอง
ข้อเสีย: ต้องใช้เวลานานกว่าที่คนจะเห็นโฆษณาที่ตำแหน่งใหม่
คิดว่าสัดส่วน 50/50 โดยในขั้นตอนแรกเพื่อทดสอบผลกระทบโดยรวมของการแสดงโฆษณาใหม่และเก่าโดยในขั้นตอนแรกเพื่อทดสอบผลกระทบโดยรวมของการแสดงโฆษณาใหม่และเก่า",5.0
165,Q3,Hamtube เป็นแพลตฟอร์มดูวีดีโอออนไลน์แชร์และดูวิดีโอได้ hamtube และเขาต้องการทราบว่าการย้ายตำแหน่งของโฆษณาจะช่วยเพิ่มยอดขาย (ผู้ใช้คลิกโฆษณามากขึ้น) หรือไม่การทดสอบ A/B แฮมทาโร่เลือกที่จะใช้การกระจายแบบทวินามเพื่อแทนการกระจายของการทำ A/B ทดสอบในครั้งนี้เพราะเหตุใดเพราะเหตุใด,เนื่องจากในทดสอบของเราทำการเช็คแค่เพียงว่าผู้ใช้ทำการคลิกโฆษณาหรือไม่ (มีเพียง 2 แบบคือ) การใช้การกระจายแบบทวินามจึงเหมาะสม,5.0
166,Q4,Hamtube เป็นแพลตฟอร์มดูวีดีโอออนไลน์แชร์และดูวิดีโอได้ hamtube และเขาต้องการทราบว่าการย้ายตำแหน่งของโฆษณาจะช่วยเพิ่มยอดขาย (ผู้ใช้คลิกโฆษณามากขึ้น) หรือไม่การทดสอบ A/B แฮมทาโร่จะต้องเลือกว่าอยากให้สัดส่วนของผู้ใช้ที่เห็นโฆษณาตำแหน่งเก่าผู้ใช้ที่เห็นโฆษณาตำแหน่งใหม่เป็นเท่าไร 50/50 กับ 80/20 จงอธิบายข้อดีข้อเสียของการเลือกสัดส่วนแต่ละแบบจงอธิบายข้อดีข้อเสียของการเลือกสัดส่วนแต่ละแบบและตอบว่าแบบใดที่น่าจะเหมาะสมกับปัญหานี้มากกว่า,"สัดส่วน 50/50:

ข้อดี: ได้ผลลัพธ์เร็ว, ความสมดุลในการทดสอบ
ข้อเสีย: ความเสี่ยงสูงหากตำแหน่งใหม่ไม่ได้ผล
สัดส่วน 80/20:

ข้อดี: ลดความเสี่ยง, ควบคุมสถานการณ์ดีกว่า
ข้อเสีย: รวบรวมข้อมูลช้า, ความแปรปรวนสูง
การเลือกขึ้นอยู่กับความเสี่ยงที่ยอมรับได้และความเร่งด่วนในการได้ผลลัพธ์. ถ้ายอมรับความเสี่ยงได้และต้องการผลลัพธ์เร็ว, ใช้ 50/50 ถ้าต้องการลดความเสี่ยง, ใช้ 80/20

สำหรับปัญหาของแฮมทาโร่ในการทดลอง A/B ทดสอบสำหรับตำแหน่งโฆษณาใหม่บน hamtube, สัดส่วน 50/50 น่าจะเหมาะสมกว่า:

ประเมินผลลัพธ์อย่างรวดเร็ว: ให้ข้อมูลที่เพียงพอและรวดเร็ว
ความสมดุล: ให้โอกาสที่เท่าเทียมกันทั้งสองตำแหน่ง
ความน่าเชื่อถือ: ผลลัพธ์จากสัดส่วนนี้มีความน่าเชื่อถือสูง
การเลือกสัดส่วนนี้จะช่วยให้แฮมทาโร่ได้ข้อมูลที่แม่นยำและครอบคลุมเพื่อตัดสินใจได้ดีขึ้น.",5.0
167,Q3,Hamtube เป็นแพลตฟอร์มดูวีดีโอออนไลน์แชร์และดูวิดีโอได้ hamtube และเขาต้องการทราบว่าการย้ายตำแหน่งของโฆษณาจะช่วยเพิ่มยอดขาย (ผู้ใช้คลิกโฆษณามากขึ้น) หรือไม่การทดสอบ A/B แฮมทาโร่เลือกที่จะใช้การกระจายแบบทวินามเพื่อแทนการกระจายของการทำ A/B ทดสอบในครั้งนี้เพราะเหตุใดเพราะเหตุใด,"ไม่เห็นด้วย
การหลีกเลี่ยงความซับซ้อน: ถ้าการทดสอบมีเงื่อนไขที่ซับซ้อนและมีหลายตัวแปรที่มีผลกระทบต่อผลลัพธ์การกระจายที่ซับซ้อนขึ้นอาจจะต้องการการจัดการและคำนวณที่ซับซ้อนมากขึ้น

ข้อจำกัดในการแสดงค่า p-value: การใช้การกระจายแบบทวินามอาจมีข้อจำกัดในการแสดงค่า p-value ที่มีความแม่นยำ

การใช้การประมาณปกติ: ในกรณีของ A/B การทดสอบที่มีขนาดตัวอย่างใหญ่พอ, การใช้การประมาณปกติสามารถให้ผลลัพธ์ที่เพียงพอที่จะใช้ในการคำนวณ p-value ได้",1.0
168,Q3,Hamtube เป็นแพลตฟอร์มดูวีดีโอออนไลน์แชร์และดูวิดีโอได้ hamtube และเขาต้องการทราบว่าการย้ายตำแหน่งของโฆษณาจะช่วยเพิ่มยอดขาย (ผู้ใช้คลิกโฆษณามากขึ้น) หรือไม่การทดสอบ A/B แฮมทาโร่เลือกที่จะใช้การกระจายแบบทวินามเพื่อแทนการกระจายของการทำ A/B ทดสอบในครั้งนี้เพราะเหตุใดเพราะเหตุใด,เห็นด้วย binary นั่นคือคลิกและไม่คลิก,5.0
169,Q2,Hamtube เป็นแพลตฟอร์มดูวีดีโอออนไลน์แชร์และดูวิดีโอได้ hamtube และเขาต้องการทราบว่าการย้ายตำแหน่งของโฆษณาจะช่วยเพิ่มยอดขาย (ผู้ใช้คลิกโฆษณามากขึ้น) หรือไม่การทดสอบ A/B ความละเอียดควรเป็นอะไรระยะเวลาการระบุแหล่งที่มาควรเป็นเท่าไหร่จงอธิบายเหตุผล,"Granularity ควรเป็น #ads คลิกเหตุการณ์ #Cookies เพราะการคลิกโฆษณาในตำแหน่งเดิมกับย้ายตำแหน่งผู้ใช้เข้ามาเกี่ยวด้วยผู้ใช้กดเข้ามาในครั้งแรกอาจจะยังหาไม่เจอผู้ใช้จะรู้แล้วว่ามีโฆษณาตรงนี้ซึ่งส่งผลกับการกดในครั้งถัดไป ๆ ที่เลือกใช้ที่เลือกใช้ที่เลือกใช้ที่เลือกใช้ที่เลือกใช้ที่เลือกใช้ที่เลือกใช้ที่เลือกใช้ที่เลือกใช้ต้องหาตำแหน่งใหม่ต้องหาตำแหน่งใหม่ต้องหาตำแหน่งใหม่ต้องหาตำแหน่งใหม่ต้องหาตำแหน่งใหม่ต้องหาตำแหน่งใหม่ต้องหาตำแหน่งใหม่ต้องหาตำแหน่งใหม่ต้องหาตำแหน่งใหม่ต้องหาตำแหน่งใหม่ต้องหาตำแหน่งใหม่ต้องหาตำแหน่งใหม่ต้องหาตำแหน่งใหม่ต้องหาตำแหน่งใหม่ 
ระยะเวลาการระบุแหล่งที่มาควรเป็น 2 สัปดาห์ผู้ใช้ได้คุ้นเคยกับตำแหน่งการวางโฆษณา",5.0
170,Q4,Hamtube เป็นแพลตฟอร์มดูวีดีโอออนไลน์แชร์และดูวิดีโอได้ hamtube และเขาต้องการทราบว่าการย้ายตำแหน่งของโฆษณาจะช่วยเพิ่มยอดขาย (ผู้ใช้คลิกโฆษณามากขึ้น) หรือไม่การทดสอบ A/B แฮมทาโร่จะต้องเลือกว่าอยากให้สัดส่วนของผู้ใช้ที่เห็นโฆษณาตำแหน่งเก่าผู้ใช้ที่เห็นโฆษณาตำแหน่งใหม่เป็นเท่าไร 50/50 กับ 80/20 จงอธิบายข้อดีข้อเสียของการเลือกสัดส่วนแต่ละแบบและตอบว่าแบบใดที่น่าจะเหมาะสมกับปัญหานี้มากกว่าและตอบว่าแบบใดที่น่าจะเหมาะสมกับปัญหานี้มากกว่า,"แบบ 50/50 ข้อดี - ใช้เวลาในการทดสอบน้อยกว่าข้อเสียข้อเสีย - มีความเสี่ยงที่จะเสียหายทางธุรกิจได้มากกว่าหากวิธีการย้ายตำแหน่งโฆษณาให้ผลไม่ดี
แบบ 80/20 ข้อดี - มีความเสี่ยงที่จะเสียหายทางธุรกิจได้น้อยกว่าหากวิธีการย้ายตำแหน่งโฆษณาให้ผลไม่ดีข้อเสีย - ใช้เวลาในการทดสอบมากกว่าเนื่องจากเก็บกลุ่มตัวอย่างในการทดลองย้ายตำแหน่งโฆษณาได้ในอัตราส่วนที่น้อย 
แนะนำให้แฮมทาโร่ใช้แบบ 80/20 เพื่อไม่ให้เกิดความเสี่ยงมากเกินไป (สมมติว่า hamtube เป็นแพลตฟอร์มขนาดใหญ่)",5.0
171,Q3,Hamtube เป็นแพลตฟอร์มดูวีดีโอออนไลน์แชร์และดูวิดีโอได้ hamtube และเขาต้องการทราบว่าการย้ายตำแหน่งของโฆษณาจะช่วยเพิ่มยอดขาย (ผู้ใช้คลิกโฆษณามากขึ้น) หรือไม่การทดสอบ A/B แฮมทาโร่เลือกที่จะใช้การกระจายแบบทวินามเพื่อแทนการกระจายของการทำ A/B ทดสอบในครั้งนี้เพราะเหตุใดเพราะเหตุใด,เห็นด้วย 2 ส่วนคือความเสำเร็จและความล้มเหลว bernouli n ครั้งแล้วหาค่าเฉลี่ยการกระจายแบบทวินาม n ครั้ง,5.0
172,Q2,Hamtube เป็นแพลตฟอร์มดูวีดีโอออนไลน์แชร์และดูวิดีโอได้ hamtube และเขาต้องการทราบว่าการย้ายตำแหน่งของโฆษณาจะช่วยเพิ่มยอดขาย (ผู้ใช้คลิกโฆษณามากขึ้น) หรือไม่การทดสอบ A/B ความละเอียดควรเป็นอะไรระยะเวลาการระบุแหล่งที่มาควรเป็นเท่าไหร่จงอธิบายเหตุผล,"Granularity: จำนวนครั้งที่ผู้ใช้คลิกโฆษณาโดยที่หากคลิกโฆษณาเดิมจะไม่นับจำนวนครั้งเพิ่ม
ระยะเวลาที่มา: 1 ชัวโมง hamtube",3.5
173,Q4,Hamtube เป็นแพลตฟอร์มดูวีดีโอออนไลน์แชร์และดูวิดีโอได้ hamtube และเขาต้องการทราบว่าการย้ายตำแหน่งของโฆษณาจะช่วยเพิ่มยอดขาย (ผู้ใช้คลิกโฆษณามากขึ้น) หรือไม่การทดสอบ A/B แฮมทาโร่จะต้องเลือกว่าอยากให้สัดส่วนของผู้ใช้ที่เห็นโฆษณาตำแหน่งเก่าผู้ใช้ที่เห็นโฆษณาตำแหน่งใหม่เป็นเท่าไร 50/50 กับ 80/20 จงอธิบายข้อดีข้อเสียของการเลือกสัดส่วนแต่ละแบบและตอบว่าแบบใดที่น่าจะเหมาะสมกับปัญหานี้มากกว่าและตอบว่าแบบใดที่น่าจะเหมาะสมกับปัญหานี้มากกว่า,50/50 มีความเสี่ยงสูง b (การจัดวางตำแหน่งโฆษณาใหม่) มากถึง 50% ซึ่งถ้าผลของแบบ B ออกมาแย่แต่มีข้อดีคือ 80/20 จะเป็นในทางตรงกันข้ามคือ b ผลออกมาแย่แต่ก็มีข้อเสียคือเราจะเก็บข้อมูลได้ช้า 50/50 จะเหมาะสมกว่าและการย้ายตำแหน่งของโฆษณาไม่ได้ทำให้เกิดผลเสียต่อธุรกิจมากและการย้ายตำแหน่งของโฆษณาไม่ได้ทำให้เกิดผลเสียต่อธุรกิจมากและการย้ายตำแหน่งของโฆษณาไม่ได้ทำให้เกิดผลเสียต่อธุรกิจมากและการย้ายตำแหน่งของโฆษณาไม่ได้ทำให้เกิดผลเสียต่อธุรกิจมากและการย้ายตำแหน่งของโฆษณาไม่ได้ทำให้เกิดผลเสียต่อธุรกิจมากและการย้ายตำแหน่งของโฆษณาไม่ได้ทำให้เกิดผลเสียต่อธุรกิจมากและการย้ายตำแหน่งของโฆษณาไม่ได้ทำให้เกิดผลเสียต่อธุรกิจมากจะเหมาะสมกว่าด้วยความที่ได้ข้อมูลที่รวดเร็วกว่า,5.0
174,Q4,Hamtube เป็นแพลตฟอร์มดูวีดีโอออนไลน์แชร์และดูวิดีโอได้ hamtube และเขาต้องการทราบว่าการย้ายตำแหน่งของโฆษณาจะช่วยเพิ่มยอดขาย (ผู้ใช้คลิกโฆษณามากขึ้น) หรือไม่การทดสอบ A/B แฮมทาโร่จะต้องเลือกว่าอยากให้สัดส่วนของผู้ใช้ที่เห็นโฆษณาตำแหน่งเก่าผู้ใช้ที่เห็นโฆษณาตำแหน่งใหม่เป็นเท่าไร 50/50 กับ 80/20 จงอธิบายข้อดีข้อเสียของการเลือกสัดส่วนแต่ละแบบและตอบว่าแบบใดที่น่าจะเหมาะสมกับปัญหานี้มากกว่าและตอบว่าแบบใดที่น่าจะเหมาะสมกับปัญหานี้มากกว่า,"50/50 
ข้อดี: จะมีความสมดุลมากกว่าและใช้เวลาทดสอบได้ไวกว่าและแสดงผลได้ดีเมื่อเทียบกับ 80/20 เพราะจำนวนที่ใกล้เคียงกัน
ข้อเสีย: อาจจะมีผลกระทบมากหากรูปแบบใหม่เกิดปัญหาขึ้นอาจจะมีผลกระทบมากหากรูปแบบใหม่เกิดปัญหาขึ้น 
80/20
ข้อดี: มีความเสี่ยงที่ต่ำกว่า 50/50 หากหรือไม่ดีหรือไม่ดี
ข้อเสีย: ข้อมูลทีได้วิเคราะห์ได้ไม่ดีเท่า 50/50 และใช้เวลานานในการเก็บข้อมูล
คิดว่า 80/20 น่าจะเพียงพอกับน่าจะเพียงพอกับ",5.0
175,Q4,Hamtube เป็นแพลตฟอร์มดูวีดีโอออนไลน์แชร์และดูวิดีโอได้ hamtube และเขาต้องการทราบว่าการย้ายตำแหน่งของโฆษณาจะช่วยเพิ่มยอดขาย (ผู้ใช้คลิกโฆษณามากขึ้น) หรือไม่การทดสอบ A/B แฮมทาโร่จะต้องเลือกว่าอยากให้สัดส่วนของผู้ใช้ที่เห็นโฆษณาตำแหน่งเก่าผู้ใช้ที่เห็นโฆษณาตำแหน่งใหม่เป็นเท่าไร 50/50 กับ 80/20 จงอธิบายข้อดีข้อเสียของการเลือกสัดส่วนแต่ละแบบจงอธิบายข้อดีข้อเสียของการเลือกสัดส่วนแต่ละแบบและตอบว่าแบบใดที่น่าจะเหมาะสมกับปัญหานี้มากกว่า,"50/50
ข้อดีคือสามารถมีชุดข้อมูลขนาดเท่าๆเพียงพอต่อการตัดสินใจเร็วมากกว่าแบบ 80/20 หากมีผลกระทบด้านดีมากจะทำให้เกิดผลเร็ว
ข้อเสียคือหากมีผลเสียสูงข้อเสียคือหากมีผลเสียสูง 80/20

80/20
ข้อดีคือปลอดภัย 20%
ข้อเสียคือกว่าจะได้ชุดข้อมูลที่เพียงพออาจใช้เวลานานกว่า 50/50",4.0
176,Q4,Hamtube เป็นแพลตฟอร์มดูวีดีโอออนไลน์แชร์และดูวิดีโอได้ hamtube และเขาต้องการทราบว่าการย้ายตำแหน่งของโฆษณาจะช่วยเพิ่มยอดขาย (ผู้ใช้คลิกโฆษณามากขึ้น) หรือไม่การทดสอบ A/B แฮมทาโร่จะต้องเลือกว่าอยากให้สัดส่วนของผู้ใช้ที่เห็นโฆษณาตำแหน่งเก่าผู้ใช้ที่เห็นโฆษณาตำแหน่งใหม่เป็นเท่าไร 50/50 กับ 80/20 จงอธิบายข้อดีข้อเสียของการเลือกสัดส่วนแต่ละแบบจงอธิบายข้อดีข้อเสียของการเลือกสัดส่วนแต่ละแบบและตอบว่าแบบใดที่น่าจะเหมาะสมกับปัญหานี้มากกว่า,"สัดส่วน 50/50
ข้อดี:
ความสมดุล: การจัดสรรผู้ใช้เท่าๆการจัดสรรผู้ใช้เท่าๆ
ความรวดเร็วในการได้ผลลัพธ์: ด้วยการจัดสรรผู้ใช้อย่างเท่าเทียม, จะได้ข้อมูลที่เพียงพอเร็วขึ้นซึ่งช่วยในการวิเคราะห์และตัดสินใจได้เร็วขึ้น
ข้อเสีย:
เสี่ยงต่อผลกระทบที่ใหญ่หลวง: หากการเปลี่ยนแปลงมีผลกระทบที่เป็นลบ, มันจะส่งผลต่อจำนวนผู้ใช้ที่มากขึ้น


สัดส่วน 80/20
ข้อดี:
ความเสี่ยงน้อยกว่า: การจัดสรรผู้ใช้มากส่วนให้กับกลุ่มควบคุม (ตำแหน่งเก่า) ลดความเสี่ยงหากการเปลี่ยนแปลงมีผลลบ
การทดสอบโดยมีผลกระทบน้อย: สามารถทดสอบแนวคิดใหม่ๆสามารถทดสอบแนวคิดใหม่ๆ
ข้อเสีย:
ช้าในการรวบรวมข้อมูล: การจัดสรรผู้ใช้น้อยลงให้กับกลุ่มทดลอง (ตำแหน่งใหม่) ทำให้ใช้เวลานานกว่าในการรวบรวมข้อมูลที่มีนัยสำคัญ
ข้อมูลอาจไม่เพียงพอ: อาจไม่ได้ข้อมูลเพียงพอที่จะสร้างการวิเคราะห์ที่มีความน่าเชื่อถือ
แบบ 80/20 เพื่อลดความเสี่ยงที่อาจจเกิดขึ้นกับ Hamtube ในกรณีที่ทำอะไรผิดพลาดจะได้รับความเสียหายที่น้อยกว่า",5.0
177,Q4,Hamtube เป็นแพลตฟอร์มดูวีดีโอออนไลน์แชร์และดูวิดีโอได้ hamtube และเขาต้องการทราบว่าการย้ายตำแหน่งของโฆษณาจะช่วยเพิ่มยอดขาย (ผู้ใช้คลิกโฆษณามากขึ้น) หรือไม่การทดสอบ A/B แฮมทาโร่จะต้องเลือกว่าอยากให้สัดส่วนของผู้ใช้ที่เห็นโฆษณาตำแหน่งเก่าผู้ใช้ที่เห็นโฆษณาตำแหน่งใหม่เป็นเท่าไร 50/50 กับ 80/20 จงอธิบายข้อดีข้อเสียของการเลือกสัดส่วนแต่ละแบบและตอบว่าแบบใดที่น่าจะเหมาะสมกับปัญหานี้มากกว่าและตอบว่าแบบใดที่น่าจะเหมาะสมกับปัญหานี้มากกว่า,"50/50 ข้อดีคือทำให้ทีมตลาดได้ทดลองโฆษณาใหม่ในกลุ่มผู้ใช้ที่มีขนาดเท่าเทียมกับกลุ่มควบคุมที่เห็นโฆษณาเดิมผู้ใช้ที่เห็นโฆษณาแค่ 50% ส่วน 80/20 ข้อดีคือผู้ใช้ส่วนมากจะยังเห็นโฆษณาแบบเดิมซึ่งลดความเสี่ยงต่อการที่ผู้ใช้และถ้าผลตอบรับของ 20% ของผู้ใช้ที่เห็นโฆษณาแบบใหม่ดีก็สามารถต่อยอดในการเพิ่มยอดขายได้ผู้ใช้ส่วนมากที่ยังเห็นโฆษณาแบบเดิมส่วนมากที่ยังเห็นโฆษณาแบบเดิม

สัดส่วน 80/20 เป็นทางเลือกที่ดีเพราะมีความเสี่ยงน้อยที่จะสูญเสียผู้ใช้งานและลดความเสี่ยงในหลายๆด้าน",4.0
178,Q1,Hamtube เป็นแพลตฟอร์มดูวีดีโอออนไลน์แชร์และดูวิดีโอได้ hamtube และเขาต้องการทราบว่าการย้ายตำแหน่งของโฆษณาจะช่วยเพิ่มยอดขาย (ผู้ใช้คลิกโฆษณามากขึ้น) หรือไม่การทดสอบ A/B อธิบายเหตุผลที่แฮมทาโร่ควรใช้ A/B ทดสอบในการทดสอบพร้อมกับอธิบายเหตุผลพร้อมกับอธิบายเหตุผล,"การทดสอบ A/B A/B ในการทดสอบการย้ายตำแหน่งของโฆษณาบน Hamtube เป็นวิธีที่ดีเพื่อวัดผลและตรวจสอบว่าการเปลี่ยนแปลงนี้สามารถมีผลต่อยอดขายหรือการใช้งานของผู้ใช้ได้หรือไม่ A/B ทดสอบจะช่วยให้แฮมทาโร่สามารถวัดผลตรงไปตาม KPIs ที่สำคัญของธุรกิจ, การคลิกโฆษณา, หรือการใช้งานของแพลตฟอร์ม A/B ทดสอบเพื่อดูว่ามันเป็นจริงหรือไม่ A/B ทดสอบช่วยให้แฮมทาโร่ปรับแต่งและปรับปรุงกลยุทธ์ตลาดของตนได้ตามที่จำเป็น, ก็สามารถนำไปใช้ในการพัฒนาแผนการตลาดต่อไป, ก็สามารถนำไปใช้ในการพัฒนาแผนการตลาดต่อไป, ก็สามารถนำไปใช้ในการพัฒนาแผนการตลาดต่อไป, ก็สามารถนำไปใช้ในการพัฒนาแผนการตลาดต่อไป, ก็สามารถนำไปใช้ในการพัฒนาแผนการตลาดต่อไป, ก็สามารถนำไปใช้ในการพัฒนาแผนการตลาดต่อไป, ก็สามารถนำไปใช้ในการพัฒนาแผนการตลาดต่อไป",3.0
179,Q3,Hamtube เป็นแพลตฟอร์มดูวีดีโอออนไลน์แชร์และดูวิดีโอได้ hamtube และเขาต้องการทราบว่าการย้ายตำแหน่งของโฆษณาจะช่วยเพิ่มยอดขาย (ผู้ใช้คลิกโฆษณามากขึ้น) หรือไม่การทดสอบ A/B แฮมทาโร่เลือกที่จะใช้การกระจายแบบทวินามเพื่อแทนการกระจายของการทำ A/B ทดสอบในครั้งนี้เพราะเหตุใดเพราะเหตุใด,เห็นด้วยผู้ใช้แต่ละคนเห็นโฆษณาและกดโฆษณาแต่ละครั้งการกระจายของ Bernoulli,5.0
180,Q1,Hamtube เป็นแพลตฟอร์มดูวีดีโอออนไลน์แชร์และดูวิดีโอได้ hamtube และเขาต้องการทราบว่าการย้ายตำแหน่งของโฆษณาจะช่วยเพิ่มยอดขาย (ผู้ใช้คลิกโฆษณามากขึ้น) หรือไม่การทดสอบ A/B อธิบายเหตุผลที่แฮมทาโร่ควรใช้ A/B ทดสอบในการทดสอบพร้อมกับอธิบายเหตุผลพร้อมกับอธิบายเหตุผล,ควรใช้ A/B การทดสอบเนื่องจากช่วยในการตัดสินใจจากข้อมูลเปรียบผลลัพธ์ระหว่างกลุ่มที่เห็นโฆษณาในตำแหน่งเดิม (กลุ่ม A) และผู้ที่เห็นโฆษณาในตำแหน่งใหม่ (กลุ่ม b) ช่วยให้สามารถดูการเปลี่ยนแปลงได้โดยการจัดสรรผู้ใช้ทำให้มั่นใจได้ว่าผลลัพธ์จะเป็นผลมาจากการเปลี่ยนตำแหน่งโฆษณาเท่านั้นได้อย่างชัดเจนและแม่นยำ A/B สามารถใช้เพื่อพัฒนาและปรับปรุงแพลตฟอร์มอย่างต่อเนื่องหากมีการเปลี่ยนแปลงได้ได้ได้,5.0
181,Q1,Hamtube เป็นแพลตฟอร์มดูวีดีโอออนไลน์แชร์และดูวิดีโอได้ hamtube และเขาต้องการทราบว่าการย้ายตำแหน่งของโฆษณาจะช่วยเพิ่มยอดขาย (ผู้ใช้คลิกโฆษณามากขึ้น) หรือไม่การทดสอบ A/B อธิบายเหตุผลที่แฮมทาโร่ควรใช้ A/B ทดสอบในการทดสอบพร้อมกับอธิบายเหตุผลพร้อมกับอธิบายเหตุผล,แฮมทาโร่ควรใช้ A/B การทดสอบในการทดสอบเนื่องจากการย้ายตำแหน่งของโฆษณาใน hamtube นั้นสามารถวัดผลว่าตำแหน่งใดดีกว่าตำแหน่งใดที่ผู้ใช้จะคลิกโฆษณามากขึ้นซึ่งเกี่ยวข้องกับการเพิ่มยอดขายได้จากการเปรียบเทียบกันระหว่างตำแหน่งต่างโดยผ่านโดยผ่านโดยผ่าน ๆ โดยผ่านโดยผ่าน ๆ ๆ ๆ จากการเปรียบเทียบกันระหว่างตำแหน่งต่างที่เหมือนกันที่เหมือนกันที่เหมือนกันที่เหมือนกันที่เหมือนกันที่เหมือนกัน,0.0
182,Q4,Hamtube เป็นแพลตฟอร์มดูวีดีโอออนไลน์แชร์และดูวิดีโอได้ hamtube และเขาต้องการทราบว่าการย้ายตำแหน่งของโฆษณาจะช่วยเพิ่มยอดขาย (ผู้ใช้คลิกโฆษณามากขึ้น) หรือไม่การทดสอบ A/B แฮมทาโร่จะต้องเลือกว่าอยากให้สัดส่วนของผู้ใช้ที่เห็นโฆษณาตำแหน่งเก่าผู้ใช้ที่เห็นโฆษณาตำแหน่งใหม่เป็นเท่าไร 50/50 กับ 80/20 จงอธิบายข้อดีข้อเสียของการเลือกสัดส่วนแต่ละแบบและตอบว่าแบบใดที่น่าจะเหมาะสมกับปัญหานี้มากกว่าและตอบว่าแบบใดที่น่าจะเหมาะสมกับปัญหานี้มากกว่า,ควรจะเลือกใช้อัตราส่วน 50/50 เพื่อให้สามารถทดสอบการเปลี่ยนแปลงได้เท่าที่จะเป็นไปได้โดยที่ไม่มีความผิดพลาดทางสถิติมากนัก 50/50 อาจทำให้เสียค่าใช้จ่ายโฆษณาเพิ่มขึ้นในขณะที่ผลลัพธ์ยังไม่ชัดเจนได้ในขั้นตอนแรกของการทดสอบ 50/50 จะช่วยให้ Hamtaro ได้รับข้อมูลที่มีประสิทธิภาพเพื่อตัดสินใจในการเปลี่ยนแปลงต่อไปได้ดีขึ้นด้วย,3.0
183,Q3,Hamtube เป็นแพลตฟอร์มดูวีดีโอออนไลน์แชร์และดูวิดีโอได้ hamtube และเขาต้องการทราบว่าการย้ายตำแหน่งของโฆษณาจะช่วยเพิ่มยอดขาย (ผู้ใช้คลิกโฆษณามากขึ้น) หรือไม่การทดสอบ A/B แฮมทาโร่เลือกที่จะใช้การกระจายแบบทวินามเพื่อแทนการกระจายของการทำ A/B ทดสอบในครั้งนี้เพราะเหตุใดเพราะเหตุใด,เหมาะสมไม่ต่อเนื่องเป็นโมเดลที่เหมาะสมและเรียบบง่ายในการทำการทดสอบ a/b,5.0
184,Q1,Hamtube เป็นแพลตฟอร์มดูวีดีโอออนไลน์แชร์และดูวิดีโอได้ hamtube และเขาต้องการทราบว่าการย้ายตำแหน่งของโฆษณาจะช่วยเพิ่มยอดขาย (ผู้ใช้คลิกโฆษณามากขึ้น) หรือไม่การทดสอบ A/B อธิบายเหตุผลที่แฮมทาโร่ควรใช้ A/B ทดสอบในการทดสอบพร้อมกับอธิบายเหตุผลพร้อมกับอธิบายเหตุผล,"การทดสอบ A/B ช่วยให้แฮมทาโร่สามารถวัดผลทางการตลาดได้อย่างมีประสิทธิภาพเท่าที่จะเป็นไปได้ นั่นจะช่วยให้เขาทราบว่าการเปลี่ยนแปลงนี้มีผลต่อการคลิก, การแชร์, หรือยอดขายหรือไม่ A/B ทดสอบสามารถแบ่งกลุ่มเป้าหมายได้อย่างเท่าเทียมและเปรียบเทียบในเชิงสถิติได้",4.5
185,Q2,Hamtube เป็นแพลตฟอร์มดูวีดีโอออนไลน์แชร์และดูวิดีโอได้ hamtube และเขาต้องการทราบว่าการย้ายตำแหน่งของโฆษณาจะช่วยเพิ่มยอดขาย (ผู้ใช้คลิกโฆษณามากขึ้น) หรือไม่การทดสอบ A/B ความละเอียดควรเป็นอะไรระยะเวลาการระบุแหล่งที่มาควรเป็นเท่าไหร่จงอธิบายเหตุผล,"ความละเอียด
1. เซ็กเมนต์ผู้ใช้: หาก Hamtaro ต้องการเข้าใจว่ากลุ่มผู้ใช้ต่าง ๆ ตอบสนองต่อตำแหน่งโฆษณาที่เปลี่ยนแปลงได้อย่างไรความละเอียดควรเกี่ยวข้องกับการแบ่งกลุ่มผู้ใช้ตามเกณฑ์ที่เกี่ยวข้องเช่นข้อมูลประชากรภูมิศาสตร์หรือพฤติกรรมผู้ใช้

2. ระดับหน้าและทั่วทั้งไซต์: ขึ้นอยู่กับเป้าหมาย Hamtaro อาจเลือกที่จะทดสอบการเปลี่ยนแปลงตำแหน่งโฆษณาในหน้าเฉพาะหรือทั่วทั้งไซต์ ความละเอียดในบริบทนี้จะเกี่ยวข้องกับการตัดสินใจว่าจะมุ่งเน้นไปที่ส่วนใดส่วนหนึ่งของแพลตฟอร์มหรือใช้การเปลี่ยนแปลงในระดับสากล

3. การทดสอบเฉพาะอุปกรณ์: หาก Hamtaro สงสัยว่าพฤติกรรมผู้ใช้จะแตกต่างกันอย่างมีนัยสำคัญระหว่างอุปกรณ์ (เช่นเดสก์ท็อปกับมือถือ) ความละเอียดอาจเกี่ยวข้องกับการทดสอบตำแหน่งโฆษณาแยกต่างหากสำหรับแต่ละประเภทอุปกรณ์

ระยะเวลาการระบุแหล่งที่มาควรเป็นระยะสั้นเพราะ
1. ความคาดหวังผลกระทบทันที: หาก Hamtube คาดว่าการเปลี่ยนแปลงของตำแหน่งโฆษณาจะส่งผลกระทบทันทีต่อพฤติกรรมของผู้ใช้ (เช่นการคลิกโฆษณาที่เพิ่มขึ้น) ระยะเวลาการระบุแหล่งที่มาระยะสั้นอาจเหมาะสม

2. แพลตฟอร์มการทำธุรกรรม: สำหรับแพลตฟอร์มที่การโต้ตอบและการตัดสินใจของผู้ใช้เกิดขึ้นอย่างรวดเร็วเช่นเว็บไซต์อีคอมเมิร์ซหรือแพลตฟอร์มข่าวระยะเวลาการระบุแหล่งที่มาระยะสั้นอาจเหมาะสมกว่า

3. ข้อ จำกัด ด้านทรัพยากรและเวลา: หากมีทรัพยากรหรือข้อ จำกัด ด้านเวลาดำเนินการทดสอบระยะสั้นจะช่วยให้ผลลัพธ์และการตัดสินใจเร็วขึ้น",0.0
186,Q1,Hamtube เป็นแพลตฟอร์มดูวีดีโอออนไลน์แชร์และดูวิดีโอได้ hamtube และเขาต้องการทราบว่าการย้ายตำแหน่งของโฆษณาจะช่วยเพิ่มยอดขาย (ผู้ใช้คลิกโฆษณามากขึ้น) หรือไม่การทดสอบ A/B อธิบายเหตุผลที่แฮมทาโร่ควรใช้ A/B ทดสอบในการทดสอบพร้อมกับอธิบายเหตุผลพร้อมกับอธิบายเหตุผล,การทดสอบ A/B A/B มีลักษณะสำคัญคือ A ก็ B เป็น 2 ทางเลือกทางเลือก,1.0
187,Q1,Hamtube เป็นแพลตฟอร์มดูวีดีโอออนไลน์แชร์และดูวิดีโอได้ hamtube และเขาต้องการทราบว่าการย้ายตำแหน่งของโฆษณาจะช่วยเพิ่มยอดขาย (ผู้ใช้คลิกโฆษณามากขึ้น) หรือไม่การทดสอบ A/B อธิบายเหตุผลที่แฮมทาโร่ควรใช้ A/B ทดสอบในการทดสอบพร้อมกับอธิบายเหตุผลพร้อมกับอธิบายเหตุผล,"การทดสอบ A/B A/B เพราะ A/B ทดสอบช่วยให้แฮมทาโร่สามารถทดสอบผลกระทบของการเปลี่ยนแปลงตำแหน่งโฆษณาได้อย่างชัดเจน (กลุ่มควบคุม) กับกลุ่มที่เห็นโฆษณาในตำแหน่งใหม่ (กลุ่มทดลอง)

การทดลองนี้จะลดผลจากตัวแปรอื่นๆที่อาจมีผลต่อการคลิกโฆษณาพฤติกรรมของผู้ใช้หรือประเภทของเนื้อหาได้อีกด้วย",3.0
188,Q2,Hamtube เป็นแพลตฟอร์มดูวีดีโอออนไลน์แชร์และดูวิดีโอได้ hamtube และเขาต้องการทราบว่าการย้ายตำแหน่งของโฆษณาจะช่วยเพิ่มยอดขาย (ผู้ใช้คลิกโฆษณามากขึ้น) หรือไม่การทดสอบ A/B ความละเอียดควรเป็นอะไรระยะเวลาการระบุแหล่งที่มาควรเป็นเท่าไหร่จงอธิบายเหตุผล,"Granularity คือ #checkout events/ #hit เพื่อดูว่าพอเปลี่ยนที่อยู่ของโฆษณาแล้วทำให้คนเห็นมากขึ้นเลือกกดซื้อมากขึ้นมั้ยแล้วทำให้คนเห็นมากขึ้น
ระยะเวลาการระบุแหล่งที่มาควรใช้เวลา 2 สัปดาห์ทำให้ได้ค่าที่ทำให้ได้ค่าที่ทำให้ได้ค่าที่ทำให้ได้ค่าที่ทำให้ได้ค่าที่ทำให้ได้ค่าที่ทำให้ได้ค่าที่ทำให้ได้ค่าที่",0.0
189,Q2,Hamtube เป็นแพลตฟอร์มดูวีดีโอออนไลน์แชร์และดูวิดีโอได้ hamtube และเขาต้องการทราบว่าการย้ายตำแหน่งของโฆษณาจะช่วยเพิ่มยอดขาย (ผู้ใช้คลิกโฆษณามากขึ้น) หรือไม่การทดสอบ A/B ความละเอียดควรเป็นอะไรระยะเวลาการระบุแหล่งที่มาควรเป็นเท่าไหร่จงอธิบายเหตุผล,Granularity ควรเป็นถึงระยะเวลาการระบุแหล่งที่มาควรเป็นระยะเวลาหนึ่งวันคุณลักษณะเพราะว่าเพื่อทดสอบการย้ายตำแหน่งของโฆษณาแต่อาจไม่ครอบคลุมการกระทำที่เกิดขึ้นในระยะเวลายาวๆแต่อาจไม่ครอบคลุมการกระทำที่เกิดขึ้นในระยะเวลายาวๆแต่อาจไม่ครอบคลุมการกระทำที่เกิดขึ้นในระยะเวลายาวๆแต่อาจไม่ครอบคลุมการกระทำที่เกิดขึ้นในระยะเวลายาวๆแต่อาจไม่ครอบคลุมการกระทำที่เกิดขึ้นในระยะเวลายาวๆ,0.0
190,Q1,Hamtube เป็นแพลตฟอร์มดูวีดีโอออนไลน์แชร์และดูวิดีโอได้ hamtube และเขาต้องการทราบว่าการย้ายตำแหน่งของโฆษณาจะช่วยเพิ่มยอดขาย (ผู้ใช้คลิกโฆษณามากขึ้น) หรือไม่การทดสอบ A/B อธิบายเหตุผลที่แฮมทาโร่ควรใช้ A/B ทดสอบในการทดสอบพร้อมกับอธิบายเหตุผลพร้อมกับอธิบายเหตุผล,"การทำ A/B ทดสอบของแฮมทาโร่นั้นสมเหตุสมผลแล้วเพราะ
1. การทำ A/B ทดสอบทำให้เรามีหลักฐานในการตัดสินใจ (กลุ่ม A) และกลุ่มที่เห็นโฆษณาในตำแหน่งใหม่ (กลุ่ม b) เพื่อสรุปได้ว่าการเปลี่ยนแปลงตำแหน่งของโฆษณามีผลต่อการคลิกโฆษณาอย่างไร

2. การทำ A/B ทดสอบช่วยให้เราสามารถวัดผลได้อย่างแม่นยำ 2 กลุ่มทำให้เราสามารถเห็นการเปลี่ยนแปลงความแตกต่างของแต่ละกลุ่มได้อย่างชัดเจน

3. การทำ A/B ทดสอบช่วยลดความเสี่ยงได้โดยการทดลองก่อนที่จะทำการเปลี่ยนแปลงอะไรที่จะส่งผลกระทบในวงกว้างที่อาจส่งผลต่อประสบการณ์ผู้ใช้รายได้ของแพลตฟอร์มรายได้ของแพลตฟอร์ม

4. การทดสอบ A/B สามารถลดปัจจัยรบกวนได้โดยเราทำการควบคุมตัวแปรอื่นๆทำให้สามารถวัดผลที่เกิดขึ้นได้โดยไม่มีปัจจัยอื่นโดยไม่มีปัจจัยอื่น",5.0
191,Q3,Hamtube เป็นแพลตฟอร์มดูวีดีโอออนไลน์แชร์และดูวิดีโอได้ hamtube และเขาต้องการทราบว่าการย้ายตำแหน่งของโฆษณาจะช่วยเพิ่มยอดขาย (ผู้ใช้คลิกโฆษณามากขึ้น) หรือไม่การทดสอบ A/B แฮมทาโร่เลือกที่จะใช้การกระจายแบบทวินามเพื่อแทนการกระจายของการทำ A/B ทดสอบในครั้งนี้เพราะเหตุใดเพราะเหตุใด,เห็นด้วยไบนารี (คลิกหรือไม่คลิก) ที่อิสระกัน (ผู้ใช้ที่คลิกไม่เกี่ยวข้องกับผู้ใช้ที่ไม่คลิก),5.0
192,Q4,Hamtube เป็นแพลตฟอร์มดูวีดีโอออนไลน์แชร์และดูวิดีโอได้ hamtube และเขาต้องการทราบว่าการย้ายตำแหน่งของโฆษณาจะช่วยเพิ่มยอดขาย (ผู้ใช้คลิกโฆษณามากขึ้น) หรือไม่การทดสอบ A/B แฮมทาโร่จะต้องเลือกว่าอยากให้สัดส่วนของผู้ใช้ที่เห็นโฆษณาตำแหน่งเก่าผู้ใช้ที่เห็นโฆษณาตำแหน่งใหม่เป็นเท่าไร 50/50 กับ 80/20 จงอธิบายข้อดีข้อเสียของการเลือกสัดส่วนแต่ละแบบจงอธิบายข้อดีข้อเสียของการเลือกสัดส่วนแต่ละแบบและตอบว่าแบบใดที่น่าจะเหมาะสมกับปัญหานี้มากกว่า,"50/50 ทำให้การทดลองเป็นเท่าเทียมระหว่างกลุ่ม A (เห็นตำแหน่งเก่า) และกลุ่ม B (เห็นตำแหน่งใหม่) ซึ่งช่วยลดผลกระทบจากตัวแปรอื่น ๆ
80/20 การให้สัดส่วนมากกว่าในตำแหน่งใหม่ช่วยเพิ่มโอกาสในการทดลองว่าตำแหน่งใหม่นั้นมีผลที่ดีหรือไม่
ถ้าต้องการทดสอบที่เท่าเทียมและยังไม่ทราบผลลัพธ์ที่คาดหวังสัดส่วน 50/50 อาจเหมาะสม 80/20 อาจเป็นทางเลือก",1.0
193,Q4,Hamtube เป็นแพลตฟอร์มดูวีดีโอออนไลน์แชร์และดูวิดีโอได้ hamtube และเขาต้องการทราบว่าการย้ายตำแหน่งของโฆษณาจะช่วยเพิ่มยอดขาย (ผู้ใช้คลิกโฆษณามากขึ้น) หรือไม่การทดสอบ A/B แฮมทาโร่จะต้องเลือกว่าอยากให้สัดส่วนของผู้ใช้ที่เห็นโฆษณาตำแหน่งเก่าผู้ใช้ที่เห็นโฆษณาตำแหน่งใหม่เป็นเท่าไร 50/50 กับ 80/20 จงอธิบายข้อดีข้อเสียของการเลือกสัดส่วนแต่ละแบบและตอบว่าแบบใดที่น่าจะเหมาะสมกับปัญหานี้มากกว่าและตอบว่าแบบใดที่น่าจะเหมาะสมกับปัญหานี้มากกว่า,"50/50 จะทำให้เก็บตัวอย่างได้ครบเร็วมากกว่า 80/20 เก็บได้ช้ากว่าแต่เสี่ยงน้อยกว่า
คิดว่า 80/20 จะเหมาะสมมากกว่าโฆษณาที่เปลี่ยนไปส่งผลให้แพลตฟอร์มเสียลูกค้าจำนวนมากได้และการเสียรายได้จากการเห็นและการเสียรายได้จากการเห็นและการเสียรายได้จากการเห็นไปมากด้วยไปมากด้วยไปมากด้วยไปมากด้วยไปมากด้วย",5.0
194,Q4,Hamtube เป็นแพลตฟอร์มดูวีดีโอออนไลน์แชร์และดูวิดีโอได้ hamtube และเขาต้องการทราบว่าการย้ายตำแหน่งของโฆษณาจะช่วยเพิ่มยอดขาย (ผู้ใช้คลิกโฆษณามากขึ้น) หรือไม่การทดสอบ A/B แฮมทาโร่จะต้องเลือกว่าอยากให้สัดส่วนของผู้ใช้ที่เห็นโฆษณาตำแหน่งเก่าผู้ใช้ที่เห็นโฆษณาตำแหน่งใหม่เป็นเท่าไร 50/50 กับ 80/20 จงอธิบายข้อดีข้อเสียของการเลือกสัดส่วนแต่ละแบบจงอธิบายข้อดีข้อเสียของการเลือกสัดส่วนแต่ละแบบและตอบว่าแบบใดที่น่าจะเหมาะสมกับปัญหานี้มากกว่า,สัดส่วน 50/50 จะใช้เวลาสั้น 80/20 จะใช้เวลานานกว่า (ซึ่งก็น่าจะมี) แฮมทาโร่ก็ควรจะเลือกสัดส่วน 80/20,5.0
195,Q1,Hamtube เป็นแพลตฟอร์มดูวีดีโอออนไลน์แชร์และดูวิดีโอได้ hamtube และเขาต้องการทราบว่าการย้ายตำแหน่งของโฆษณาจะช่วยเพิ่มยอดขาย (ผู้ใช้คลิกโฆษณามากขึ้น) หรือไม่การทดสอบ A/B อธิบายเหตุผลที่แฮมทาโร่ควรใช้ A/B ทดสอบในการทดสอบพร้อมกับอธิบายเหตุผลพร้อมกับอธิบายเหตุผล,ควรใช้ A/B ทดสอบเพราะในการทดสอบการย้ายตำแหน่งของโฆษณานั้นจึงมีจึงมีจึงมีจึงมีจึงมีเข้ามาเกี่ยวข้องเข้ามาเกี่ยวข้องจึงมีจึงมีจึงมีจึงมี,1.0
196,Q3,Hamtube เป็นแพลตฟอร์มดูวีดีโอออนไลน์แชร์และดูวิดีโอได้ hamtube และเขาต้องการทราบว่าการย้ายตำแหน่งของโฆษณาจะช่วยเพิ่มยอดขาย (ผู้ใช้คลิกโฆษณามากขึ้น) หรือไม่การทดสอบ A/B แฮมทาโร่เลือกที่จะใช้การกระจายแบบทวินามเพื่อแทนการกระจายของการทำ A/B ทดสอบในครั้งนี้เพราะเหตุใดเพราะเหตุใด,เห็นด้วย A/B การทดสอบมีลักษณะเป็นการทดสอบที่มีผลลัพธ์เป็นผลลัพธ์ไบนารีอยู่แล้วคือโดยการนับจำนวนครั้งที่เหตุการณ์เกิดขึ้นในทุกกลุ่มทดลอง การกระจายแบบทวินามเหมาะสำหรับการจำนวนครั้งที่เป็นไปได้ในการทดลองแบบนี้,5.0
197,Q2,Hamtube เป็นแพลตฟอร์มดูวีดีโอออนไลน์แชร์และดูวิดีโอได้ hamtube และเขาต้องการทราบว่าการย้ายตำแหน่งของโฆษณาจะช่วยเพิ่มยอดขาย (ผู้ใช้คลิกโฆษณามากขึ้น) หรือไม่การทดสอบ A/B ความละเอียดควรเป็นอะไรระยะเวลาการระบุแหล่งที่มาควรเป็นเท่าไหร่จงอธิบายเหตุผล,การคลิกโฆษณาเหตุการณ์ / # เซสชันเนื่องจากต้องการดูว่าอัตราการกดโฆษณาสูงขึ้นหรือไม่ระยะเวลาการระบุแหล่งที่มาควรเป็นภายในเซสชันนั้นๆ 1 เซสชัน,4.75
198,Q3,Hamtube เป็นแพลตฟอร์มดูวีดีโอออนไลน์แชร์และดูวิดีโอได้ hamtube และเขาต้องการทราบว่าการย้ายตำแหน่งของโฆษณาจะช่วยเพิ่มยอดขาย (ผู้ใช้คลิกโฆษณามากขึ้น) หรือไม่การทดสอบ A/B แฮมทาโร่เลือกที่จะใช้การกระจายแบบทวินามเพื่อแทนการกระจายของการทำ A/B ทดสอบในครั้งนี้เพราะเหตุใดเพราะเหตุใด,เห็นด้วยเนื่องจากแต่ละครั้งที่ผู้ใช้มาเจอโฆษณาโอกาสคลิกจะเป็น bernoulli และเมื่อรวมกันจะกลายเป็นทวินาม,5.0
199,Q3,Hamtube เป็นแพลตฟอร์มดูวีดีโอออนไลน์แชร์และดูวิดีโอได้ hamtube และเขาต้องการทราบว่าการย้ายตำแหน่งของโฆษณาจะช่วยเพิ่มยอดขาย (ผู้ใช้คลิกโฆษณามากขึ้น) หรือไม่การทดสอบ A/B แฮมทาโร่เลือกที่จะใช้การกระจายแบบทวินามเพื่อแทนการกระจายของการทำ A/B ทดสอบในครั้งนี้เพราะเหตุใดเพราะเหตุใด,การกระจายแบบทวินามเหมาะสมกับการทดลอง A/B ทดสอบเนื่องจากมันบรรจุข้อมูลที่มีแค่สองผลลัพธ์เท่านั้น (คลิกหรือไม่คลิก) และการคลิกหรือไม่คลิกโฆษณาของผู้ใช้หนึ่งคนจะไม่มีผลต่อผู้ใช้อื่นทำให้ง่ายต่อการจัดการข้อมูลในกรณีที่มีจำนวนทดลองที่มีขนาดใหญ่,5.0
200,Q3,Hamtube เป็นแพลตฟอร์มดูวีดีโอออนไลน์แชร์และดูวิดีโอได้ hamtube และเขาต้องการทราบว่าการย้ายตำแหน่งของโฆษณาจะช่วยเพิ่มยอดขาย (ผู้ใช้คลิกโฆษณามากขึ้น) หรือไม่การทดสอบ A/B แฮมทาโร่เลือกที่จะใช้การกระจายแบบทวินามเพื่อแทนการกระจายของการทำ A/B ทดสอบในครั้งนี้เพราะเหตุใดเพราะเหตุใด,เห็นด้วยเพราะการใช้การกระจายแบบทวินามจะทำให้เราแจกแจงการเลือกของผู้ใช้จำนวนมากได้และมีการแยกออกเพียง 2 ตัวเลือกคือหรือไม่กดโฆษณา,5.0
201,Q4,Hamtube เป็นแพลตฟอร์มดูวีดีโอออนไลน์แชร์และดูวิดีโอได้ hamtube และเขาต้องการทราบว่าการย้ายตำแหน่งของโฆษณาจะช่วยเพิ่มยอดขาย (ผู้ใช้คลิกโฆษณามากขึ้น) หรือไม่การทดสอบ A/B แฮมทาโร่จะต้องเลือกว่าอยากให้สัดส่วนของผู้ใช้ที่เห็นโฆษณาตำแหน่งเก่าผู้ใช้ที่เห็นโฆษณาตำแหน่งใหม่เป็นเท่าไร 50/50 กับ 80/20 จงอธิบายข้อดีข้อเสียของการเลือกสัดส่วนแต่ละแบบและตอบว่าแบบใดที่น่าจะเหมาะสมกับปัญหานี้มากกว่าและตอบว่าแบบใดที่น่าจะเหมาะสมกับปัญหานี้มากกว่า,การใช้สัดส่วน 50/50 จะทำให้เก็บข้อมูลการทำการทดสอบ A/B ได้ไวกว่าการใช้สัดส่วน 80/20 แต่อย่างไรก็ตาม 50/50 จะมีความเสี่ยงมากกว่าเนื่องจากผู้ใช้กว่า 50% จะต้องไปใช้ฟีเจอร์จาก B ทดสอบที่อาจจะยังไม่ได้ผ่านการตรวจสอบมาอย่างถี่ถ้วนเนื่องจากยังอยู่ในระยะการทดลองใช้เท่านั้น 80/20 ที่แม้จะทำให้เก็บผลข้อมูลการการทดสอบได้ช้ากว่า 50/50 จึงน่าจะเหมาะสมกว่าจึงน่าจะเหมาะสมกว่า,5.0
202,Q4,Hamtube เป็นแพลตฟอร์มดูวีดีโอออนไลน์แชร์และดูวิดีโอได้ hamtube และเขาต้องการทราบว่าการย้ายตำแหน่งของโฆษณาจะช่วยเพิ่มยอดขาย (ผู้ใช้คลิกโฆษณามากขึ้น) หรือไม่การทดสอบ A/B แฮมทาโร่จะต้องเลือกว่าอยากให้สัดส่วนของผู้ใช้ที่เห็นโฆษณาตำแหน่งเก่าผู้ใช้ที่เห็นโฆษณาตำแหน่งใหม่เป็นเท่าไร 50/50 กับ 80/20 จงอธิบายข้อดีข้อเสียของการเลือกสัดส่วนแต่ละแบบและตอบว่าแบบใดที่น่าจะเหมาะสมกับปัญหานี้มากกว่าและตอบว่าแบบใดที่น่าจะเหมาะสมกับปัญหานี้มากกว่า,"50/50 ข้อดีคือเห็นผลเร็วกว่าข้อเสียคือความเสี่ยงทางธุรกิจสูงกว่า
80/20 ข้อเสียคือเห็นผลช้ากว่าข้อดีคือความเสี่ยงทางธุรกิจต่ำกว่า",4.0
203,Q4,Hamtube เป็นแพลตฟอร์มดูวีดีโอออนไลน์แชร์และดูวิดีโอได้ hamtube และเขาต้องการทราบว่าการย้ายตำแหน่งของโฆษณาจะช่วยเพิ่มยอดขาย (ผู้ใช้คลิกโฆษณามากขึ้น) หรือไม่การทดสอบ A/B แฮมทาโร่จะต้องเลือกว่าอยากให้สัดส่วนของผู้ใช้ที่เห็นโฆษณาตำแหน่งเก่าผู้ใช้ที่เห็นโฆษณาตำแหน่งใหม่เป็นเท่าไร 50/50 กับ 80/20 จงอธิบายข้อดีข้อเสียของการเลือกสัดส่วนแต่ละแบบและตอบว่าแบบใดที่น่าจะเหมาะสมกับปัญหานี้มากกว่าและตอบว่าแบบใดที่น่าจะเหมาะสมกับปัญหานี้มากกว่า,"สัดส่วน 50/50
- ข้อดี: ใช้เวลาไม่นานก็สามารถเก็บข้อมูลได้ครบตามที่ต้องการ
- ข้อเสีย: มีความเสี่ยงสูงส่งผลเสียต่อ hamtube ค่อนข้างมาก
สัดส่วน 80/20
- ข้อดี: มีความเสี่ยงต่ำหากรูปแบบใหม่อาจมีปัญหา hamtube จะน้อย
- ข้อเสีย: ใช้เวลานานกว่าจะเก็บข้อมูลได้ครบตามที่ต้องการ

เลือก 50/50 เพราะอีกทั้งหากการเปลี่ยนตำแหน่งมีปัญหาการแก้ไขย้ายกลับมาแบบเดิมน่าจะทำได้ไม่ยาก",5.0
204,Q1,Hamtube เป็นแพลตฟอร์มดูวีดีโอออนไลน์แชร์และดูวิดีโอได้ hamtube และเขาต้องการทราบว่าการย้ายตำแหน่งของโฆษณาจะช่วยเพิ่มยอดขาย (ผู้ใช้คลิกโฆษณามากขึ้น) หรือไม่การทดสอบ A/B อธิบายเหตุผลที่แฮมทาโร่ควรใช้ A/B ทดสอบในการทดสอบพร้อมกับอธิบายเหตุผลพร้อมกับอธิบายเหตุผล,ตกลง ด้วยการแยกผู้ใช้สำหรับการทดสอบ Hamtaro สามารถเปรียบเทียบผลลัพธ์โดยตรงเมื่อเปลี่ยนตำแหน่งโฆษณา วิธีการทดสอบ A/B นี้ช่วยให้สามารถประเมินผลกระทบที่ชัดเจนของตำแหน่งโฆษณาต่อพฤติกรรมของผู้ใช้,1.0
205,Q4,Hamtube เป็นแพลตฟอร์มดูวีดีโอออนไลน์แชร์และดูวิดีโอได้ hamtube และเขาต้องการทราบว่าการย้ายตำแหน่งของโฆษณาจะช่วยเพิ่มยอดขาย (ผู้ใช้คลิกโฆษณามากขึ้น) หรือไม่การทดสอบ A/B แฮมทาโร่จะต้องเลือกว่าอยากให้สัดส่วนของผู้ใช้ที่เห็นโฆษณาตำแหน่งเก่าผู้ใช้ที่เห็นโฆษณาตำแหน่งใหม่เป็นเท่าไร 50/50 กับ 80/20 จงอธิบายข้อดีข้อเสียของการเลือกสัดส่วนแต่ละแบบและตอบว่าแบบใดที่น่าจะเหมาะสมกับปัญหานี้มากกว่าและตอบว่าแบบใดที่น่าจะเหมาะสมกับปัญหานี้มากกว่า,"50/50 ข้อดีคือเห็นผลเร็วเก็บข้อมูลได้มากข้อเสียลูกค้าอาจไม่ชอบทำให้เสียลูกค้าทำให้เสียยอดขาย
80/20 ข้อดีคือโอกาสเสียลูกค้าเสียยอดขายน้อยกว่าถ้าลูกค้าไม่ชอบข้อเสียอาจเสียเวลาในการเก็บข้อมูลนาน
คิดว่าควรเลือก 80/20 จะปลอดภัยสำหรับยอดขายมากกว่าครับ",5.0
206,Q2,Hamtube เป็นแพลตฟอร์มดูวีดีโอออนไลน์แชร์และดูวิดีโอได้ hamtube และเขาต้องการทราบว่าการย้ายตำแหน่งของโฆษณาจะช่วยเพิ่มยอดขาย (ผู้ใช้คลิกโฆษณามากขึ้น) หรือไม่การทดสอบ A/B ความละเอียดควรเป็นอะไรระยะเวลาการระบุแหล่งที่มาควรเป็นเท่าไหร่จงอธิบายเหตุผล,"ตัวเศษ (เพราะต้องการวัดผลว่าจำนวนคลิกโฆษณาเพิ่มขึ้นหรือไม่)
ตัวส่วน (รวมถึงตอนเข้าแอปมาครั้งแรก) (เพราะทุกๆการรีเฟรชหน้าหลักจะเลื่อนขึ้นไปบนสุดทำให้เห็นโฆษณา)
ความยาว hamtube ไม่ได้มีจุดประสงค์ในการดูโฆษณาเป็นหลัก hamtube จะใช้เฉลี่ยประมาณ 1 ชั่วโมงต่อวัน (มั่วเอา) จึงควรเก็บทุกๆ 1 ชั่วโมง",5.0
207,Q2,Hamtube เป็นแพลตฟอร์มดูวีดีโอออนไลน์แชร์และดูวิดีโอได้ hamtube และเขาต้องการทราบว่าการย้ายตำแหน่งของโฆษณาจะช่วยเพิ่มยอดขาย (ผู้ใช้คลิกโฆษณามากขึ้น) หรือไม่การทดสอบ A/B ความละเอียดควรเป็นอะไรระยะเวลาการระบุแหล่งที่มาควรเป็นเท่าไหร่จงอธิบายเหตุผล,จำนวนยอดคลิกโฆษณาในวีดิโอ/จำนวนยอดวิวของวีดิโอ (คนเดียวกันดูคลิปเดิมคลิกแล้วเปิดไปเป็นแท็บใหม่เมื่อกลับมาดูต่อไม่คิดว่าจะเปิดโฆษณาซ้ำ),3.0
208,Q1,Hamtube เป็นแพลตฟอร์มดูวีดีโอออนไลน์แชร์และดูวิดีโอได้ hamtube และเขาต้องการทราบว่าการย้ายตำแหน่งของโฆษณาจะช่วยเพิ่มยอดขาย (ผู้ใช้คลิกโฆษณามากขึ้น) หรือไม่การทดสอบ A/B อธิบายเหตุผลที่แฮมทาโร่ควรใช้ A/B ทดสอบในการทดสอบพร้อมกับอธิบายเหตุผลพร้อมกับอธิบายเหตุผล,เห็นด้วยการควบคุมปัจจัยภายนอกในการทดสอบ A/B เป็นสิ่งสำคัญเพื่อให้แน่ใจว่าความถูกต้องของผลการทดสอบ ปัจจัยภายนอกสามารถแนะนำความแปรปรวนที่สามารถเบี่ยงเบนข้อมูลซึ่งนำไปสู่ข้อสรุปที่ไม่ถูกต้อง สำหรับ Hamtube นี่หมายถึงการทำให้มั่นใจว่าการเพิ่มขึ้นของการคลิกโฆษณาหลังจากย้ายตำแหน่งโฆษณานั้นเกิดจากการเปลี่ยนแปลงตำแหน่งโฆษณาและไม่ได้รับอิทธิพลจากภายนอก,3.0
209,Q3,Hamtube เป็นแพลตฟอร์มดูวีดีโอออนไลน์แชร์และดูวิดีโอได้ hamtube และเขาต้องการทราบว่าการย้ายตำแหน่งของโฆษณาจะช่วยเพิ่มยอดขาย (ผู้ใช้คลิกโฆษณามากขึ้น) หรือไม่การทดสอบ A/B แฮมทาโร่เลือกที่จะใช้การกระจายแบบทวินามเพื่อแทนการกระจายของการทำ A/B ทดสอบในครั้งนี้เพราะเหตุใดเพราะเหตุใด,เหตุผลที่ไม่ได้ใช้การกระจายแบบทวินามในการทดสอบ A/B อยู่ในลักษณะทางสถิติของการทดสอบ A/B ซึ่งแตกต่างจากสถานการณ์ที่การแจกแจงแบบทวินามอาจเหมาะสมเช่นเมื่อนับจำนวนเหตุการณ์ที่เกิดขึ้นเฉพาะในจำนวนการทดลองที่กำหนดไว้ล่วงหน้า ในทางกลับกันการทดสอบ A/B เกี่ยวข้องกับการเปรียบเทียบสองกลุ่มที่มีลักษณะที่แตกต่างกันและตัวชี้วัดมักจะหมุนรอบตัวแปรต่อเนื่องทำให้การกระจายปกติหรือ T-distribution เหมาะสมกว่าสำหรับการทดสอบสมมติฐาน,0.0
210,Q1,Hamtube เป็นแพลตฟอร์มดูวีดีโอออนไลน์แชร์และดูวิดีโอได้ hamtube และเขาต้องการทราบว่าการย้ายตำแหน่งของโฆษณาจะช่วยเพิ่มยอดขาย (ผู้ใช้คลิกโฆษณามากขึ้น) หรือไม่การทดสอบ A/B อธิบายเหตุผลที่แฮมทาโร่ควรใช้ A/B ทดสอบในการทดสอบพร้อมกับอธิบายเหตุผลพร้อมกับอธิบายเหตุผล,เห็นด้วย 2 รูปแบบจึงเหมาะกับการทดสอบ A/B,1.0
211,Q3,Hamtube เป็นแพลตฟอร์มดูวีดีโอออนไลน์แชร์และดูวิดีโอได้ hamtube และเขาต้องการทราบว่าการย้ายตำแหน่งของโฆษณาจะช่วยเพิ่มยอดขาย (ผู้ใช้คลิกโฆษณามากขึ้น) หรือไม่การทดสอบ A/B แฮมทาโร่เลือกที่จะใช้การกระจายแบบทวินามเพื่อแทนการกระจายของการทำ A/B ทดสอบในครั้งนี้เพราะเหตุใดเพราะเหตุใด,ไม่เห็นด้วยการกระจายปกติ,2.0
212,Q2,Hamtube เป็นแพลตฟอร์มดูวีดีโอออนไลน์แชร์และดูวิดีโอได้ hamtube และเขาต้องการทราบว่าการย้ายตำแหน่งของโฆษณาจะช่วยเพิ่มยอดขาย (ผู้ใช้คลิกโฆษณามากขึ้น) หรือไม่การทดสอบ A/B ความละเอียดควรเป็นอะไรระยะเวลาการระบุแหล่งที่มาควรเป็นเท่าไหร่จงอธิบายเหตุผล,เป็นจำนวนครั้งการโชว์ของโฆษณาให้กับผู้ใช้ส่วนความยาวระยะเวลาการระบุแหล่งที่มาใช้เป็น 1 วันโฆษณานี้ให้ผู้ใช้เห็นแล้ว 1 วันผู้ใช้ได้กดคลิกโฆษณาหรือไม่,0.0
213,Q4,Hamtube เป็นแพลตฟอร์มดูวีดีโอออนไลน์แชร์และดูวิดีโอได้ hamtube และเขาต้องการทราบว่าการย้ายตำแหน่งของโฆษณาจะช่วยเพิ่มยอดขาย (ผู้ใช้คลิกโฆษณามากขึ้น) หรือไม่การทดสอบ A/B แฮมทาโร่จะต้องเลือกว่าอยากให้สัดส่วนของผู้ใช้ที่เห็นโฆษณาตำแหน่งเก่าผู้ใช้ที่เห็นโฆษณาตำแหน่งใหม่เป็นเท่าไร 50/50 กับ 80/20 จงอธิบายข้อดีข้อเสียของการเลือกสัดส่วนแต่ละแบบและตอบว่าแบบใดที่น่าจะเหมาะสมกับปัญหานี้มากกว่าและตอบว่าแบบใดที่น่าจะเหมาะสมกับปัญหานี้มากกว่า,"50/50 ข้อดีคือมันขนาดตัวอย่างแต่ต้องการขนาดขนาดตัวอย่างที่ใหญ่และมีความเสี่ยงที่อีกครึ่งนึงอยู่ในจุดที่ไม่ดีมากๆก็จะส่งผลให้เสียรายได้ได้
80/20 ข้อดีคือความเสี่ยงต่ำและมีความเหมาะสมที่จะทดสอบได้แต่อย่างไรก็ตามมันก็ใช้เวลาในการทดสอบเพื่อหาผลลัพธ์

แบบที่เหมาะสมมากกว่าคือ 80/20 เพราะมีความเสี่ยงที่ต่ำกว่าถ้าผลลัพธ์ออกมาดีก็ค่อยสามารถปรับเปลี่ยนอัตราส่วนเพื่อเพิ่มให้ตำแหน่งใหม่ออกมามากขึ้นก็ไม่สาย",5.0
214,Q4,Hamtube เป็นแพลตฟอร์มดูวีดีโอออนไลน์แชร์และดูวิดีโอได้ hamtube และเขาต้องการทราบว่าการย้ายตำแหน่งของโฆษณาจะช่วยเพิ่มยอดขาย (ผู้ใช้คลิกโฆษณามากขึ้น) หรือไม่การทดสอบ A/B แฮมทาโร่จะต้องเลือกว่าอยากให้สัดส่วนของผู้ใช้ที่เห็นโฆษณาตำแหน่งเก่าผู้ใช้ที่เห็นโฆษณาตำแหน่งใหม่เป็นเท่าไร 50/50 กับ 80/20 จงอธิบายข้อดีข้อเสียของการเลือกสัดส่วนแต่ละแบบจงอธิบายข้อดีข้อเสียของการเลือกสัดส่วนแต่ละแบบและตอบว่าแบบใดที่น่าจะเหมาะสมกับปัญหานี้มากกว่า,"50/50
ข้อดี: มีความเป็นระบบทุกกลุ่มได้รับการทดสอบเท่าเทียมผลลัพธ์จะแม่นยำ
ข้อเสีย: ต้องใช้เงินทุนและเวลาเยอะ
80/20
ข้อดี: อาจไม่ต้องลงทุนอะไรมากอาจไม่ต้องลงทุนอะไรมาก
ข้อเสีย: มีโอกาสที่ผลลัพธ์จะไม่แม่นยำเนื่องจากไม่เท่าเทียม

ดังนั้น Hamtaro ควรเลือก 50/50 เนื่องจาก Hamtaro เพียงต้องการช่วยเพิ่มยอดขายเพียงต้องการช่วยเพิ่มยอดขาย",1.0
215,Q2,Hamtube เป็นแพลตฟอร์มดูวีดีโอออนไลน์แชร์และดูวิดีโอได้ hamtube และเขาต้องการทราบว่าการย้ายตำแหน่งของโฆษณาจะช่วยเพิ่มยอดขาย (ผู้ใช้คลิกโฆษณามากขึ้น) หรือไม่การทดสอบ A/B ความละเอียดควรเป็นอะไรระยะเวลาการระบุแหล่งที่มาควรเป็นเท่าไหร่จงอธิบายเหตุผล,"- ความละเอียด: โฆษณาคลิก / ฮิตเพราะการเข้าชมเว็บในแต่ละครั้ง (หรือสมมติว่าว่ารีเฟรช)
- ระยะเวลาการระบุ: 10 นาทีดังนั้นผู้ใช้คงจะตัดสินใจทันทีว่าจะคลิกเข้าไปดูโฆษณานั้นเหลือเปล่าซึ่งเป็นช่วงเวลาที่สั้นซึ่งเป็นช่วงเวลาที่สั้น",3.5
216,Q1,Hamtube เป็นแพลตฟอร์มดูวีดีโอออนไลน์แชร์และดูวิดีโอได้ hamtube และเขาต้องการทราบว่าการย้ายตำแหน่งของโฆษณาจะช่วยเพิ่มยอดขาย (ผู้ใช้คลิกโฆษณามากขึ้น) หรือไม่การทดสอบ A/B อธิบายเหตุผลที่แฮมทาโร่ควรใช้ A/B ทดสอบในการทดสอบพร้อมกับอธิบายเหตุผลพร้อมกับอธิบายเหตุผล,เพราะสามารถแบ่งผู้ใช้ออกเป็นการควบคุมคือวางตำแหน่งโฆษณาแบบเดิมการรักษาคือวางตำแหน่งโฆษณาแบบใหม่การทดสอบทางสถิติเพื่อสรุปผลได้,0.5
217,Q4,Hamtube เป็นแพลตฟอร์มดูวีดีโอออนไลน์แชร์และดูวิดีโอได้ hamtube และเขาต้องการทราบว่าการย้ายตำแหน่งของโฆษณาจะช่วยเพิ่มยอดขาย (ผู้ใช้คลิกโฆษณามากขึ้น) หรือไม่การทดสอบ A/B แฮมทาโร่จะต้องเลือกว่าอยากให้สัดส่วนของผู้ใช้ที่เห็นโฆษณาตำแหน่งเก่าผู้ใช้ที่เห็นโฆษณาตำแหน่งใหม่เป็นเท่าไร 50/50 กับ 80/20 จงอธิบายข้อดีข้อเสียของการเลือกสัดส่วนแต่ละแบบและตอบว่าแบบใดที่น่าจะเหมาะสมกับปัญหานี้มากกว่าและตอบว่าแบบใดที่น่าจะเหมาะสมกับปัญหานี้มากกว่า,"50/50 ข้อดี (ได้ครบพร้อมๆกันทั้ง 2 แบบ)
80/20 ข้อดีความเสี่ยงน้อยถ้าตำแหน่งแบบใหม่ไม่ดีก็ยังไม่ส่งผลต่อรายได้มากใช้เวลานานกว่าจะได้กลุ่มผู้ใช้ที่ได้ตำแหน่งใหม่ครบตามที่ตั้งไว้ตอนเริ่มทดลอง",4.5
218,Q4,Hamtube เป็นแพลตฟอร์มดูวีดีโอออนไลน์แชร์และดูวิดีโอได้ hamtube และเขาต้องการทราบว่าการย้ายตำแหน่งของโฆษณาจะช่วยเพิ่มยอดขาย (ผู้ใช้คลิกโฆษณามากขึ้น) หรือไม่การทดสอบ A/B แฮมทาโร่จะต้องเลือกว่าอยากให้สัดส่วนของผู้ใช้ที่เห็นโฆษณาตำแหน่งเก่าผู้ใช้ที่เห็นโฆษณาตำแหน่งใหม่เป็นเท่าไร 50/50 กับ 80/20 จงอธิบายข้อดีข้อเสียของการเลือกสัดส่วนแต่ละแบบจงอธิบายข้อดีข้อเสียของการเลือกสัดส่วนแต่ละแบบและตอบว่าแบบใดที่น่าจะเหมาะสมกับปัญหานี้มากกว่า,"50/50 - เห็นผลลัพธ์ไวแต่มีความเสี่ยงสูง
80/20 - เห็นผลลัพธ์ช้ากว่าแต่ความเสี่ยงน้อยกว่า

แบบ 80/20 น่าจะเหมาะกว่าเพราะการรักษาฐานผู้ใช้งานเอาไว้สำคัญกว่า",5.0
219,Q2,Hamtube เป็นแพลตฟอร์มดูวีดีโอออนไลน์แชร์และดูวิดีโอได้ hamtube และเขาต้องการทราบว่าการย้ายตำแหน่งของโฆษณาจะช่วยเพิ่มยอดขาย (ผู้ใช้คลิกโฆษณามากขึ้น) หรือไม่การทดสอบ A/B ความละเอียดควรเป็นอะไรระยะเวลาการระบุแหล่งที่มาควรเป็นเท่าไหร่จงอธิบายเหตุผล,"2.1 จำนวนผู้ใช้ที่คลิกโฆษณา/จำนวนผู้ใช้ที่ดูวีดีโอทั้งหมด
2.2 3 ชั่วโมงเพราะในบางครั้งวีดีโอที่ผู้ใช้กดดูนั้นมีความยาวมากผู้ใช้ใช้การฟังมากกว่าการดูวีดีโอที่รวมเพลงยาวๆจึงไม่มีความจำเป็นต้องสนใจวีดีโอที่รวมเพลงยาวๆจึงไม่มีความจำเป็นต้องสนใจ",4.5
220,Q2,Hamtube เป็นแพลตฟอร์มดูวีดีโอออนไลน์แชร์และดูวิดีโอได้ hamtube และเขาต้องการทราบว่าการย้ายตำแหน่งของโฆษณาจะช่วยเพิ่มยอดขาย (ผู้ใช้คลิกโฆษณามากขึ้น) หรือไม่การทดสอบ A/B ความละเอียดควรเป็นอะไรระยะเวลาการระบุแหล่งที่มาควรเป็นเท่าไหร่จงอธิบายเหตุผล,ในแง่ของความละเอียดขอแนะนำให้กำหนดความถี่ของการแสดงโฆษณาให้กับผู้ใช้เพื่อให้แน่ใจว่ามีรายละเอียดในระดับที่เพียงพอในระหว่างการทดสอบ เกี่ยวกับระยะเวลาการระบุแหล่งที่มาควรเก็บไว้ในเวลาเพียงหนึ่งวันเพื่อให้สามารถวัดการคลิกภายในระยะเวลาอันสั้นหลังจากแสดงโฆษณา กลยุทธ์นี้อำนวยความสะดวกในการประเมินประสิทธิภาพการโฆษณาที่ถูกต้องและทันที,0.0
221,Q3,Hamtube เป็นแพลตฟอร์มดูวีดีโอออนไลน์แชร์และดูวิดีโอได้ hamtube และเขาต้องการทราบว่าการย้ายตำแหน่งของโฆษณาจะช่วยเพิ่มยอดขาย (ผู้ใช้คลิกโฆษณามากขึ้น) หรือไม่การทดสอบ A/B แฮมทาโร่เลือกที่จะใช้การกระจายแบบทวินามเพื่อแทนการกระจายของการทำ A/B ทดสอบในครั้งนี้เพราะเหตุใดเพราะเหตุใด,เหมาะสมแล้วเพราะว่าการใช้การกระจายแบบทวินามจะเป็นการบอกถึงความน่าจะเป็นของจำนวนคนที่กดเข้าไปดูโฆษณาทำให้เราสามารถบอกได้ว่าการกระจายนี้เพิ่มยอดขาดได้จริงหรือไม่ด้วยการใช้การทดสอบสมมติฐาน,2.0
222,Q2,Hamtube เป็นแพลตฟอร์มดูวีดีโอออนไลน์แชร์และดูวิดีโอได้ hamtube และเขาต้องการทราบว่าการย้ายตำแหน่งของโฆษณาจะช่วยเพิ่มยอดขาย (ผู้ใช้คลิกโฆษณามากขึ้น) หรือไม่การทดสอบ A/B ความละเอียดควรเป็นอะไรระยะเวลาการระบุแหล่งที่มาควรเป็นเท่าไหร่จงอธิบายเหตุผล,Granularity ควรดูที่จำนวนที่ผู้ใช้คลิกโฆษณาในแต่ละสัปดาห์ระยะเวลาการระบุแหล่งที่มาควรมีระยะเวลานานพอ (ประมาณ 1 เดือน) เพื่อที่จะทำให้ผลสรุปแม่นยำมากขึ้น,1.5
223,Q3,Hamtube เป็นแพลตฟอร์มดูวีดีโอออนไลน์แชร์และดูวิดีโอได้ hamtube และเขาต้องการทราบว่าการย้ายตำแหน่งของโฆษณาจะช่วยเพิ่มยอดขาย (ผู้ใช้คลิกโฆษณามากขึ้น) หรือไม่การทดสอบ A/B แฮมทาโร่เลือกที่จะใช้การกระจายแบบทวินามเพื่อแทนการกระจายของการทำ A/B ทดสอบในครั้งนี้เพราะเหตุใดเพราะเหตุใด,เห็นด้วยเพราะเราได้อัตราความสำเร็จกับจำนวนคนที่ดูซึ่งสามารถแทนการกระจายของการทำ A/B ทดสอบครั้งนี้ได้,2.0
224,Q3,Hamtube เป็นแพลตฟอร์มดูวีดีโอออนไลน์แชร์และดูวิดีโอได้ hamtube และเขาต้องการทราบว่าการย้ายตำแหน่งของโฆษณาจะช่วยเพิ่มยอดขาย (ผู้ใช้คลิกโฆษณามากขึ้น) หรือไม่การทดสอบ A/B แฮมทาโร่เลือกที่จะใช้การกระจายแบบทวินามเพื่อแทนการกระจายของการทำ A/B ทดสอบในครั้งนี้เพราะเหตุใดเพราะเหตุใด,ไม่เห็นด้วยผู้ใช้อาจจะไม่ได้เห็นโฆษณาในจำนวนที่เท่ากัน,1.0
225,Q3,Hamtube เป็นแพลตฟอร์มดูวีดีโอออนไลน์แชร์และดูวิดีโอได้ hamtube และเขาต้องการทราบว่าการย้ายตำแหน่งของโฆษณาจะช่วยเพิ่มยอดขาย (ผู้ใช้คลิกโฆษณามากขึ้น) หรือไม่การทดสอบ A/B แฮมทาโร่เลือกที่จะใช้การกระจายแบบทวินามเพื่อแทนการกระจายของการทำ A/B ทดสอบในครั้งนี้เพราะเหตุใดเพราะเหตุใด,เห็นด้วยเพราะ 1 ครั้งคนดูมี่สิทธิ์เลือกที่จะไม่คลิกหรือคลิกโฆษณาและโฆษณาก็สามารถปรากฏได้หลายครัั้ง,5.0
226,Q4,Hamtube เป็นแพลตฟอร์มดูวีดีโอออนไลน์แชร์และดูวิดีโอได้ hamtube และเขาต้องการทราบว่าการย้ายตำแหน่งของโฆษณาจะช่วยเพิ่มยอดขาย (ผู้ใช้คลิกโฆษณามากขึ้น) หรือไม่การทดสอบ A/B แฮมทาโร่จะต้องเลือกว่าอยากให้สัดส่วนของผู้ใช้ที่เห็นโฆษณาตำแหน่งเก่าผู้ใช้ที่เห็นโฆษณาตำแหน่งใหม่เป็นเท่าไร 50/50 กับ 80/20 จงอธิบายข้อดีข้อเสียของการเลือกสัดส่วนแต่ละแบบจงอธิบายข้อดีข้อเสียของการเลือกสัดส่วนแต่ละแบบและตอบว่าแบบใดที่น่าจะเหมาะสมกับปัญหานี้มากกว่า,"การใช้การแยก 50/50 สำหรับการแสดงโฆษณามีประโยชน์ทางวิทยาศาสตร์ทำให้สามารถทดสอบได้อย่างรวดเร็วและมีประสิทธิภาพเนื่องจากความสามารถในการรวบรวมข้อมูลที่กว้างขวางอย่างรวดเร็ว อย่างไรก็ตามวิธีนี้มีความเสี่ยงของความแตกต่างอย่างมีนัยสำคัญระหว่างตำแหน่งโฆษณาดั้งเดิม (a) และใหม่ (b) ซึ่งนำไปสู่ผลการทดสอบที่แม่นยำและไม่แน่นอนน้อยกว่า

ในทางตรงกันข้ามการแยก 80/20 นำเสนอข้อได้เปรียบทางทฤษฎีโดยการลดความเสี่ยงที่เกี่ยวข้องกับการแยก 50/50 การจัดสรรจอแสดงผลให้กับตำแหน่งใหม่น้อยลง (b) ลดความเสี่ยงให้น้อยที่สุดหากไม่ได้ทำงานเช่นเดียวกับต้นฉบับ (A) แต่ข้อเสียนั้นเกี่ยวข้องกับการหน่วงเวลาเนื่องจากใช้เวลานานกว่าในการสะสมข้อมูลสำหรับสัดส่วนที่น้อยลงของการแสดงโฆษณาทำให้การวิเคราะห์ผลลัพธ์ช้าลงและการปรับกลยุทธ์การตลาด

ดังนั้นการแยก 80/20 จึงเหมาะสมกว่าสำหรับสถานการณ์ของผู้ค้าปลีกโดยมีวัตถุประสงค์เพื่อจัดการความเสี่ยงในการทดสอบ A/B ภายในระยะเวลาอันสั้น",5.0
227,Q4,Hamtube เป็นแพลตฟอร์มดูวีดีโอออนไลน์แชร์และดูวิดีโอได้ hamtube และเขาต้องการทราบว่าการย้ายตำแหน่งของโฆษณาจะช่วยเพิ่มยอดขาย (ผู้ใช้คลิกโฆษณามากขึ้น) หรือไม่การทดสอบ A/B แฮมทาโร่จะต้องเลือกว่าอยากให้สัดส่วนของผู้ใช้ที่เห็นโฆษณาตำแหน่งเก่าผู้ใช้ที่เห็นโฆษณาตำแหน่งใหม่เป็นเท่าไร 50/50 กับ 80/20 จงอธิบายข้อดีข้อเสียของการเลือกสัดส่วนแต่ละแบบและตอบว่าแบบใดที่น่าจะเหมาะสมกับปัญหานี้มากกว่าและตอบว่าแบบใดที่น่าจะเหมาะสมกับปัญหานี้มากกว่า,"สัดส่วน 50/50:
ข้อดี: ช่วยให้แฮมทาโร่เปรียบเทียบผลลัพธ์ได้อย่างเท่าเทียมกันระหว่างสองกลุ่มช่วยให้แฮมทาโร่เปรียบเทียบผลลัพธ์ได้อย่างเท่าเทียมกันระหว่างสองกลุ่ม
ข้อเสีย: อาจมีผลกระทบเชิงลบต่อประสบการณ์ผู้ใช้โดยรวมหากตำแหน่งโฆษณาใหม่ไม่ได้ผล
สัดส่วน 80/20:
ข้อดี: ช่วยลดความเสี่ยงที่ผู้ใช้จำนวนมากจะได้รับประสบการณ์ที่ไม่ดีหากการเปลี่ยนแปลงไม่ได้ผล
ข้อเสีย: อาจทำให้ผลลัพธ์ของการทดลองน้อยน่าเชื่อถือลงเนื่องจากกลุ่มตัวอย่างที่เห็นโฆษณาในตำแหน่งใหม่น้อยกว่า
แบบไหนดีกว่า: สำหรับการทดลองนี้ 50/50 อาจเหมาะสมกว่าเพื่อให้ได้ข้อมูลที่เท่าเทียมและมีความน่าเชื่อถือสูง",3.0
228,Q3,Hamtube เป็นแพลตฟอร์มดูวีดีโอออนไลน์แชร์และดูวิดีโอได้ hamtube และเขาต้องการทราบว่าการย้ายตำแหน่งของโฆษณาจะช่วยเพิ่มยอดขาย (ผู้ใช้คลิกโฆษณามากขึ้น) หรือไม่การทดสอบ A/B แฮมทาโร่เลือกที่จะใช้การกระจายแบบทวินามเพื่อแทนการกระจายของการทำ A/B ทดสอบในครั้งนี้เพราะเหตุใดเพราะเหตุใด,ไม่เห็นด้วย,1.0
229,Q4,Hamtube เป็นแพลตฟอร์มดูวีดีโอออนไลน์แชร์และดูวิดีโอได้ hamtube และเขาต้องการทราบว่าการย้ายตำแหน่งของโฆษณาจะช่วยเพิ่มยอดขาย (ผู้ใช้คลิกโฆษณามากขึ้น) หรือไม่การทดสอบ A/B แฮมทาโร่จะต้องเลือกว่าอยากให้สัดส่วนของผู้ใช้ที่เห็นโฆษณาตำแหน่งเก่าผู้ใช้ที่เห็นโฆษณาตำแหน่งใหม่เป็นเท่าไร 50/50 กับ 80/20 จงอธิบายข้อดีข้อเสียของการเลือกสัดส่วนแต่ละแบบจงอธิบายข้อดีข้อเสียของการเลือกสัดส่วนแต่ละแบบและตอบว่าแบบใดที่น่าจะเหมาะสมกับปัญหานี้มากกว่า,"50/50
ข้อดี: ได้ข้อมูลเร็วกว่า
ข้อเสีย: มีโอกาศที่จะทำให้เกิดความเสียหายทางธุรกิจ
80/20
ข้อดี: ผลกระทบต่อธุรกิจไม่สูงมาก (ในกรณีที่ปรับแล้วโฆษณาโดนกดน้อยลง)
ข้อเสีย: ได้ข้อมูลช้า
ควรเลือก 80/20 เพื่อป้องกันความเสียหายทางธุรกิจ",5.0
230,Q2,Hamtube เป็นแพลตฟอร์มดูวีดีโอออนไลน์แชร์และดูวิดีโอได้ hamtube และเขาต้องการทราบว่าการย้ายตำแหน่งของโฆษณาจะช่วยเพิ่มยอดขาย (ผู้ใช้คลิกโฆษณามากขึ้น) หรือไม่การทดสอบ A/B ความละเอียดควรเป็นอะไรระยะเวลาการระบุแหล่งที่มาควรเป็นเท่าไหร่จงอธิบายเหตุผล,"granularity = #ads_clicked/ #ads_seen
#ADS_CLICKED คือโฆษณาแล้วคลิก (ไม่นับซ้ำคนเดิม)
#ads_seen คือโฆษณา (ไม่นับซ้ำคนเดิม)
เพราะ
ระยะเวลาที่มา = 1 วัน
เพราะการคลิกโฆษณาเกิดขึ้นในระยะเวลาสั้นๆ",3.5
231,Q2,Hamtube เป็นแพลตฟอร์มดูวีดีโอออนไลน์แชร์และดูวิดีโอได้ hamtube และเขาต้องการทราบว่าการย้ายตำแหน่งของโฆษณาจะช่วยเพิ่มยอดขาย (ผู้ใช้คลิกโฆษณามากขึ้น) หรือไม่การทดสอบ A/B ความละเอียดควรเป็นอะไรระยะเวลาการระบุแหล่งที่มาควรเป็นเท่าไหร่จงอธิบายเหตุผล,"Granularity ควรเป็นผู้ใช้ที่คลิก/ผู้ใช้ที่เข้ามาชม

ระยะเวลาการระบุแหล่งที่มาประมาณ 2-3 วันเนื่องจากผู้ใช้เข้ามาแล้วโฟกัสที่วิดีโอเป็นหลักเมื่อจบก็ออกไปแต่หากนานเกินไปอาจเกิดแต่หากนานเกินไปอาจเกิดแต่หากนานเกินไปอาจเกิดแต่หากนานเกินไปอาจเกิดแต่หากนานเกินไปอาจเกิดแต่หากนานเกินไปอาจเกิดแต่หากนานเกินไปอาจเกิดที่ไม่ดีเพราะเห็นโฆษณาอันเดิมบ่อยๆและหลายจุดจนไม่พอใจและไม่ได้โฟกัสเนื้อหาหรือตำแหน่งในที่สุดที่ไม่ดีเพราะเห็นโฆษณาอันเดิมบ่อยๆและหลายจุดจนไม่พอใจและไม่ได้โฟกัสเนื้อหาหรือตำแหน่งในที่สุด
เพิ่มเติม events-base เนื่องจากการเป็นแพลตฟอร์มออนไลน์ทั้งการปล่อยโฆษณาและการนับยอดขาย (โฆษณาตำแหน่งใดตำแหน่งหนึ่งหายไป) แล้วผู้ใช้จะกลับมากดได้อีก",5.0
232,Q2,Hamtube เป็นแพลตฟอร์มดูวีดีโอออนไลน์แชร์และดูวิดีโอได้ hamtube และเขาต้องการทราบว่าการย้ายตำแหน่งของโฆษณาจะช่วยเพิ่มยอดขาย (ผู้ใช้คลิกโฆษณามากขึ้น) หรือไม่การทดสอบ A/B ความละเอียดควรเป็นอะไรระยะเวลาการระบุแหล่งที่มาควรเป็นเท่าไหร่จงอธิบายเหตุผล,"ความละเอียดตามชั่วโมงหรือวันเพื่อจับความแปรปรวนในระหว่างวันหรือสัปดาห์
ระยะเวลาการระบุแหล่งที่มาตามลักษณะสินค้า 1 สัปดาห์สำหรับสินค้าที่ตัดสินใจซื้อได้เร็ว
และนานขึ้นไปสำหรับสินค้าที่ต้องใช้เวลาในการตัดสินใจมากขึ้น",0.0
233,Q1,Hamtube เป็นแพลตฟอร์มดูวีดีโอออนไลน์แชร์และดูวิดีโอได้ hamtube และเขาต้องการทราบว่าการย้ายตำแหน่งของโฆษณาจะช่วยเพิ่มยอดขาย (ผู้ใช้คลิกโฆษณามากขึ้น) หรือไม่การทดสอบ A/B อธิบายเหตุผลที่แฮมทาโร่ควรใช้ A/B ทดสอบในการทดสอบพร้อมกับอธิบายเหตุผลพร้อมกับอธิบายเหตุผล,เห็นด้วยกับการใช้ A/B ทดสอบโดยมันสามารถให้ผมลัพธ์ที่วัดเป็นตัวเลขได้ (ตัวแปรควบคุม),1.5
234,Q1,Hamtube เป็นแพลตฟอร์มดูวีดีโอออนไลน์แชร์และดูวิดีโอได้ hamtube และเขาต้องการทราบว่าการย้ายตำแหน่งของโฆษณาจะช่วยเพิ่มยอดขาย (ผู้ใช้คลิกโฆษณามากขึ้น) หรือไม่การทดสอบ A/B อธิบายเหตุผลที่แฮมทาโร่ควรใช้ A/B ทดสอบในการทดสอบพร้อมกับอธิบายเหตุผลพร้อมกับอธิบายเหตุผล,ควรใช้การทดสอบ A/B จะทำให้เราได้ข้อสรุปว่าตำแหน่งการวางโฆษณาแบบใดมีประสิทธิภาพมากกว่ากัน,0.5
235,Q2,Hamtube เป็นแพลตฟอร์มดูวีดีโอออนไลน์แชร์และดูวิดีโอได้ hamtube และเขาต้องการทราบว่าการย้ายตำแหน่งของโฆษณาจะช่วยเพิ่มยอดขาย (ผู้ใช้คลิกโฆษณามากขึ้น) หรือไม่การทดสอบ A/B ความละเอียดควรเป็นอะไรระยะเวลาการระบุแหล่งที่มาควรเป็นเท่าไหร่จงอธิบายเหตุผล,"เหมาะกับการวัดปฏิสัมพันธ์กับผู้ใช้ในแต่ละครั้งที่ใช้งาน

ระยะเวลาที่มาขึ้นอยู่กับวงจรการใช้งานของผู้ใช้ Hamtube โดยต้องเพียงพอในการวัดผลในระยะยาว",0.0
236,Q4,Hamtube เป็นแพลตฟอร์มดูวีดีโอออนไลน์แชร์และดูวิดีโอได้ hamtube และเขาต้องการทราบว่าการย้ายตำแหน่งของโฆษณาจะช่วยเพิ่มยอดขาย (ผู้ใช้คลิกโฆษณามากขึ้น) หรือไม่การทดสอบ A/B แฮมทาโร่จะต้องเลือกว่าอยากให้สัดส่วนของผู้ใช้ที่เห็นโฆษณาตำแหน่งเก่าผู้ใช้ที่เห็นโฆษณาตำแหน่งใหม่เป็นเท่าไร 50/50 กับ 80/20 จงอธิบายข้อดีข้อเสียของการเลือกสัดส่วนแต่ละแบบและตอบว่าแบบใดที่น่าจะเหมาะสมกับปัญหานี้มากกว่าและตอบว่าแบบใดที่น่าจะเหมาะสมกับปัญหานี้มากกว่า,"สัดส่วน 50/50 ข้อดีคือข้อดีคือ
ข้อเสียคือ
สัดส่วน 80/20 ข้อดีคือเปอร์เซ็นต์ตำแหน่งใหม่ที่เปลี่ยนที่จะโชว์ให้ผู้ใช้น้อย
ข้อเสียคือ
ดังนั้นแบบสัดส่วน 80/20 เหมาะสมกับปัญหานี้มากกว่า 50/50 อาจส่งผลกระทบต่อตัวแพลตฟอร์มที่เปิดมาแล้วมากเกินไปความเสี่ยงน้อยกว่า",5.0
237,Q3,Hamtube เป็นแพลตฟอร์มดูวีดีโอออนไลน์แชร์และดูวิดีโอได้ hamtube และเขาต้องการทราบว่าการย้ายตำแหน่งของโฆษณาจะช่วยเพิ่มยอดขาย (ผู้ใช้คลิกโฆษณามากขึ้น) หรือไม่การทดสอบ A/B แฮมทาโร่เลือกที่จะใช้การกระจายแบบทวินามเพื่อแทนการกระจายของการทำ A/B ทดสอบในครั้งนี้เพราะเหตุใดเพราะเหตุใด,ถ้าตามที่กำหนดไว้ในคำตอบก่อนหน้า Bernoulli แทนแต่หากว่าปรับเป็นว่าเทียบจำนวนครั้งที่คนกดโฆษณากี่คนในกลุ่มตัวอย่าง (ความสำเร็จในการทดลอง Bernoulli อิสระ) ก็นับว่าได้เหมือนกัน,5.0
238,Q4,Hamtube เป็นแพลตฟอร์มดูวีดีโอออนไลน์แชร์และดูวิดีโอได้ hamtube และเขาต้องการทราบว่าการย้ายตำแหน่งของโฆษณาจะช่วยเพิ่มยอดขาย (ผู้ใช้คลิกโฆษณามากขึ้น) หรือไม่การทดสอบ A/B แฮมทาโร่จะต้องเลือกว่าอยากให้สัดส่วนของผู้ใช้ที่เห็นโฆษณาตำแหน่งเก่าผู้ใช้ที่เห็นโฆษณาตำแหน่งใหม่เป็นเท่าไร 50/50 กับ 80/20 จงอธิบายข้อดีข้อเสียของการเลือกสัดส่วนแต่ละแบบจงอธิบายข้อดีข้อเสียของการเลือกสัดส่วนแต่ละแบบและตอบว่าแบบใดที่น่าจะเหมาะสมกับปัญหานี้มากกว่า,"สัดส่วน 50/50 มีข้อดีตรงสามารถเก็บข้อมูลได้เร็วกว่า (b) ที่วางมียอดคลิกโฆษณาน้อย (a) ไป
สัดส่วน 80/20 มีข้อเสียที่เก็บข้อมูลได้ช้ากว่าเพราะสัดส่วนที่เห็นเพียง 20% ต้องใช้เวลาในการเก็บให้ได้ครบยอด (b) ที่เลือกไว้มียอดการคลิกโฆษณาน้อยกว่าแบบเดิมจะไม่ส่งผลกระทบกับยอดโดยรวมมากนัก

เลือกแบบ 80/20 เพราะความเสี่ยงที่น้อยกว่าเมื่อมองจากมุมมองของเจ้าของแพลตฟอร์มเพื่อให้เกิดผลกระทบน้อยที่สุดระยะเวลาการระบุแหล่งที่มาเพียง 1 วันดังนั้นการเก็บข้อมูลให้ถึงยอดที่ต้องการจึงไม่เสียเวลานานเท่าไหร่ดังนั้นการเก็บข้อมูลให้ถึงยอดที่ต้องการจึงไม่เสียเวลานานเท่าไหร่",5.0
239,Q1,Hamtube เป็นแพลตฟอร์มดูวีดีโอออนไลน์แชร์และดูวิดีโอได้ hamtube และเขาต้องการทราบว่าการย้ายตำแหน่งของโฆษณาจะช่วยเพิ่มยอดขาย (ผู้ใช้คลิกโฆษณามากขึ้น) หรือไม่การทดสอบ A/B อธิบายเหตุผลที่แฮมทาโร่ควรใช้ A/B ทดสอบในการทดสอบพร้อมกับอธิบายเหตุผลพร้อมกับอธิบายเหตุผล,ควรใช้เพราะการทำ A/B ทดสอบทำให้สามารถแสดงถึงผลของการเปลี่ยนตำแหน่งการย้ายโฆษณาว่าจะเพิ่มยอดขายได้จริงหรือไม่ทดสอบยังเป็นสิ่งที่การทดสอบแบบง่ายและไม่ใช่ของใหม่ด้วย A/B จึงเหมาะสมการทดสอบจึงเหมาะสม,1.0
240,Q1,Hamtube เป็นแพลตฟอร์มดูวีดีโอออนไลน์แชร์และดูวิดีโอได้ hamtube และเขาต้องการทราบว่าการย้ายตำแหน่งของโฆษณาจะช่วยเพิ่มยอดขาย (ผู้ใช้คลิกโฆษณามากขึ้น) หรือไม่การทดสอบ A/B อธิบายเหตุผลที่แฮมทาโร่ควรใช้ A/B ทดสอบในการทดสอบพร้อมกับอธิบายเหตุผลพร้อมกับอธิบายเหตุผล,การทดสอบ A/B เป็นวิธีที่มีประสิทธิภาพในการทดสอบการเปลี่ยนแปลงหรือการปรับปรุงในแวดวงการตลาดและโฆษณาการทดสอบ A/B ในที่นี้เป็นการทดสอบการย้ายตำแหน่งของโฆษณาใน hamtube ว่าจะมีผลกระทบต่อยอดขายหรือไม่นอกจากจะช่วยลดความเสี่ยงแล้วยังช่วยให้ได้รู้ผลลัพธ์ของการเปลี่ยนแปลงแต่ละแบบอีกด้วยว่าจะมีผลกระทบต่อยอดขายหรือไม่,2.0
241,Q2,Hamtube เป็นแพลตฟอร์มดูวีดีโอออนไลน์แชร์และดูวิดีโอได้ hamtube และเขาต้องการทราบว่าการย้ายตำแหน่งของโฆษณาจะช่วยเพิ่มยอดขาย (ผู้ใช้คลิกโฆษณามากขึ้น) หรือไม่การทดสอบ A/B ความละเอียดควรเป็นอะไรระยะเวลาการระบุแหล่งที่มาควรเป็นเท่าไหร่จงอธิบายเหตุผล,"Granularity = จำนวนผู้ใช้ ID เพราะต้องการวัดจำนวนผู้ใช้งานที่เข้า hamtube พอเห็น ad แล้วคลิกไหม
ระยะเวลาการระบุแหล่งที่มา = 1 วันโฆษณาแล้วจะคลิกหรือไม่คลิกใช้เวลาตัดสินใจสั้น ๆ",5.0
242,Q2,Hamtube เป็นแพลตฟอร์มดูวีดีโอออนไลน์แชร์และดูวิดีโอได้ hamtube และเขาต้องการทราบว่าการย้ายตำแหน่งของโฆษณาจะช่วยเพิ่มยอดขาย (ผู้ใช้คลิกโฆษณามากขึ้น) หรือไม่การทดสอบ A/B ความละเอียดควรเป็นอะไรระยะเวลาการระบุแหล่งที่มาควรเป็นเท่าไหร่จงอธิบายเหตุผล,"สำหรับ A/B ทดสอบในการทดสอบตำแหน่งโฆษณาของ hamtube:
Granularity: ควรเลือก ""ระดับผู้ใช้"" หรือ ""ระดับเซสชัน"" ""ระดับผู้ใช้"" เหมาะสำหรับการติดตามพฤติกรรมระยะยาวขณะที่ ""ระดับเซสชัน"" เหมาะกับการวิเคราะห์พฤติกรรมในแต่ละเซสชั่น
ระยะเวลาที่มา: ระยะเวลา 7-14 วันช่วงเวลานี้ให้ข้อมูลที่ครอบคลุมแต่ไม่ยืดเยื้อจนเกินไป",0.0
243,Q4,Hamtube เป็นแพลตฟอร์มดูวีดีโอออนไลน์แชร์และดูวิดีโอได้ hamtube และเขาต้องการทราบว่าการย้ายตำแหน่งของโฆษณาจะช่วยเพิ่มยอดขาย (ผู้ใช้คลิกโฆษณามากขึ้น) หรือไม่การทดสอบ A/B แฮมทาโร่จะต้องเลือกว่าอยากให้สัดส่วนของผู้ใช้ที่เห็นโฆษณาตำแหน่งเก่าผู้ใช้ที่เห็นโฆษณาตำแหน่งใหม่เป็นเท่าไร 50/50 กับ 80/20 จงอธิบายข้อดีข้อเสียของการเลือกสัดส่วนแต่ละแบบและตอบว่าแบบใดที่น่าจะเหมาะสมกับปัญหานี้มากกว่าและตอบว่าแบบใดที่น่าจะเหมาะสมกับปัญหานี้มากกว่า,"- สัดส่วน 50/50 เป็นสัดส่วนที่จะทำให้เห็นผลเร็วเพราะมีการเปลี่ยนแปลงถึง 50% แต่หากมีข้อผิดพลาดก็จะส่งผลกระทบมากกว่า
- สัดส่วน 80/20 จะเห็นผลช้าแต่หากมีข้อผิดพลาดก็จะส่งผลกระทบน้อยกว่า
- 80/20 เหมาะสมกว่า",5.0
244,Q2,Hamtube เป็นแพลตฟอร์มดูวีดีโอออนไลน์แชร์และดูวิดีโอได้ hamtube และเขาต้องการทราบว่าการย้ายตำแหน่งของโฆษณาจะช่วยเพิ่มยอดขาย (ผู้ใช้คลิกโฆษณามากขึ้น) หรือไม่การทดสอบ A/B ความละเอียดควรเป็นอะไรระยะเวลาการระบุแหล่งที่มาควรเป็นเท่าไหร่จงอธิบายเหตุผล,"Granularity: จำนวนการคลิกโฆษณาคุกกี้ที่เข้าใช้คุกกี้เนื่องจากมีความแม่นยำกว่าการนับฮิต/การแสดงผลและใช้ได้จริง
ระยะเวลาที่มา: 1 วัน",5.0
245,Q2,Hamtube เป็นแพลตฟอร์มดูวีดีโอออนไลน์แชร์และดูวิดีโอได้ hamtube และเขาต้องการทราบว่าการย้ายตำแหน่งของโฆษณาจะช่วยเพิ่มยอดขาย (ผู้ใช้คลิกโฆษณามากขึ้น) หรือไม่การทดสอบ A/B ความละเอียดควรเป็นอะไรระยะเวลาการระบุแหล่งที่มาควรเป็นเท่าไหร่จงอธิบายเหตุผล,ควรเป็นเซสชันความละเอียด (จำนวนครั้งที่ถูกเข้าใช้) ช่วยให้ทำความเข้าใจว่าการเปลี่ยนแปลงตำแหน่งโฆษณาส่งผลต่อการกระทำของผู้ใช้ในแต่ละเซสชันอย่างไรระยะเวลาการระบุแหล่งที่มาระหว่าง 1 ถึง 4 สัปดาห์ขึ้นอยู่กับรอบการใช้งานของผู้ใช้บนแพลตฟอร์มเนื่องจากสามารถวัดผลกระทบของการเปลี่ยนแปลงโฆษณาต่อพฤติกรรมผู้ใช้เป็นระยะเวลานานพอที่จะบันทึกการเปลี่ยนแปลงพฤติกรรมการดังนั้นการมีระยะเวลาที่นานขึ้นช่วยให้สามารถบันทึกการใช้งานของผู้ใช้ได้หลากหลายยิ่งขึ้นดังนั้นการมีระยะเวลาที่นานขึ้นช่วยให้สามารถบันทึกการใช้งานของผู้ใช้ได้หลากหลายยิ่งขึ้นดังนั้นการมีระยะเวลาที่นานขึ้นช่วยให้สามารถบันทึกการใช้งานของผู้ใช้ได้หลากหลายยิ่งขึ้น,0.0
246,Q2,Hamtube เป็นแพลตฟอร์มดูวีดีโอออนไลน์แชร์และดูวิดีโอได้ hamtube และเขาต้องการทราบว่าการย้ายตำแหน่งของโฆษณาจะช่วยเพิ่มยอดขาย (ผู้ใช้คลิกโฆษณามากขึ้น) หรือไม่การทดสอบ A/B ความละเอียดควรเป็นอะไรระยะเวลาการระบุแหล่งที่มาควรเป็นเท่าไหร่จงอธิบายเหตุผล,"Granularity ควรจะเป็นระดับที่เหมาะสมกับการวิเคราะห์, เช่นระดับผู้ใช้งานแต่ละคนหรือการดูแต่ละครั้งระยะเวลาการระบุแหล่งที่มาหมายถึงระยะเวลาที่กำหนดว่าคลิกหรือการโต้ตอบอื่นๆ, สัปดาห์,",5.0
247,Q2,Hamtube เป็นแพลตฟอร์มดูวีดีโอออนไลน์แชร์และดูวิดีโอได้ hamtube และเขาต้องการทราบว่าการย้ายตำแหน่งของโฆษณาจะช่วยเพิ่มยอดขาย (ผู้ใช้คลิกโฆษณามากขึ้น) หรือไม่การทดสอบ A/B ความละเอียดควรเป็นอะไรระยะเวลาการระบุแหล่งที่มาควรเป็นเท่าไหร่จงอธิบายเหตุผล,"Granularity = จำนวนผู้ใช้ที่คลิกโฆษณา / จำนวนผู้ใช้ที่มองเห็นโฆษณาเพราะทำได้ง่ายและได้เข้าถึงพฤติกรรมการคลิกโฆษณาของตัวผู้ใช้ได้โดยตรง
โดยมีระยะเวลาการระบุแหล่งที่มา = 1 วันระยะเวลามากเกินไปอาจมีหลายปัจจัยที่จะทำให้ผู้ใช้กลับมาคลิกโฆษณาตัวอย่างเช่นไปเห็นโฆษณาที่อื่นแล้วกลับมาคลิกที่เว็ปของเรา",5.0
248,Q2,Hamtube เป็นแพลตฟอร์มดูวีดีโอออนไลน์แชร์และดูวิดีโอได้ hamtube และเขาต้องการทราบว่าการย้ายตำแหน่งของโฆษณาจะช่วยเพิ่มยอดขาย (ผู้ใช้คลิกโฆษณามากขึ้น) หรือไม่การทดสอบ A/B ความละเอียดควรเป็นอะไรระยะเวลาการระบุแหล่งที่มาควรเป็นเท่าไหร่จงอธิบายเหตุผล,"ความละเอียดคือจำนวนคนที่กดเข้าโฆษณาในแต่ละที่ / จำนวนครั้งที่โฆษณาโชว์ให้ผู้ใช้เห็น
ความยาวของระยะเวลาการระบุแหล่งที่มาใช้ 1 วันเป็นเวลาที่เหมาะสมไม่มากไม่น้อยจนเกินไปถ้าน้อยกว่านี้อาจวัดผลไรไม่ได้มากไปก็คนเห็นบ่อยก็อาจตัดปัญหากดซะเลยทำให้วันไรไม่ได้",5.0
249,Q1,Hamtube เป็นแพลตฟอร์มดูวีดีโอออนไลน์แชร์และดูวิดีโอได้ hamtube และเขาต้องการทราบว่าการย้ายตำแหน่งของโฆษณาจะช่วยเพิ่มยอดขาย (ผู้ใช้คลิกโฆษณามากขึ้น) หรือไม่การทดสอบ A/B อธิบายเหตุผลที่แฮมทาโร่ควรใช้ A/B ทดสอบในการทดสอบพร้อมกับอธิบายเหตุผลพร้อมกับอธิบายเหตุผล,เห็นด้วย hamtaro ต้องการมดวอลคือการทดสอบระหว่าง (a) ตำแหน่งโฆษณาเดิมกับ (b) ตำแหน่งโฆษณาใหม่การทดสอบ A/B โดยการวัดจากการกดเข้ามาที่โฆษณาจากตำแหน่งโฆษณาเดิมและ A/B การทดสอบ A/B,1.0
250,Q2,Hamtube เป็นแพลตฟอร์มดูวีดีโอออนไลน์แชร์และดูวิดีโอได้ hamtube และเขาต้องการทราบว่าการย้ายตำแหน่งของโฆษณาจะช่วยเพิ่มยอดขาย (ผู้ใช้คลิกโฆษณามากขึ้น) หรือไม่การทดสอบ A/B ความละเอียดควรเป็นอะไรระยะเวลาการระบุแหล่งที่มาควรเป็นเท่าไหร่จงอธิบายเหตุผล,"ตัวเศษ - จำนวนครั้งผู้ใช้ที่คลิกโฆษณา
ตัวส่วน - เซสชันจำนวนครั้งที่ผู้ใช้เข้า Hamtube; หมดเวลาเมื่อผ่านไป 1 ชั่วโมง
ระยะเวลาที่มา: 1 ชั่วโมงเซสชันใช่เวลาอย่างมาก 1 ชั่วโมง",4.5
251,Q4,Hamtube เป็นแพลตฟอร์มดูวีดีโอออนไลน์แชร์และดูวิดีโอได้ hamtube และเขาต้องการทราบว่าการย้ายตำแหน่งของโฆษณาจะช่วยเพิ่มยอดขาย (ผู้ใช้คลิกโฆษณามากขึ้น) หรือไม่การทดสอบ A/B แฮมทาโร่จะต้องเลือกว่าอยากให้สัดส่วนของผู้ใช้ที่เห็นโฆษณาตำแหน่งเก่าผู้ใช้ที่เห็นโฆษณาตำแหน่งใหม่เป็นเท่าไร 50/50 กับ 80/20 จงอธิบายข้อดีข้อเสียของการเลือกสัดส่วนแต่ละแบบและตอบว่าแบบใดที่น่าจะเหมาะสมกับปัญหานี้มากกว่าและตอบว่าแบบใดที่น่าจะเหมาะสมกับปัญหานี้มากกว่า,ในกรณีที่เป็นบริษัทเล็กที่มีความเร่งรีบในการเลือกคุณสมบัติที่ดีทีสุด 50/50 จะช่วยให้เราเห็นผลลัพธ์ได้รวดเร็วกว่าแต่ก็อาจจะต้องแลกมาด้วยความเสี่ยงที่จะได้รับความเสียหายทางรายได้ที่มากกว่าในกรณีที่คุณสมบัติใหม่นั้นให้ผลลัพธ์ที่แย่กว่าเดิม,5.0
252,Q3,Hamtube เป็นแพลตฟอร์มดูวีดีโอออนไลน์แชร์และดูวิดีโอได้ hamtube และเขาต้องการทราบว่าการย้ายตำแหน่งของโฆษณาจะช่วยเพิ่มยอดขาย (ผู้ใช้คลิกโฆษณามากขึ้น) หรือไม่การทดสอบ A/B แฮมทาโร่เลือกที่จะใช้การกระจายแบบทวินามเพื่อแทนการกระจายของการทำ A/B ทดสอบในครั้งนี้เพราะเหตุใดเพราะเหตุใด,เห็นด้วยแสดงของโฆษณากำหนดไว้แล้วว่า a และ b จะถูกเห็นโดยกี่คนอัตราการคลิกของแต่ละแบบการแจกแจงทวินาม,5.0
253,Q3,Hamtube เป็นแพลตฟอร์มดูวีดีโอออนไลน์แชร์และดูวิดีโอได้ hamtube และเขาต้องการทราบว่าการย้ายตำแหน่งของโฆษณาจะช่วยเพิ่มยอดขาย (ผู้ใช้คลิกโฆษณามากขึ้น) หรือไม่การทดสอบ A/B แฮมทาโร่เลือกที่จะใช้การกระจายแบบทวินามเพื่อแทนการกระจายของการทำ A/B ทดสอบในครั้งนี้เพราะเหตุใดเพราะเหตุใด,เห็นด้วยผลลัพธ์ของการทดสอบนี้ผลลัพธ์ไบนารี (คลิก/ไม่คลิก) เลยตรงกับการใช้การกระจายแบบทวินาม,5.0
254,Q3,Hamtube เป็นแพลตฟอร์มดูวีดีโอออนไลน์แชร์และดูวิดีโอได้ hamtube และเขาต้องการทราบว่าการย้ายตำแหน่งของโฆษณาจะช่วยเพิ่มยอดขาย (ผู้ใช้คลิกโฆษณามากขึ้น) หรือไม่การทดสอบ A/B แฮมทาโร่เลือกที่จะใช้การกระจายแบบทวินามเพื่อแทนการกระจายของการทำ A/B ทดสอบในครั้งนี้เพราะเหตุใดเพราะเหตุใด,checkout หรือไม่การชำระเงินการใช้ bionomial เหมือนการนำ bernouli หลายๆอันมารวมกันถือว่าเหมาะสมถือว่าเหมาะสม,5.0
255,Q3,Hamtube เป็นแพลตฟอร์มดูวีดีโอออนไลน์แชร์และดูวิดีโอได้ hamtube และเขาต้องการทราบว่าการย้ายตำแหน่งของโฆษณาจะช่วยเพิ่มยอดขาย (ผู้ใช้คลิกโฆษณามากขึ้น) หรือไม่การทดสอบ A/B แฮมทาโร่เลือกที่จะใช้การกระจายแบบทวินามเพื่อแทนการกระจายของการทำ A/B ทดสอบในครั้งนี้เพราะเหตุใดเพราะเหตุใด,การทดสอบ a/b จะมีแค่สองทางเลือก (a) และไม่คลิก (b) ซึ่งสอดคล้องกับการกระจายแบบทวินามที่เหมาะสมกับการนับจำนวนครั้งที่ผู้ใช้คลิกโฆษณาการกระจายแบบทวินามเป็นเหตุผลที่เหมาะสมเป็นเหตุผลที่เหมาะสม,5.0
256,Q4,Hamtube เป็นแพลตฟอร์มดูวีดีโอออนไลน์แชร์และดูวิดีโอได้ hamtube และเขาต้องการทราบว่าการย้ายตำแหน่งของโฆษณาจะช่วยเพิ่มยอดขาย (ผู้ใช้คลิกโฆษณามากขึ้น) หรือไม่การทดสอบ A/B แฮมทาโร่จะต้องเลือกว่าอยากให้สัดส่วนของผู้ใช้ที่เห็นโฆษณาตำแหน่งเก่าผู้ใช้ที่เห็นโฆษณาตำแหน่งใหม่เป็นเท่าไร 50/50 กับ 80/20 จงอธิบายข้อดีข้อเสียของการเลือกสัดส่วนแต่ละแบบและตอบว่าแบบใดที่น่าจะเหมาะสมกับปัญหานี้มากกว่าและตอบว่าแบบใดที่น่าจะเหมาะสมกับปัญหานี้มากกว่า,"50:50
ข้อดี:
- ผลลัพธ์ไม่ถูกผลกระทบจากปัจจัยที่ไม่เกี่ยวข้องผู้ใช้ที่เห็นโฆษณาตำแหน่งเก่าและใหม่เท่ากัน
- ผลลัพธ์มีความน่าเชื่อถือมากขึ้น
จุดด้อย:
- อาจทำให้เสียรายได้เนื่องจากมีผู้ใช้ที่เห็นโฆษณาตำแหน่งเก่าน้อยลง

80:20
ข้อดี:
- รักษารายได้ที่มีในปัจจุบัน
- ลดสัดส่วนของผู้ใช้ที่เห็นโฆษณาตำแหน่งใหม่ทำให้ไม่เสียรายมากนัก
จุดด้อย:
- ทำให้มีการทดลองที่ไม่เท่าเทียม
- ใช้เวลานานกว่าในการเก็บข้อมูลและตรวจสอบผลลัพธ์

การเลือกสัดส่วน 50/50 เพื่อให้ได้ผลลัพธ์ที่เปรียบเทียบได้และน่าเชื่อถือมากขึ้น 80/20 อาจจะรักษารายได้ได้แต่ความน่าเชื่อถือในผลลัพธ์จะลดลง",5.0
257,Q4,Hamtube เป็นแพลตฟอร์มดูวีดีโอออนไลน์แชร์และดูวิดีโอได้ hamtube และเขาต้องการทราบว่าการย้ายตำแหน่งของโฆษณาจะช่วยเพิ่มยอดขาย (ผู้ใช้คลิกโฆษณามากขึ้น) หรือไม่การทดสอบ A/B แฮมทาโร่จะต้องเลือกว่าอยากให้สัดส่วนของผู้ใช้ที่เห็นโฆษณาตำแหน่งเก่าผู้ใช้ที่เห็นโฆษณาตำแหน่งใหม่เป็นเท่าไร 50/50 กับ 80/20 จงอธิบายข้อดีข้อเสียของการเลือกสัดส่วนแต่ละแบบจงอธิบายข้อดีข้อเสียของการเลือกสัดส่วนแต่ละแบบและตอบว่าแบบใดที่น่าจะเหมาะสมกับปัญหานี้มากกว่า,"50/50 ข้อดี: สามารถเก็บข้อมูลได้ครบตามปริมาณที่ต้องการทดสอบได้เร็ว
          ข้อเสีย: มีความเสี่ยงที่ตำแหน่งใหม่ที่เปลี่ยนไปวางโฆษณาจะเป็นตำแหน่งที่ทำให้ผู้ใช้สนใจน้อยลงมากจนเสียผลได้จากตำแหน่งเก่าไปมาก
80/20 ข้อดี: มีความเสี่ยงต่ำเพราะหากเกิดการสูญเสียหรือหรือผลลัพธ์ของแบบใหม่ออกมาไม่ได้
          ข้อเสีย: ใช้ระยะเวลาที่นานกว่าจะเก็บข้อมูลตัวอย่างได้มากพอที่กำหนดไว้
ขอเลือกเป็น 80/20 เนื่องจากเพื่อไม่ให้เสียผลประโยชน์มากเกินจนอาจจะพังได้เพื่อไม่ให้เสียผลประโยชน์มากเกินจนอาจจะพังได้และและและและช่วงเวลาและและ 7 วันวันดังนั้นเราจึงไม่ได้ใช้เวลานานมากนักจากการเก็บข้อมูลดังนั้นเราจึงไม่ได้ใช้เวลานานมากนักจากการเก็บข้อมูลดังนั้นเราจึงไม่ได้ใช้เวลานานมากนักจากการเก็บข้อมูล",5.0
258,Q2,Hamtube เป็นแพลตฟอร์มดูวีดีโอออนไลน์แชร์และดูวิดีโอได้ hamtube และเขาต้องการทราบว่าการย้ายตำแหน่งของโฆษณาจะช่วยเพิ่มยอดขาย (ผู้ใช้คลิกโฆษณามากขึ้น) หรือไม่การทดสอบ A/B ความละเอียดควรเป็นอะไรระยะเวลาการระบุแหล่งที่มาควรเป็นเท่าไหร่จงอธิบายเหตุผล,"Granularity เป็นจำนวนการคลิ๊กโฆษณา, ระยะเวลาการระบุแหล่งที่มาเป็นอย่างน้อย 1 เดือนเพราะต้องมีเวลามากพอในการเก็บข้อมูลใหม่เพื่อนำไปเปรียบเทียบกับข้อมูลเก่า",0.0
259,Q2,Hamtube เป็นแพลตฟอร์มดูวีดีโอออนไลน์แชร์และดูวิดีโอได้ hamtube และเขาต้องการทราบว่าการย้ายตำแหน่งของโฆษณาจะช่วยเพิ่มยอดขาย (ผู้ใช้คลิกโฆษณามากขึ้น) หรือไม่การทดสอบ A/B ความละเอียดควรเป็นอะไรระยะเวลาการระบุแหล่งที่มาควรเป็นเท่าไหร่จงอธิบายเหตุผล,"Granularity: จำนวนผู้ใช้ (แยกตามรหัสผู้ใช้) ที่คลิกโฆษณา / จำนวนผู้ใช้ที่เห็นโฆษณารูปแบบดังกล่าว
ระยะเวลาที่มา: 1 วัน
เหตุผล: เลือก granularity ดังกล่าวเพราะว่าเพื่อลดให้เข้าใจพฤติกรรมของผู้ใช้แต่ละคนจริงๆ (เช็คด้วยบัญชีละอนุมานว่าผู้ใช้ส่วนใหญ่มีบัญชีเดียว) และการเลือกระยะเวลาเป็น 1 วันก็เพราะถ้าหากเราเลือกน้อยโฆษณาเนื้อหาอาจจะมีผลกับข้อมูลที่ได้รับ (ผู้ใช้เลือกกดดูโฆษณาบางแบรนด์มากกว่า) แต่ถ้าหากมากกว่านี้อัตราการกดจะสูงเกินจริง (ทิ้งไว้นานผู้ใช้ก็จะกดโฆษณาสักตัวไม่ว่าจะเป็นเลย์เอาต์ไหน)",5.0
260,Q2,Hamtube เป็นแพลตฟอร์มดูวีดีโอออนไลน์แชร์และดูวิดีโอได้ hamtube และเขาต้องการทราบว่าการย้ายตำแหน่งของโฆษณาจะช่วยเพิ่มยอดขาย (ผู้ใช้คลิกโฆษณามากขึ้น) หรือไม่การทดสอบ A/B ความละเอียดควรเป็นอะไรระยะเวลาการระบุแหล่งที่มาควรเป็นเท่าไหร่จงอธิบายเหตุผล,ความละเอียดเป็นฮิต/วันและระยะเวลาการระบุแหล่งที่มาเป็น 1 วันเพื่อให้สามารถวิเคราะห์ได้ว่าการย้ายโฆษณาส่งผลหรือไม่และไม่เป็นการทิ้งระยะเวลานานเกินไป,0.0
261,Q1,Hamtube เป็นแพลตฟอร์มดูวีดีโอออนไลน์แชร์และดูวิดีโอได้ hamtube และเขาต้องการทราบว่าการย้ายตำแหน่งของโฆษณาจะช่วยเพิ่มยอดขาย (ผู้ใช้คลิกโฆษณามากขึ้น) หรือไม่การทดสอบ A/B อธิบายเหตุผลที่แฮมทาโร่ควรใช้ A/B ทดสอบในการทดสอบพร้อมกับอธิบายเหตุผลพร้อมกับอธิบายเหตุผล,แฮมทาโร่ควรใช้ A/B การทดสอบเพราะเขามีตำแหน่งเดิมของโฆษณาใน hamtube อยู่แล้ว A/B ทดสอบที่มีสิ่งเดิม A/B ทดสอบเหมาะกับแพลตฟอร์มออนไลน์ที่สามารถปรับรูปแบบการวางตำแหน่งของโฆษณาในผู้ใช้ที่แตกต่างกันได้เหมาะกับแพลตฟอร์มออนไลน์ที่สามารถปรับรูปแบบการวางตำแหน่งของโฆษณาในผู้ใช้ที่แตกต่างกันได้,1.0
262,Q3,Hamtube เป็นแพลตฟอร์มดูวีดีโอออนไลน์แชร์และดูวิดีโอได้ hamtube และเขาต้องการทราบว่าการย้ายตำแหน่งของโฆษณาจะช่วยเพิ่มยอดขาย (ผู้ใช้คลิกโฆษณามากขึ้น) หรือไม่การทดสอบ A/B แฮมทาโร่เลือกที่จะใช้การกระจายแบบทวินามเพื่อแทนการกระจายของการทำ A/B ทดสอบในครั้งนี้เพราะเหตุใดเพราะเหตุใด,เห็นด้วย bernouli หลายรอบรอบรอบรอบรอบรอบรอบรอบรอบรอบ,5.0
263,Q4,Hamtube เป็นแพลตฟอร์มดูวีดีโอออนไลน์แชร์และดูวิดีโอได้ hamtube และเขาต้องการทราบว่าการย้ายตำแหน่งของโฆษณาจะช่วยเพิ่มยอดขาย (ผู้ใช้คลิกโฆษณามากขึ้น) หรือไม่การทดสอบ A/B แฮมทาโร่จะต้องเลือกว่าอยากให้สัดส่วนของผู้ใช้ที่เห็นโฆษณาตำแหน่งเก่าผู้ใช้ที่เห็นโฆษณาตำแหน่งใหม่เป็นเท่าไร 50/50 กับ 80/20 จงอธิบายข้อดีข้อเสียของการเลือกสัดส่วนแต่ละแบบจงอธิบายข้อดีข้อเสียของการเลือกสัดส่วนแต่ละแบบและตอบว่าแบบใดที่น่าจะเหมาะสมกับปัญหานี้มากกว่า,"สัดส่วน 50/50 ทำให้เราสามารถเก็บข้อมูลและเห็นความแตกต่างได้อย่างรวดเร็วทำให้เราสามารถเก็บข้อมูลและเห็นความแตกต่างได้อย่างรวดเร็ว
สัดส่วน 80/20 เนื่องจากมีแค่ 20% ของผู้ใช้ที่จะเจอตำแหน่งใหม่ 50/50
เลือกสัดส่วนแบบ 80/20 เพราะมีความเสี่ยงน้อยกว่า",5.0
264,Q1,Hamtube เป็นแพลตฟอร์มดูวีดีโอออนไลน์แชร์และดูวิดีโอได้ hamtube และเขาต้องการทราบว่าการย้ายตำแหน่งของโฆษณาจะช่วยเพิ่มยอดขาย (ผู้ใช้คลิกโฆษณามากขึ้น) หรือไม่การทดสอบ A/B อธิบายเหตุผลที่แฮมทาโร่ควรใช้ A/B ทดสอบในการทดสอบพร้อมกับอธิบายเหตุผลพร้อมกับอธิบายเหตุผล,ควรใช้เพราะจะได้ทำการทดสอบว่าการย้ายตำแหน่งโฆษณานั้นมีผลกับยอดขายหรือไม่ 2 แยกกัน 11.11 หรือวันอื่นๆที่เลขวันและเดือนตรงกันผู้ใช้มีความสนใจต่อโฆษณามากขึ้นซึ่งอาจจะทำให้อัตราการกดวีดีโอมากขึ้นได้,3.0
265,Q4,Hamtube เป็นแพลตฟอร์มดูวีดีโอออนไลน์แชร์และดูวิดีโอได้ hamtube และเขาต้องการทราบว่าการย้ายตำแหน่งของโฆษณาจะช่วยเพิ่มยอดขาย (ผู้ใช้คลิกโฆษณามากขึ้น) หรือไม่การทดสอบ A/B แฮมทาโร่จะต้องเลือกว่าอยากให้สัดส่วนของผู้ใช้ที่เห็นโฆษณาตำแหน่งเก่าผู้ใช้ที่เห็นโฆษณาตำแหน่งใหม่เป็นเท่าไร 50/50 กับ 80/20 จงอธิบายข้อดีข้อเสียของการเลือกสัดส่วนแต่ละแบบจงอธิบายข้อดีข้อเสียของการเลือกสัดส่วนแต่ละแบบและตอบว่าแบบใดที่น่าจะเหมาะสมกับปัญหานี้มากกว่า,"50/50 มีข้อดีที่ทำให้ได้ข้อมูลที่สมดุลและเร็วในการได้ผลลัพธ์แต่มีข้อเสียคือหากการเปลี่ยนแปลงมีผลกระทบที่ใหญ่หลวง, จะส่งผลต่อจำนวนผู้ใช้ที่มากขึ้น
80/20 มีข้อดีที่มีความเสี่ยงน้อยกว่าแต่การทดสอบโดยมีผลกระทบน้อยอาจทำให้ไม่สามารถจับภาพรวมการใช้งานของผู้ใช้ที่หลากหลายได้ดีนอกจากนี้ยังใช้เวลานานกว่าในการรวบรวมข้อมูลที่มีนัยสำคัญอาจไม่ได้ข้อมูลเพียงพอที่จะสร้างการวิเคราะห์ที่มีความน่าเชื่อถือ
แบบ 80/20 จะเหมาะสมกว่า hamtube ในกรณีที่ทำอะไรผิดพลาดจะได้รับความเสียหายที่น้อยกว่า",5.0
266,Q4,Hamtube เป็นแพลตฟอร์มดูวีดีโอออนไลน์แชร์และดูวิดีโอได้ hamtube และเขาต้องการทราบว่าการย้ายตำแหน่งของโฆษณาจะช่วยเพิ่มยอดขาย (ผู้ใช้คลิกโฆษณามากขึ้น) หรือไม่การทดสอบ A/B แฮมทาโร่จะต้องเลือกว่าอยากให้สัดส่วนของผู้ใช้ที่เห็นโฆษณาตำแหน่งเก่าผู้ใช้ที่เห็นโฆษณาตำแหน่งใหม่เป็นเท่าไร 50/50 กับ 80/20 จงอธิบายข้อดีข้อเสียของการเลือกสัดส่วนแต่ละแบบจงอธิบายข้อดีข้อเสียของการเลือกสัดส่วนแต่ละแบบและตอบว่าแบบใดที่น่าจะเหมาะสมกับปัญหานี้มากกว่า,"ควรเลือก 80/20 มากกว่า
โดย 50/50 จะได้ผลลัพธ์ที่รวดเร็วแต่เสี่ยงสูงเพราะการย้ายตำแหน่งไม่ดีก็จะเสียโอกาสการทำรายได้ไปเยอะ
80/20 แม้ใช้เวลานานแต่มีความแม่นยำสูง 80/20 มากกว่า",5.0
267,Q2,Hamtube เป็นแพลตฟอร์มดูวีดีโอออนไลน์แชร์และดูวิดีโอได้ hamtube และเขาต้องการทราบว่าการย้ายตำแหน่งของโฆษณาจะช่วยเพิ่มยอดขาย (ผู้ใช้คลิกโฆษณามากขึ้น) หรือไม่การทดสอบ A/B ความละเอียดควรเป็นอะไรระยะเวลาการระบุแหล่งที่มาควรเป็นเท่าไหร่จงอธิบายเหตุผล,"Granularity ควรเป็นต่อยอดการเห็นโฆษณาเนื่องจากว่าเนื่องจากว่าผู้ใช้ก็ควรที่จะคลิกที่โฆษณาบ่อยขึ้น
 ระยะเวลาการระบุแหล่งที่มาอาจเป็นระยะเวลาสั้นมากๆประมาณ 1 นาทีการเห็นโฆษณาแล้วคลิกซึ่งเป็นสิ่งที่เกิดขึ้นแบบรวดเร็วซึ่งเป็นสิ่งที่เกิดขึ้นแบบรวดเร็วการทดสอบเพื่อให้เห็นผลของการย้ายตำแหน่งจริงๆการทดสอบเพื่อให้เห็นผลของการย้ายตำแหน่งจริงๆจึงไม่ควรใช้เวลานานมากในแต่ละจึงไม่ควรใช้เวลานานมากในแต่ละจึงไม่ควรใช้เวลานานมากในแต่ละจึงไม่ควรใช้เวลานานมากในแต่ละจึงไม่ควรใช้เวลานานมากในแต่ละ",5.0
268,Q2,Hamtube เป็นแพลตฟอร์มดูวีดีโอออนไลน์แชร์และดูวิดีโอได้ hamtube และเขาต้องการทราบว่าการย้ายตำแหน่งของโฆษณาจะช่วยเพิ่มยอดขาย (ผู้ใช้คลิกโฆษณามากขึ้น) หรือไม่การทดสอบ A/B ความละเอียดควรเป็นอะไรระยะเวลาการระบุแหล่งที่มาควรเป็นเท่าไหร่จงอธิบายเหตุผล,"Granularity ควรเป็นจำนวนครั้งที่ผู้ใช้แต่ละคนเห็นโฆษณา
ระยะเวลาการระบุแหล่งที่มาเป็น 1 วัน 1 วันผู้ใช้ได้กดโฆษณาในตำแหน่งนั้นหรือไม่หรือไม่",0.5
269,Q1,Hamtube เป็นแพลตฟอร์มดูวีดีโอออนไลน์แชร์และดูวิดีโอได้ hamtube และเขาต้องการทราบว่าการย้ายตำแหน่งของโฆษณาจะช่วยเพิ่มยอดขาย (ผู้ใช้คลิกโฆษณามากขึ้น) หรือไม่การทดสอบ A/B อธิบายเหตุผลที่แฮมทาโร่ควรใช้ A/B ทดสอบในการทดสอบพร้อมกับอธิบายเหตุผลพร้อมกับอธิบายเหตุผล,เพราะปกติเเล้ว A/B ทดสอบไว้ใช้เพิ่มประสิทธิภาพแคมเปญการตลาดสำหรับกรณีนี้ hamtaro ต้องการทดสอบว่าต้องการทดสอบว่าการย้ายตำแหน่งของโฆษณามีผลต้อการเพิ่มยอดขายไหม,0.5
270,Q4,Hamtube เป็นแพลตฟอร์มดูวีดีโอออนไลน์แชร์และดูวิดีโอได้ hamtube และเขาต้องการทราบว่าการย้ายตำแหน่งของโฆษณาจะช่วยเพิ่มยอดขาย (ผู้ใช้คลิกโฆษณามากขึ้น) หรือไม่การทดสอบ A/B แฮมทาโร่จะต้องเลือกว่าอยากให้สัดส่วนของผู้ใช้ที่เห็นโฆษณาตำแหน่งเก่าผู้ใช้ที่เห็นโฆษณาตำแหน่งใหม่เป็นเท่าไร 50/50 กับ 80/20 จงอธิบายข้อดีข้อเสียของการเลือกสัดส่วนแต่ละแบบจงอธิบายข้อดีข้อเสียของการเลือกสัดส่วนแต่ละแบบและตอบว่าแบบใดที่น่าจะเหมาะสมกับปัญหานี้มากกว่า,"50/50
ข้อดี: ได้ข้อมูลครบอย่างรวดเร็วเพราะทั้งสองกลุ่มจะใช้เวลาเก็บตัวอย่างเท่า ๆ กัน
ข้อเสีย: 
1. มีความเสี่ยงต่อธุรกิจเนื่องจากหากทดลองสร้างผลกระทบทางลบจะทำให้ธุรกิจเสียหายมาก
2. เกิดอิสระได้ง่ายผู้ใช้เห็นความเปลี่ยนแปลงจำนวนมากผู้ใช้ 2 กลุ่มคุยกัน

80/20
ข้อดี: ความเสี่ยงต่ำ
ข้อเสีย: เก็บตัวอย่างกลุ่มเล็กได้ช้า

เลือก 80/20 เพราะระบบโฆษณาส่งผลต่อรายได้่ของธุรกิจมากจึงไม่ควรเสี่ยงเกินไป",5.0
271,Q2,Hamtube เป็นแพลตฟอร์มดูวีดีโอออนไลน์แชร์และดูวิดีโอได้ hamtube และเขาต้องการทราบว่าการย้ายตำแหน่งของโฆษณาจะช่วยเพิ่มยอดขาย (ผู้ใช้คลิกโฆษณามากขึ้น) หรือไม่การทดสอบ A/B ความละเอียดควรเป็นอะไรระยะเวลาการระบุแหล่งที่มาควรเป็นเท่าไหร่จงอธิบายเหตุผล,"Granularity เป็น userid ที่คลิกโฆษณา / จำนวน userid ทั้งหมดที่เห็นโฆษณา
ระยะเวลาที่มาควรเป็น 1 วันเพราะในแต่ละวันโฆษณาอาจจะต่างกัน",4.0
272,Q4,Hamtube เป็นแพลตฟอร์มดูวีดีโอออนไลน์แชร์และดูวิดีโอได้ hamtube และเขาต้องการทราบว่าการย้ายตำแหน่งของโฆษณาจะช่วยเพิ่มยอดขาย (ผู้ใช้คลิกโฆษณามากขึ้น) หรือไม่การทดสอบ A/B แฮมทาโร่จะต้องเลือกว่าอยากให้สัดส่วนของผู้ใช้ที่เห็นโฆษณาตำแหน่งเก่าผู้ใช้ที่เห็นโฆษณาตำแหน่งใหม่เป็นเท่าไร 50/50 กับ 80/20 จงอธิบายข้อดีข้อเสียของการเลือกสัดส่วนแต่ละแบบจงอธิบายข้อดีข้อเสียของการเลือกสัดส่วนแต่ละแบบและตอบว่าแบบใดที่น่าจะเหมาะสมกับปัญหานี้มากกว่า,"ข้อดี/ข้อเสีย
50/50
ข้อดี: ใช้เวลาน้อยในการเก็บตัวอย่างของกลุ่ม 2 กลุ่มที่เห็นโฆษณาตำแหน่งต่างกันให้ได้เท่ากัน
ข้อเสีย: ความเสี่ยงต่อยอดขายสูงเพราะเราไม่รู้ว่าแบบใหม่ที่นำไปใช้จะมีปัญหาอะไรที่กระทบกับยอดขายไหมความเสี่ยงต่อยอดขายสูงเพราะเราไม่รู้ว่าแบบใหม่ที่นำไปใช้จะมีปัญหาอะไรที่กระทบกับยอดขายไหม
80/20: 
ข้อดี: ความเสี่ยงน้อยกว่าแบบ 50:50 เพราะแบบใหม่มีโอกาสให้เห็นแค่ 20 
ข้อเสีย: ใช้เวลานานในเก็บจำนวนตัวอย่างของผู้ใช้ที่เห็นโฆษณาทั้งตำแหน่งใหม่และเก่าให้เท่ากัน

คิดว่า 80/20 เหมาะกว่าเพราะถึงจะใช้เวลานานในการเก็บแต่ความเสี่ยงที่จะเกิดปัญหาที่กระทบต่อยอดขายเดิมก็ลดตามไปด้วย",5.0
273,Q2,Hamtube เป็นแพลตฟอร์มดูวีดีโอออนไลน์แชร์และดูวิดีโอได้ hamtube และเขาต้องการทราบว่าการย้ายตำแหน่งของโฆษณาจะช่วยเพิ่มยอดขาย (ผู้ใช้คลิกโฆษณามากขึ้น) หรือไม่การทดสอบ A/B ความละเอียดควรเป็นอะไรระยะเวลาการระบุแหล่งที่มาควรเป็นเท่าไหร่จงอธิบายเหตุผล,"Granularity - ปานกลางถึงสูงการแบ่งข้อมูลตามกลุ่มผู้ใช้หรือวิดีโอที่แตกต่างกันอาจช่วยให้ทีมการตลาดเห็นภาพที่ชัดเจนเกี่ยวกับผลของการทดสอบ a/b เนื่องจาก hamtube เป็นแพลตฟอร์มที่มีผู้ใช้จำนวนมากปานกลางถึงสูง
ระยะเวลาที่มา - 2 ถึง 4 สัปดาห์เพื่อให้สามารถตรวจจับผลกระทบที่เกิดขึ้นทันทีและระยะเวลาไม่สั้นไม่ยาวเกินไป",0.0
274,Q3,Hamtube เป็นแพลตฟอร์มดูวีดีโอออนไลน์แชร์และดูวิดีโอได้ hamtube และเขาต้องการทราบว่าการย้ายตำแหน่งของโฆษณาจะช่วยเพิ่มยอดขาย (ผู้ใช้คลิกโฆษณามากขึ้น) หรือไม่การทดสอบ A/B แฮมทาโร่เลือกที่จะใช้การกระจายแบบทวินามเพื่อแทนการกระจายของการทำ A/B ทดสอบในครั้งนี้เพราะเหตุใดเพราะเหตุใด,"การเลือกใช้การกระจายแบบทวินามใน A/B การทดสอบเป็นทางเลือกที่เหมาะสมเมื่อมีผลลัพธ์ไบนารีเท่านั้นการกระจายแบบทวินามทำให้การคำนวณและการวิเคราะห์ผลลัพธ์เป็นไปอย่างมีประสิทธิภาพ, ถ้าการทดสอบ a/b มีความซับซ้อนมากขึ้นหรือมีหลายกลุ่มการกระจายอื่นอาจเหมาะสมกว่าอาจเหมาะสมกว่าการเลือกควรพิจารณาลักษณะและความซับซ้อนของการทดสอบเพื่อให้เหมาะสมกับสถานการณ์นั้นควรพิจารณาลักษณะและความซับซ้อนของการทดสอบเพื่อให้เหมาะสมกับสถานการณ์นั้นควรพิจารณาลักษณะและความซับซ้อนของการทดสอบเพื่อให้เหมาะสมกับสถานการณ์นั้นควรพิจารณาลักษณะและความซับซ้อนของการทดสอบเพื่อให้เหมาะสมกับสถานการณ์นั้นควรพิจารณาลักษณะและความซับซ้อนของการทดสอบเพื่อให้เหมาะสมกับสถานการณ์นั้นควรพิจารณาลักษณะและความซับซ้อนของการทดสอบเพื่อให้เหมาะสมกับสถานการณ์นั้นควรพิจารณาลักษณะและความซับซ้อนของการทดสอบเพื่อให้เหมาะสมกับสถานการณ์นั้นควรพิจารณาลักษณะและความซับซ้อนของการทดสอบเพื่อให้เหมาะสมกับสถานการณ์นั้นควรพิจารณาลักษณะและความซับซ้อนของการทดสอบเพื่อให้เหมาะสมกับสถานการณ์นั้น",3.0
275,Q2,Hamtube เป็นแพลตฟอร์มดูวีดีโอออนไลน์แชร์และดูวิดีโอได้ hamtube และเขาต้องการทราบว่าการย้ายตำแหน่งของโฆษณาจะช่วยเพิ่มยอดขาย (ผู้ใช้คลิกโฆษณามากขึ้น) หรือไม่การทดสอบ A/B ความละเอียดควรเป็นอะไรระยะเวลาการระบุแหล่งที่มาควรเป็นเท่าไหร่จงอธิบายเหตุผล,ความละเอียดควรเป็นจำนวนผู้ใช้ที่กดโฆษณาเพราะแสดงถึงพฤติกรรมของผู้ใช้จริงระยะเวลาการระบุแหล่งที่มาควรเป็นประมาณ 1 วันเพราะไม่น้อยและไม่มากเกินไป,2.5
276,Q3,Hamtube เป็นแพลตฟอร์มดูวีดีโอออนไลน์แชร์และดูวิดีโอได้ hamtube และเขาต้องการทราบว่าการย้ายตำแหน่งของโฆษณาจะช่วยเพิ่มยอดขาย (ผู้ใช้คลิกโฆษณามากขึ้น) หรือไม่การทดสอบ A/B แฮมทาโร่เลือกที่จะใช้การกระจายแบบทวินามเพื่อแทนการกระจายของการทำ A/B ทดสอบในครั้งนี้เพราะเหตุใดเพราะเหตุใด,"ไม่ควร
การทดสอบ A/B ควรใช้การแจกแจงแบบปกติหรือการกระจาย t-distribution ซึ่งใช้ในการทดสอบเกี่ยวกับค่าเฉลี่ยของสองกลุ่มทดลอง",0.0
277,Q1,Hamtube เป็นแพลตฟอร์มดูวีดีโอออนไลน์แชร์และดูวิดีโอได้ hamtube และเขาต้องการทราบว่าการย้ายตำแหน่งของโฆษณาจะช่วยเพิ่มยอดขาย (ผู้ใช้คลิกโฆษณามากขึ้น) หรือไม่การทดสอบ A/B อธิบายเหตุผลที่แฮมทาโร่ควรใช้ A/B ทดสอบในการทดสอบพร้อมกับอธิบายเหตุผลพร้อมกับอธิบายเหตุผล,ควรเพราะการย้ายตำแหน่งโฆษณาช่วงเวลาที่สำคัญสั้นๆการทดสอบผู้ใช้ได้ไม่ยากและเหมาะสม a/b ทดสอบเหมาะสมเหมาะสม,2.0
278,Q1,Hamtube เป็นแพลตฟอร์มดูวีดีโอออนไลน์แชร์และดูวิดีโอได้ hamtube และเขาต้องการทราบว่าการย้ายตำแหน่งของโฆษณาจะช่วยเพิ่มยอดขาย (ผู้ใช้คลิกโฆษณามากขึ้น) หรือไม่การทดสอบ A/B อธิบายเหตุผลที่แฮมทาโร่ควรใช้ A/B ทดสอบในการทดสอบพร้อมกับอธิบายเหตุผลพร้อมกับอธิบายเหตุผล,ควรใช้ทางเลือกทางเลือกว่าการย้ายตำแหน่งโฆษณาจะส่งผลต่อยอดขายหรือไม่ a หรือ b ซึ่งเป็นลักษณะสำคัญของ ab ทดสอบ,1.0
279,Q2,Hamtube เป็นแพลตฟอร์มดูวีดีโอออนไลน์แชร์และดูวิดีโอได้ hamtube และเขาต้องการทราบว่าการย้ายตำแหน่งของโฆษณาจะช่วยเพิ่มยอดขาย (ผู้ใช้คลิกโฆษณามากขึ้น) หรือไม่การทดสอบ A/B ความละเอียดควรเป็นอะไรระยะเวลาการระบุแหล่งที่มาควรเป็นเท่าไหร่จงอธิบายเหตุผล,"ระดับความละเอียดควรเป็นระดับเซสชันเพื่อวัดปฏิสัมพันธ์ของผู้ใช้ในแต่ละครั้งที่เข้าใช้งานที่มีประโยชน์ในการเข้าใจว่าการเปลี่ยนแปลงตำแหน่งโฆษณามีผลอย่างไรต่อการกระทำของผู้ใช้ในแต่ละเซสชั่นที่มีประโยชน์ในการเข้าใจว่าการเปลี่ยนแปลงตำแหน่งโฆษณามีผลอย่างไรต่อการกระทำของผู้ใช้ในแต่ละเซสชั่น
ความยาวของระยะเวลาการระบุแหล่งที่มาคือระยะเวลาในการติดตามผู้ใช้นึง 1-4 สัปดาห์เพื่อวัดผลกระทบของการเปลี่ยนแปลงโฆษณาต่อพฤติกรรมผู้ใช้ในระยะยาวเพื่อวัดผลกระทบของการเปลี่ยนแปลงโฆษณาต่อพฤติกรรมผู้ใช้ในระยะยาว",0.0
280,Q3,Hamtube เป็นแพลตฟอร์มดูวีดีโอออนไลน์แชร์และดูวิดีโอได้ hamtube และเขาต้องการทราบว่าการย้ายตำแหน่งของโฆษณาจะช่วยเพิ่มยอดขาย (ผู้ใช้คลิกโฆษณามากขึ้น) หรือไม่การทดสอบ A/B แฮมทาโร่เลือกที่จะใช้การกระจายแบบทวินามเพื่อแทนการกระจายของการทำ A/B ทดสอบในครั้งนี้เพราะเหตุใดเพราะเหตุใด,เห็นด้วย A/B ทดสอบนี้ binary นอกจากนี้การใช้การกระจายแบบทวินามยังทำให้สามารถทดสอบสมมติฐานได้ง่ายอีกด้วยยังทำให้สามารถทดสอบสมมติฐานได้ง่ายอีกด้วย,5.0
281,Q1,Hamtube เป็นแพลตฟอร์มดูวีดีโอออนไลน์แชร์และดูวิดีโอได้ hamtube และเขาต้องการทราบว่าการย้ายตำแหน่งของโฆษณาจะช่วยเพิ่มยอดขาย (ผู้ใช้คลิกโฆษณามากขึ้น) หรือไม่การทดสอบ A/B อธิบายเหตุผลที่แฮมทาโร่ควรใช้ A/B ทดสอบในการทดสอบพร้อมกับอธิบายเหตุผลพร้อมกับอธิบายเหตุผล,ควรใช้ A/B ทดสอบจะได้สามารถเป็นผลจากการเปลี่ยนตำแหน่งโฆษณากับแบบเก่าได้อย่างชัดเจนในช่วงเวลาเดียวกันลดความเสี่ยงในการดำเนินการเปลี่ยนแปลงไปใช้ระบบใหม่ลดความเสี่ยงในการดำเนินการเปลี่ยนแปลงไปใช้ระบบใหม่,2.0
282,Q3,Hamtube เป็นแพลตฟอร์มดูวีดีโอออนไลน์แชร์และดูวิดีโอได้ hamtube และเขาต้องการทราบว่าการย้ายตำแหน่งของโฆษณาจะช่วยเพิ่มยอดขาย (ผู้ใช้คลิกโฆษณามากขึ้น) หรือไม่การทดสอบ A/B แฮมทาโร่เลือกที่จะใช้การกระจายแบบทวินามเพื่อแทนการกระจายของการทำ A/B ทดสอบในครั้งนี้เพราะเหตุใดเพราะเหตุใด,ไม่เห็นด้วยเนื่องจากโอกาสที่แต่ละคนที่เข้ามามีความแปรปรวนสูงและเราต้องการวัดว่าอัตราการคลิกโฆษณาสูงขึ้นมั้ยจึงควรใช้การกระจายของเบอร์นูลลีดีกว่า,1.0
283,Q1,Hamtube เป็นแพลตฟอร์มดูวีดีโอออนไลน์แชร์และดูวิดีโอได้ hamtube และเขาต้องการทราบว่าการย้ายตำแหน่งของโฆษณาจะช่วยเพิ่มยอดขาย (ผู้ใช้คลิกโฆษณามากขึ้น) หรือไม่การทดสอบ A/B อธิบายเหตุผลที่แฮมทาโร่ควรใช้ A/B ทดสอบในการทดสอบพร้อมกับอธิบายเหตุผลพร้อมกับอธิบายเหตุผล,การทดสอบ A/B A/B มาใช้โดยให้การทดสอบเป็นการวางตำแหน่งของโฆษณาไว้ที่เดิม B ทดสอบเป็นการเปลี่ยนตำแหน่งของโฆษณาการทดสอบทั้งสองแบบที่ผ่านการสุ่มมาแบบเดียวกันนั้นแบบใดสามารถเพิ่มจำนวนการคลิกโฆษณาของผู้ใช้ได้มากกว่ากันแบบใดสามารถเพิ่มจำนวนการคลิกโฆษณาของผู้ใช้ได้มากกว่ากันแบบใดสามารถเพิ่มจำนวนการคลิกโฆษณาของผู้ใช้ได้มากกว่ากัน,1.0
284,Q2,Hamtube เป็นแพลตฟอร์มดูวีดีโอออนไลน์แชร์และดูวิดีโอได้ hamtube และเขาต้องการทราบว่าการย้ายตำแหน่งของโฆษณาจะช่วยเพิ่มยอดขาย (ผู้ใช้คลิกโฆษณามากขึ้น) หรือไม่การทดสอบ A/B ความละเอียดควรเป็นอะไรระยะเวลาการระบุแหล่งที่มาควรเป็นเท่าไหร่จงอธิบายเหตุผล,"Granularity: วัน, ยอดต่าง ๆ เป็นรายวันอยู่แล้วถ้าใช้เป็นชั่วโมงจะมีตัวแปรเรื่องช่วงเวลาต่างถ้าใช้เป็นชั่วโมงจะมีตัวแปรเรื่องช่วงเวลาต่างทำให้ไม่แน่นอน

ระยะเวลาการระบุแหล่งที่มา: 7 วันผู้ใช้มักตัดสินใจคลิกโฆษณาในระยะเวลาสั้น ๆ อยู่แล้วเลยไม่จำเป็นต้องใช้เวลาทดลองนานและเป็นการป้องกันไม่ให้ผลลัพธ์ได้รับการบิดเบือนจากปัจจัยอื่นด้วย",0.0
285,Q1,Hamtube เป็นแพลตฟอร์มดูวีดีโอออนไลน์แชร์และดูวิดีโอได้ hamtube และเขาต้องการทราบว่าการย้ายตำแหน่งของโฆษณาจะช่วยเพิ่มยอดขาย (ผู้ใช้คลิกโฆษณามากขึ้น) หรือไม่การทดสอบ A/B อธิบายเหตุผลที่แฮมทาโร่ควรใช้ A/B ทดสอบในการทดสอบพร้อมกับอธิบายเหตุผลพร้อมกับอธิบายเหตุผล,เนื่องจากการย้ายตำแหน่งของโฆษณาอาจช่วยเพิ่มยอดขายหรือไม่ก็ได้การทดสอบ A/B โดยแบ่งออกเป็นกลุ่มควบคุมและกลุ่มทดสอบเพื่อดูความแตกต่างของยอดขายในทั้ง 2 กลุ่ม,0.5
286,Q2,Hamtube เป็นแพลตฟอร์มดูวีดีโอออนไลน์แชร์และดูวิดีโอได้ hamtube และเขาต้องการทราบว่าการย้ายตำแหน่งของโฆษณาจะช่วยเพิ่มยอดขาย (ผู้ใช้คลิกโฆษณามากขึ้น) หรือไม่การทดสอบ A/B ความละเอียดควรเป็นอะไรระยะเวลาการระบุแหล่งที่มาควรเป็นเท่าไหร่จงอธิบายเหตุผล,"ความละเอียด: ควรเป็นทำการทดลองที่ระดับแต่ละบุคคลควรเป็นทำการทดลองที่ระดับแต่ละบุคคล

ระยะเวลาที่มา: ควรเป็นระยะเวลา 1-2 สัปดาห์เพราะเป็นเวลาที่เหมาะสมในการเก็บข้อมูลและวิเคราะห์ผลกระทบของการเปลี่ยนแปลงจากการใช้งานของผู้ใช้",0.0
287,Q1,Hamtube เป็นแพลตฟอร์มดูวีดีโอออนไลน์แชร์และดูวิดีโอได้ hamtube และเขาต้องการทราบว่าการย้ายตำแหน่งของโฆษณาจะช่วยเพิ่มยอดขาย (ผู้ใช้คลิกโฆษณามากขึ้น) หรือไม่การทดสอบ A/B อธิบายเหตุผลที่แฮมทาโร่ควรใช้ A/B ทดสอบในการทดสอบพร้อมกับอธิบายเหตุผลพร้อมกับอธิบายเหตุผล,ควรใช้ A/B การทดสอบเพื่อที่จะได้ลดผลของการสุ่มที่เกิดขึ้นระหว่างการทำการทดลองการสุ่มจะเกิดขึ้นทั้งบน a และ b ทำให้การสุ่มนี้คงที่บนทั้งคู่ a และ b เพียงอย่างเดียว,3.0
288,Q4,Hamtube เป็นแพลตฟอร์มดูวีดีโอออนไลน์แชร์และดูวิดีโอได้ hamtube และเขาต้องการทราบว่าการย้ายตำแหน่งของโฆษณาจะช่วยเพิ่มยอดขาย (ผู้ใช้คลิกโฆษณามากขึ้น) หรือไม่การทดสอบ A/B แฮมทาโร่จะต้องเลือกว่าอยากให้สัดส่วนของผู้ใช้ที่เห็นโฆษณาตำแหน่งเก่าผู้ใช้ที่เห็นโฆษณาตำแหน่งใหม่เป็นเท่าไร 50/50 กับ 80/20 จงอธิบายข้อดีข้อเสียของการเลือกสัดส่วนแต่ละแบบและตอบว่าแบบใดที่น่าจะเหมาะสมกับปัญหานี้มากกว่าและตอบว่าแบบใดที่น่าจะเหมาะสมกับปัญหานี้มากกว่า,"ฉันขอแนะนำให้ Hamtaro ควรพิจารณาแยก 50/50
แยก 50/50
ข้อดี:
1. การเปิดรับแสงเท่ากัน: การแยก 50/50 ทำให้มั่นใจได้ว่าทั้งสองเวอร์ชัน (ตำแหน่งโฆษณาเก่าและใหม่) ได้รับการเปิดรับในปริมาณที่เท่ากัน สิ่งนี้สามารถเป็นประโยชน์สำหรับการเปรียบเทียบที่สมดุลและช่วยลดอคติที่แนะนำโดยการเปิดรับแสงที่ไม่สม่ำเสมอ
2. การเรียนรู้ที่เร็วขึ้น: การแยก 50/50 ช่วยให้สามารถเรียนรู้ได้เร็วขึ้นเกี่ยวกับประสิทธิภาพของตำแหน่งโฆษณาใหม่ ผู้ใช้ส่วนใหญ่จะได้รับตำแหน่งใหม่โดยให้การประเมินประสิทธิภาพที่รวดเร็วยิ่งขึ้น
จุดด้อย:
1. ผลกระทบของผู้ใช้ที่มีศักยภาพ: หากตำแหน่งโฆษณาใหม่มีผลกระทบด้านลบต่อประสบการณ์ผู้ใช้การเปิดเผย 50% ของผู้ใช้ให้พวกเขาอาจนำไปสู่ความไม่พอใจและความเสี่ยงที่สูงขึ้นของผลกระทบด้านลบ

80/20 แยก
ข้อดี:
1. ผลกระทบของผู้ใช้ที่ จำกัด : หากตำแหน่งโฆษณาใหม่มีผลกระทบด้านลบ จำกัด การสัมผัสกับผู้ใช้ 20% ให้น้อยที่สุดที่จะลดผลกระทบเชิงลบที่อาจเกิดขึ้นเมื่อเทียบกับการแยก 50/50
จุดด้อย:
1. การเรียนรู้ที่ช้าลง: หากตำแหน่งโฆษณาใหม่ดีขึ้นอย่างมีนัยสำคัญการแยก 50/50 อาจส่งผลให้การเรียนรู้ช้าลงและการดำเนินการปรับปรุงล่าช้า
2. ความเสี่ยงของผลลัพธ์ที่ลำเอียง: การแยก 80/20 อาจทำให้เกิดอคติหากผู้ใช้ 20% ที่สัมผัสกับตำแหน่งโฆษณาใหม่ไม่ได้เป็นตัวแทนของฐานผู้ใช้ทั้งหมด สิ่งนี้อาจนำไปสู่ผลลัพธ์ที่เบ้และข้อสรุปที่ไม่ถูกต้อง
3. โอกาสที่ไม่ได้รับ: หากตำแหน่งโฆษณาใหม่ดีขึ้นแน่นอนการแยก 80/20 อาจส่งผลให้โอกาสที่ไม่ได้รับสำหรับรายได้หรือการมีส่วนร่วมที่เพิ่มขึ้นสำหรับผู้ใช้ 80% ที่ไม่ได้รับการปรับปรุง",5.0
289,Q2,Hamtube เป็นแพลตฟอร์มดูวีดีโอออนไลน์แชร์และดูวิดีโอได้ hamtube และเขาต้องการทราบว่าการย้ายตำแหน่งของโฆษณาจะช่วยเพิ่มยอดขาย (ผู้ใช้คลิกโฆษณามากขึ้น) หรือไม่การทดสอบ A/B ความละเอียดควรเป็นอะไรระยะเวลาการระบุแหล่งที่มาควรเป็นเท่าไหร่จงอธิบายเหตุผล,สำหรับ granularity ควรเป็นจำนวนครั้งการโชว์ของโฆษณาให้กับผู้ใช้เพื่อให้การทดสอบมีความละเอียดที่เพียงพอระยะเวลาการระบุแหล่งที่มาควรเป็นเพียง 1 วัน ๆ เพื่อที่จะได้ประเมินผลการโฆษณาได้อย่างแม่นยำและทันทีเพื่อที่จะได้ประเมินผลการโฆษณาได้อย่างแม่นยำและทันทีเพื่อที่จะได้ประเมินผลการโฆษณาได้อย่างแม่นยำและทันที,3.5
290,Q1,Hamtube เป็นแพลตฟอร์มดูวีดีโอออนไลน์แชร์และดูวิดีโอได้ hamtube และเขาต้องการทราบว่าการย้ายตำแหน่งของโฆษณาจะช่วยเพิ่มยอดขาย (ผู้ใช้คลิกโฆษณามากขึ้น) หรือไม่การทดสอบ A/B อธิบายเหตุผลที่แฮมทาโร่ควรใช้ A/B ทดสอบในการทดสอบพร้อมกับอธิบายเหตุผลพร้อมกับอธิบายเหตุผล,เพราะ A/B ทดสอบทำให้เปรียบเทียบผลลัพธ์และพฤติกรรมของผู้ใช้ในการย้ายตำแหน่งโฆษณาได้โดยตรงโดยมีความเสี่ยงต่ำเมื่อเทียบกับการย้ายตำแหน่งของโฆษณาเลยทันที,2.0
291,Q2,Hamtube เป็นแพลตฟอร์มดูวีดีโอออนไลน์แชร์และดูวิดีโอได้ hamtube และเขาต้องการทราบว่าการย้ายตำแหน่งของโฆษณาจะช่วยเพิ่มยอดขาย (ผู้ใช้คลิกโฆษณามากขึ้น) หรือไม่การทดสอบ A/B ความละเอียดควรเป็นอะไรระยะเวลาการระบุแหล่งที่มาควรเป็นเท่าไหร่จงอธิบายเหตุผล,"ความละเอียดขึ้นกับขนาดของกลุ่มตัวอย่างถ้าต้องการดูผลกระทบในระดับย่อยอาจจะต้องใช้อาจจะต้องใช้อาจจะต้องใช้อาจจะต้องใช้อาจจะต้องใช้อาจจะต้องใช้อาจจะต้องใช้อาจจะต้องใช้ที่สูงขึ้นหรือความสามารถในการจัดเก็บและประมวลผลข้อมูล

ระยะเวลาที่มาขึ้นอยู่กับระยะเวลาของทีมการตลาดและจำนวนข้อมูลที่ต้องการนำมาประกอบการทดสอบ",0.0
292,Q2,Hamtube เป็นแพลตฟอร์มดูวีดีโอออนไลน์แชร์และดูวิดีโอได้ hamtube และเขาต้องการทราบว่าการย้ายตำแหน่งของโฆษณาจะช่วยเพิ่มยอดขาย (ผู้ใช้คลิกโฆษณามากขึ้น) หรือไม่การทดสอบ A/B ความละเอียดควรเป็นอะไรระยะเวลาการระบุแหล่งที่มาควรเป็นเท่าไหร่จงอธิบายเหตุผล,ควรมี granularity ที่สูงควรเป็นจำนวนคลิกเข้าไปที่โฆษณาเหมาะกับการสังเกตว่าตำแหน่งของโฆษณามีผลกับการเข้าไปดูโฆษณามากขึ้นหรือไม่ควรมีควรมีควรมีควรมีควรมีที่สั้นที่สั้นที่สั้นเพราะต้องการรู้การตอบสนองจากผู้ใช้ในทันทีเมื่อเห็นโฆษณาที่ตำแหน่งนั้นเพราะต้องการรู้การตอบสนองจากผู้ใช้ในทันทีเมื่อเห็นโฆษณาที่ตำแหน่งนั้น,0.0
293,Q3,Hamtube เป็นแพลตฟอร์มดูวีดีโอออนไลน์แชร์และดูวิดีโอได้ hamtube และเขาต้องการทราบว่าการย้ายตำแหน่งของโฆษณาจะช่วยเพิ่มยอดขาย (ผู้ใช้คลิกโฆษณามากขึ้น) หรือไม่การทดสอบ A/B แฮมทาโร่เลือกที่จะใช้การกระจายแบบทวินามเพื่อแทนการกระจายของการทำ A/B ทดสอบในครั้งนี้เพราะเหตุใดเพราะเหตุใด,เห็นด้วย 1 (คลิก) หรือ 0 (ไม่คลิก) จึงใช้การกระจายแบบทวินาม,5.0
294,Q4,Hamtube เป็นแพลตฟอร์มดูวีดีโอออนไลน์แชร์และดูวิดีโอได้ hamtube และเขาต้องการทราบว่าการย้ายตำแหน่งของโฆษณาจะช่วยเพิ่มยอดขาย (ผู้ใช้คลิกโฆษณามากขึ้น) หรือไม่การทดสอบ A/B แฮมทาโร่จะต้องเลือกว่าอยากให้สัดส่วนของผู้ใช้ที่เห็นโฆษณาตำแหน่งเก่าผู้ใช้ที่เห็นโฆษณาตำแหน่งใหม่เป็นเท่าไร 50/50 กับ 80/20 จงอธิบายข้อดีข้อเสียของการเลือกสัดส่วนแต่ละแบบจงอธิบายข้อดีข้อเสียของการเลือกสัดส่วนแต่ละแบบและตอบว่าแบบใดที่น่าจะเหมาะสมกับปัญหานี้มากกว่า,"แบบ 50/50 มีข้อดีคือ (b) จะเป็นตำแหน่งที่ไม่ดีและทำให้เสียยอดการคลิกโฆษณาที่ควรจะได้จากแบบเดิมไป 
ส่วนแบบ 80/20 ข้อเสียคือมีความเสี่ยงน้อยเพราะเรามีปริมาณการโชว์แบบ b ให้ผู้ใช้ในสัดส่วนที่น้อย b ไม่ดีจะไม่ส่งผลมากนักจะไม่ส่งผลมากนัก
เลือกแบบ 80/20 เนื่องจากระยะเวลาการระบุแหล่งที่มาค่อนข้างสั้นอยู่แล้วพร้อมกับความเสี่ยงที่น้อยกว่าพร้อมกับความเสี่ยงที่น้อยกว่า",5.0
295,Q4,Hamtube เป็นแพลตฟอร์มดูวีดีโอออนไลน์แชร์และดูวิดีโอได้ hamtube และเขาต้องการทราบว่าการย้ายตำแหน่งของโฆษณาจะช่วยเพิ่มยอดขาย (ผู้ใช้คลิกโฆษณามากขึ้น) หรือไม่การทดสอบ A/B แฮมทาโร่จะต้องเลือกว่าอยากให้สัดส่วนของผู้ใช้ที่เห็นโฆษณาตำแหน่งเก่าผู้ใช้ที่เห็นโฆษณาตำแหน่งใหม่เป็นเท่าไร 50/50 กับ 80/20 จงอธิบายข้อดีข้อเสียของการเลือกสัดส่วนแต่ละแบบและตอบว่าแบบใดที่น่าจะเหมาะสมกับปัญหานี้มากกว่าและตอบว่าแบบใดที่น่าจะเหมาะสมกับปัญหานี้มากกว่า,การแบ่งแบบ 50/50 จะให้ผลลัพธ์ได้เร็วกว่า 80/20 ส่วนการแบ่งแบบ 80/20 จะเพิ่มความเสี่ยงในการทดลอง 50/50 ได้เพราะตำแหน่งของโฆษณาไม่น่าจะสร้างปัญหาให้กับระบบทำให้สามารถได้ข้อมูลจากการทดลองเร็วขึ้น,4.0
296,Q2,Hamtube เป็นแพลตฟอร์มดูวีดีโอออนไลน์แชร์และดูวิดีโอได้ hamtube และเขาต้องการทราบว่าการย้ายตำแหน่งของโฆษณาจะช่วยเพิ่มยอดขาย (ผู้ใช้คลิกโฆษณามากขึ้น) หรือไม่การทดสอบ A/B ความละเอียดควรเป็นอะไรระยะเวลาการระบุแหล่งที่มาควรเป็นเท่าไหร่จงอธิบายเหตุผล,ความละเอียดในบริบทของการตั้งค่าระยะเวลาที่มาสำหรับการทดสอบ A/B หมายถึงระดับของรายละเอียดที่วิเคราะห์ข้อมูล สำหรับ Hamtube นี่อาจหมายถึงการดูเวลาของการคลิกโฆษณาที่เกี่ยวข้องกับการเปลี่ยนแปลงตำแหน่งโฆษณาเพื่อทำความเข้าใจว่ากรอบเวลาที่ละเอียดใดให้ข้อมูลที่ลึกซึ้งที่สุด,0.0
297,Q1,Hamtube เป็นแพลตฟอร์มดูวีดีโอออนไลน์แชร์และดูวิดีโอได้ hamtube และเขาต้องการทราบว่าการย้ายตำแหน่งของโฆษณาจะช่วยเพิ่มยอดขาย (ผู้ใช้คลิกโฆษณามากขึ้น) หรือไม่การทดสอบ A/B อธิบายเหตุผลที่แฮมทาโร่ควรใช้ A/B ทดสอบในการทดสอบพร้อมกับอธิบายเหตุผลพร้อมกับอธิบายเหตุผล,เห็นด้วย (โฆษณาที่เก่า) และของใหม่ (โฆษณาที่ใหม่),1.0
298,Q2,Hamtube เป็นแพลตฟอร์มดูวีดีโอออนไลน์แชร์และดูวิดีโอได้ hamtube และเขาต้องการทราบว่าการย้ายตำแหน่งของโฆษณาจะช่วยเพิ่มยอดขาย (ผู้ใช้คลิกโฆษณามากขึ้น) หรือไม่การทดสอบ A/B ความละเอียดควรเป็นอะไรระยะเวลาการระบุแหล่งที่มาควรเป็นเท่าไหร่จงอธิบายเหตุผล,Granularity ควรจะเป็นในระดับที่เพียงพอที่จะให้ข้อมูลที่มีประสิทธิภาพสำหรับการตัดสินใจ hamtube ที่เป็นแพลตฟอร์มดูวีดีโอออนไลน์ที่มีผู้ใช้มากมายระยะเวลาการระบุแหล่งที่มาควรเป็นเวลาที่เหมาะสมที่สุดเพื่อวัดผลการโฆษณาการตั้งค่าการตั้งค่าการตั้งค่า,0.0
299,Q4,Hamtube เป็นแพลตฟอร์มดูวีดีโอออนไลน์แชร์และดูวิดีโอได้ hamtube และเขาต้องการทราบว่าการย้ายตำแหน่งของโฆษณาจะช่วยเพิ่มยอดขาย (ผู้ใช้คลิกโฆษณามากขึ้น) หรือไม่การทดสอบ A/B แฮมทาโร่จะต้องเลือกว่าอยากให้สัดส่วนของผู้ใช้ที่เห็นโฆษณาตำแหน่งเก่าผู้ใช้ที่เห็นโฆษณาตำแหน่งใหม่เป็นเท่าไร 50/50 กับ 80/20 จงอธิบายข้อดีข้อเสียของการเลือกสัดส่วนแต่ละแบบและตอบว่าแบบใดที่น่าจะเหมาะสมกับปัญหานี้มากกว่าและตอบว่าแบบใดที่น่าจะเหมาะสมกับปัญหานี้มากกว่า,"สัดส่วน 50/50
  ข้อดี
    1. เนื่องจากมีสัดส่วนที่เท่ากันทำให้การทดสอบสมมติฐานและตรวจสอบผลลัพธ์มีประสิทธิภาพ
    2. สามารถเปรียบเทียบผลลัพธ์ระหว่างกลุ่มได้โดยตรง
  ข้อเสีย
    1. ถ้าผลลัพธ์มีความแตกต่างกันไม่มากอาจทำให้บอกได้ยากว่าการเปลี่ยนแปลงทีส่วนทำให้ผลลัพธ์เปลี่ยนไป

สัดส่วน 80/20
  ข้อดี
    1. สัดส่วนที่ทำการเปลี่ยนแปลงมีมากกว่าทำให้ผลการทดลองชัดเจนยิ่งขึ้น
    2. ถ้าเราตั้งสมมตืฐานไว้ว่าการเปลี่ยนแปลงจะส่งผลต่อผลลัพธ์จะสามารถลดเวลาในการทดลองลงได้
  ข้อเสีย
    1. สัดส่วนของทั้งสองกลุ่มไม่สมดุลกันอาจทำให้ผลการทดลองไม่ค่อยน่าเชื่อถือ
    2. การวิเคราะห์ผลจากการทดลองอาจทำได้ยากกว่าเนื่องจากสัดส่วนของแต่ะกลุ่มที่มีไม่เท่ากัน

โดยสรุป 50/50 มีความเหมาะสมมากกว่าและสามารถเอาไปใช้ต่อได้สะดวกมากกว่าและสามารถเอาไปใช้ต่อได้สะดวกมากกว่า",1.0
300,Q4,Hamtube เป็นแพลตฟอร์มดูวีดีโอออนไลน์แชร์และดูวิดีโอได้ hamtube และเขาต้องการทราบว่าการย้ายตำแหน่งของโฆษณาจะช่วยเพิ่มยอดขาย (ผู้ใช้คลิกโฆษณามากขึ้น) หรือไม่การทดสอบ A/B แฮมทาโร่จะต้องเลือกว่าอยากให้สัดส่วนของผู้ใช้ที่เห็นโฆษณาตำแหน่งเก่าผู้ใช้ที่เห็นโฆษณาตำแหน่งใหม่เป็นเท่าไร 50/50 กับ 80/20 จงอธิบายข้อดีข้อเสียของการเลือกสัดส่วนแต่ละแบบจงอธิบายข้อดีข้อเสียของการเลือกสัดส่วนแต่ละแบบและตอบว่าแบบใดที่น่าจะเหมาะสมกับปัญหานี้มากกว่า,"50/50 หากโฆษณาตำแหน่งใหม่แย่กว่าโฆษณาตำแหน่งเก่า 80/20
แต่ 50/50 จะได้ผลสำหรับแบบ B เร็วกว่า 80/20",4.5
301,Q4,Hamtube เป็นแพลตฟอร์มดูวีดีโอออนไลน์แชร์และดูวิดีโอได้ hamtube และเขาต้องการทราบว่าการย้ายตำแหน่งของโฆษณาจะช่วยเพิ่มยอดขาย (ผู้ใช้คลิกโฆษณามากขึ้น) หรือไม่การทดสอบ A/B แฮมทาโร่จะต้องเลือกว่าอยากให้สัดส่วนของผู้ใช้ที่เห็นโฆษณาตำแหน่งเก่าผู้ใช้ที่เห็นโฆษณาตำแหน่งใหม่เป็นเท่าไร 50/50 กับ 80/20 จงอธิบายข้อดีข้อเสียของการเลือกสัดส่วนแต่ละแบบจงอธิบายข้อดีข้อเสียของการเลือกสัดส่วนแต่ละแบบและตอบว่าแบบใดที่น่าจะเหมาะสมกับปัญหานี้มากกว่า,50/50 จะให้ผลลัผท์เร็ว 80/20 นานทำให้คนดูน้อย,3.0
302,Q3,Hamtube เป็นแพลตฟอร์มดูวีดีโอออนไลน์แชร์และดูวิดีโอได้ hamtube และเขาต้องการทราบว่าการย้ายตำแหน่งของโฆษณาจะช่วยเพิ่มยอดขาย (ผู้ใช้คลิกโฆษณามากขึ้น) หรือไม่การทดสอบ A/B แฮมทาโร่เลือกที่จะใช้การกระจายแบบทวินามเพื่อแทนการกระจายของการทำ A/B ทดสอบในครั้งนี้เพราะเหตุใดเพราะเหตุใด,เห็นด้วย 2 กรณีผู้ใช้คนนึงจะไม่ส่งผลกระทบกับผู้ใช้คนอื่นด้วย,5.0
303,Q1,Hamtube เป็นแพลตฟอร์มดูวีดีโอออนไลน์แชร์และดูวิดีโอได้ hamtube และเขาต้องการทราบว่าการย้ายตำแหน่งของโฆษณาจะช่วยเพิ่มยอดขาย (ผู้ใช้คลิกโฆษณามากขึ้น) หรือไม่การทดสอบ A/B อธิบายเหตุผลที่แฮมทาโร่ควรใช้ A/B ทดสอบในการทดสอบพร้อมกับอธิบายเหตุผลพร้อมกับอธิบายเหตุผล,การทดสอบ A/B สามารถช่วยให้แฮมทาโร่สามารถทดสอบว่าการย้ายตำแหน่งโฆษณาสามารถมีผลต่อการที่ผู้ใช้คลิกโฆษณามากขึ้นหรือไม่โดยที่ไม่ต้องเปลี่ยนอะไรเยอะก็คือทำง่ายทำนิดเดียวทำให้ไม่ต้องเสี่ยงกับการเกิดอะไรขึ้นถ้าเปลี่ยนระบบในภาพที่ใหญ่ทั้งหมดที่ทำเพื่อให้ได้ข้อมูลปรพกอยการตัดสินใจในการเปลี่ยนแปลงระบบอีกทีในภาพรวมที่ใหฯ่ขึ้นทั้งหมดที่ทำเพื่อให้ได้ข้อมูลปรพกอยการตัดสินใจในการเปลี่ยนแปลงระบบอีกทีในภาพรวมที่ใหฯ่ขึ้นหรือจะทำอะไร,5.0
304,Q3,Hamtube เป็นแพลตฟอร์มดูวีดีโอออนไลน์แชร์และดูวิดีโอได้ hamtube และเขาต้องการทราบว่าการย้ายตำแหน่งของโฆษณาจะช่วยเพิ่มยอดขาย (ผู้ใช้คลิกโฆษณามากขึ้น) หรือไม่การทดสอบ A/B แฮมทาโร่เลือกที่จะใช้การกระจายแบบทวินามเพื่อแทนการกระจายของการทำ A/B ทดสอบในครั้งนี้เพราะเหตุใดเพราะเหตุใด,"เห็นด้วย, binomial เหมาะกับข้อมูลในรูปแบบ/ไม่สำเร็จซึ่งในการคลิกโฆษณาสามารถมองเป็นข้อมูลในลักษณะนี้ได้",5.0
305,Q4,Hamtube เป็นแพลตฟอร์มดูวีดีโอออนไลน์แชร์และดูวิดีโอได้ hamtube และเขาต้องการทราบว่าการย้ายตำแหน่งของโฆษณาจะช่วยเพิ่มยอดขาย (ผู้ใช้คลิกโฆษณามากขึ้น) หรือไม่การทดสอบ A/B แฮมทาโร่จะต้องเลือกว่าอยากให้สัดส่วนของผู้ใช้ที่เห็นโฆษณาตำแหน่งเก่าผู้ใช้ที่เห็นโฆษณาตำแหน่งใหม่เป็นเท่าไร 50/50 กับ 80/20 จงอธิบายข้อดีข้อเสียของการเลือกสัดส่วนแต่ละแบบและตอบว่าแบบใดที่น่าจะเหมาะสมกับปัญหานี้มากกว่าและตอบว่าแบบใดที่น่าจะเหมาะสมกับปัญหานี้มากกว่า,80/20 เพราะถ้า 50/50 นั้นจะทำให้คนเห็นมากขึ้นและอาจทำให้ 80/20,3.0
306,Q3,Hamtube เป็นแพลตฟอร์มดูวีดีโอออนไลน์แชร์และดูวิดีโอได้ hamtube และเขาต้องการทราบว่าการย้ายตำแหน่งของโฆษณาจะช่วยเพิ่มยอดขาย (ผู้ใช้คลิกโฆษณามากขึ้น) หรือไม่การทดสอบ A/B แฮมทาโร่เลือกที่จะใช้การกระจายแบบทวินามเพื่อแทนการกระจายของการทำ A/B ทดสอบในครั้งนี้เพราะเหตุใดเพราะเหตุใด,"เห็นด้วย: การกระจายแบบทวินามเป็นการเลือกที่เหมาะสมสำหรับการวัดผลลัพธ์ที่มีสองสถานะเช่น ""คลิก"" หรือ ""ไม่คลิก"" การทดลองนี้ต้องการทราบว่าการเปลี่ยนแปลงตำแหน่งโฆษณามีผลต่อการคลิกหรือไม่, ซึ่งเหมาะสมกับสถานการณ์ที่การกระจายแบบทวินามถูกใช้",5.0
307,Q4,Hamtube เป็นแพลตฟอร์มดูวีดีโอออนไลน์แชร์และดูวิดีโอได้ hamtube และเขาต้องการทราบว่าการย้ายตำแหน่งของโฆษณาจะช่วยเพิ่มยอดขาย (ผู้ใช้คลิกโฆษณามากขึ้น) หรือไม่การทดสอบ A/B แฮมทาโร่จะต้องเลือกว่าอยากให้สัดส่วนของผู้ใช้ที่เห็นโฆษณาตำแหน่งเก่าผู้ใช้ที่เห็นโฆษณาตำแหน่งใหม่เป็นเท่าไร 50/50 กับ 80/20 จงอธิบายข้อดีข้อเสียของการเลือกสัดส่วนแต่ละแบบจงอธิบายข้อดีข้อเสียของการเลือกสัดส่วนแต่ละแบบและตอบว่าแบบใดที่น่าจะเหมาะสมกับปัญหานี้มากกว่า,"สัดส่วน 50/50
ข้อดีช่วยให้การทดสอบสมบูรณ์และได้ข้อมูลมีคุณภาพ
ข้อเสียการทดสอบอาจไม่ได้รับข้อมูลที่เพียงพอสำหรับการตรวจสอบเนื่องจากการเปลี่ยนแปลงมีผลกระทบน้อย

สัดส่วน 80/20:
ข้อดีการทดสอบจะมีผลกระทบมากขึ้นในกลุ่มที่เห็นตำแหน่งใหม่มากกว่าซึ่งจะช่วยลดเวลาที่ใช้ทดสอบ
ข้อเสียคือทำให้ยากต่อการวิเคราะห์ผลลัพธ์และทำให้การทดสอบไม่น่าเชื่อถือ

คิดว่า 80/20 น่าจะเหมาะกับปัญหานี้มากกว่าการที่สัดส่วนมากจะทำให้พฤติกรรมของผู้บริโภคแสดงออกได้อย่างชัดเจนมากกว่าทำให้แฮมทาโร่สามารถทราบความต้องการตลาดได้เร็วทำให้แฮมทาโร่สามารถทราบความต้องการตลาดได้เร็วทั้งนี้ขึ้นอยู่กับทั้งนี้ขึ้นอยู่กับทั้งนี้ขึ้นอยู่กับทั้งนี้ขึ้นอยู่กับหากระยะเวลามาก 50/50 ซึ่งจะให้ผลลัพธ์ที่ดีกว่า",1.0
308,Q2,Hamtube เป็นแพลตฟอร์มดูวีดีโอออนไลน์แชร์และดูวิดีโอได้ hamtube และเขาต้องการทราบว่าการย้ายตำแหน่งของโฆษณาจะช่วยเพิ่มยอดขาย (ผู้ใช้คลิกโฆษณามากขึ้น) หรือไม่การทดสอบ A/B ความละเอียดควรเป็นอะไรระยะเวลาการระบุแหล่งที่มาควรเป็นเท่าไหร่จงอธิบายเหตุผล,"Granularity เป็น id ของผู้ที่เข้ามาชมวิดีโอและกดเข้าโฆษณากี่ครั้งและกดเข้าโฆษณากี่ครั้ง
ระยะเวลาที่มาควรเป็นระยะเวลา 7 วันเพื่อให้ทราบข้อมูลที่แท้จริงเกี่ยวกับการกดเข้าโฆษณา",0.0
309,Q1,Hamtube เป็นแพลตฟอร์มดูวีดีโอออนไลน์แชร์และดูวิดีโอได้ hamtube และเขาต้องการทราบว่าการย้ายตำแหน่งของโฆษณาจะช่วยเพิ่มยอดขาย (ผู้ใช้คลิกโฆษณามากขึ้น) หรือไม่การทดสอบ A/B อธิบายเหตุผลที่แฮมทาโร่ควรใช้ A/B ทดสอบในการทดสอบพร้อมกับอธิบายเหตุผลพร้อมกับอธิบายเหตุผล,การทดสอบ A/B เป็นเครื่องมือที่มีค่าสำหรับ Hamtaro ในการทดลองกับการเปลี่ยนแปลงในการจัดวางโฆษณา มันเป็นวิธีที่เป็นระบบและควบคุมในการทดสอบสมมติฐานเพื่อให้มั่นใจว่าการตัดสินใจนั้นขึ้นอยู่กับหลักฐานที่เป็นของแข็ง ข้อมูลเชิงลึกที่ได้รับจากการทดสอบ A/B สามารถเป็นแนวทางในการตัดสินใจเกี่ยวกับการดำเนินการเปลี่ยนแปลงอย่างถาวรทั่วทั้งแพลตฟอร์มหรือไม่,1.5
310,Q1,Hamtube เป็นแพลตฟอร์มดูวีดีโอออนไลน์แชร์และดูวิดีโอได้ hamtube และเขาต้องการทราบว่าการย้ายตำแหน่งของโฆษณาจะช่วยเพิ่มยอดขาย (ผู้ใช้คลิกโฆษณามากขึ้น) หรือไม่การทดสอบ A/B อธิบายเหตุผลที่แฮมทาโร่ควรใช้ A/B ทดสอบในการทดสอบพร้อมกับอธิบายเหตุผลพร้อมกับอธิบายเหตุผล,เพราะสิ่งที่ hamtaro ต้องการทดสอบ (a) กับตำแหน่งโฆษณาใหม่ (b) เพื่อทดสอบว่า A/B ทดสอบโดยการวัดยอดขายที่เกิดจากตำแหน่งโฆษณาเดิม A/B ทดสอบจึงเหมาะสมจึงเหมาะสมจึงเหมาะสม,1.0
311,Q1,Hamtube เป็นแพลตฟอร์มดูวีดีโอออนไลน์แชร์และดูวิดีโอได้ hamtube และเขาต้องการทราบว่าการย้ายตำแหน่งของโฆษณาจะช่วยเพิ่มยอดขาย (ผู้ใช้คลิกโฆษณามากขึ้น) หรือไม่การทดสอบ A/B อธิบายเหตุผลที่แฮมทาโร่ควรใช้ A/B ทดสอบในการทดสอบพร้อมกับอธิบายเหตุผลพร้อมกับอธิบายเหตุผล,การทดสอบ A/B A/B ในการทดสอบการย้ายตำแหน่งของโฆษณาเพื่อเพิ่มยอดขายการทดสอบ A/B,1.0
312,Q3,Hamtube เป็นแพลตฟอร์มดูวีดีโอออนไลน์แชร์และดูวิดีโอได้ hamtube และเขาต้องการทราบว่าการย้ายตำแหน่งของโฆษณาจะช่วยเพิ่มยอดขาย (ผู้ใช้คลิกโฆษณามากขึ้น) หรือไม่การทดสอบ A/B แฮมทาโร่เลือกที่จะใช้การกระจายแบบทวินามเพื่อแทนการกระจายของการทำ A/B ทดสอบในครั้งนี้เพราะเหตุใดเพราะเหตุใด,"การใช้การกระจายแบบทวินามในการทำ A/B การทดสอบนั้นเหมาะสมหากผลลัพธ์ของการทดสอบมีลักษณะเป็นผลลัพธ์ไบนารี, หมายความว่ามีสองผลลัพธ์เท่านั้น (เช่น) ซึ่งเป็นสิ่งที่เกิดขึ้นในการทดสอบโฆษณานี้",5.0
313,Q1,Hamtube เป็นแพลตฟอร์มดูวีดีโอออนไลน์แชร์และดูวิดีโอได้ hamtube และเขาต้องการทราบว่าการย้ายตำแหน่งของโฆษณาจะช่วยเพิ่มยอดขาย (ผู้ใช้คลิกโฆษณามากขึ้น) หรือไม่การทดสอบ A/B อธิบายเหตุผลที่แฮมทาโร่ควรใช้ A/B ทดสอบในการทดสอบพร้อมกับอธิบายเหตุผลพร้อมกับอธิบายเหตุผล,"เหตุผลที่แฮมทาโร่ควรใช้ A/B ทดสอบในการทดสอบการย้ายตำแหน่งของโฆษณาใน hamtube:

วัดผลทางธุรกิจที่น่าสนใจ: การทดสอบ A/B ช่วยให้แฮมทาโร่สามารถวัดผลของการย้ายตำแหน่งโฆษณาได้อย่างแม่นยำซึ่งเป็นข้อมูลที่สำคัญสำหรับการตัดสินใจในการเปลี่ยนแปลงทางการตลาดซึ่งเป็นข้อมูลที่สำคัญสำหรับการตัดสินใจในการเปลี่ยนแปลงทางการตลาด

ปรับปรุงประสิทธิภาพของโฆษณา: การทดสอบ a/b ช่วยให้ทีมการตลาดได้ทราบว่าตำแหน่งใดที่โฆษณาทำให้ผู้ใช้คลิกมากขึ้นและจะช่วยปรับปรุงโฆษณาให้มีประสิทธิภาพมากที่สุด

ลดความเสี่ยง: การใช้ A/B ทดสอบช่วยลดความเสี่ยงของการทำการเปลี่ยนแปลงโดยไม่มีข้อมูลหรือหลักฐานที่เป็นพื้นฐานทำให้ทีมการตลาดสามารถดำเนินการตามข้อมูลที่ได้จากการทดสอบ

การปรับให้เหมาะสมกับกลุ่มเป้าหมาย: การทดสอบ A/B ช่วยให้ทราบว่าตำแหน่งของโฆษณาไหนที่เหมาะสมกับกลุ่มเป้าหมายของ hamtube มากที่สุดซึ่งสามารถช่วยปรับกลยุทธ์การตลาดให้เข้ากับความต้องการของผู้ใช้ซึ่งสามารถช่วยปรับกลยุทธ์การตลาดให้เข้ากับความต้องการของผู้ใช้",5.0
314,Q1,Hamtube เป็นแพลตฟอร์มดูวีดีโอออนไลน์แชร์และดูวิดีโอได้ hamtube และเขาต้องการทราบว่าการย้ายตำแหน่งของโฆษณาจะช่วยเพิ่มยอดขาย (ผู้ใช้คลิกโฆษณามากขึ้น) หรือไม่การทดสอบ A/B อธิบายเหตุผลที่แฮมทาโร่ควรใช้ A/B ทดสอบในการทดสอบพร้อมกับอธิบายเหตุผลพร้อมกับอธิบายเหตุผล,ควรใช้ A/B ทดสอบเพราะการพิจรณาการย้ายตำแหน่งของโฆษณาและการเพิ่มยอดขาย (ผู้ใช้คลิกโฆษณามากขึ้น) มีการสุ่มเข้ามาเกี่ยวข้องด้วย,0.5
315,Q1,Hamtube เป็นแพลตฟอร์มดูวีดีโอออนไลน์แชร์และดูวิดีโอได้ hamtube และเขาต้องการทราบว่าการย้ายตำแหน่งของโฆษณาจะช่วยเพิ่มยอดขาย (ผู้ใช้คลิกโฆษณามากขึ้น) หรือไม่การทดสอบ A/B อธิบายเหตุผลที่แฮมทาโร่ควรใช้ A/B ทดสอบในการทดสอบพร้อมกับอธิบายเหตุผลพร้อมกับอธิบายเหตุผล,เห็นด้วย (a) และตำแหน่งโฆษณาใหม่ (b) ว่าการย้ายตำแหน่งของโฆษณาจะช่วยเพิ่มยอดขายได้หรือไม่การทดสอบ A/B จึงเหมาะสมจึงเหมาะสม,1.0
316,Q1,Hamtube เป็นแพลตฟอร์มดูวีดีโอออนไลน์แชร์และดูวิดีโอได้ hamtube และเขาต้องการทราบว่าการย้ายตำแหน่งของโฆษณาจะช่วยเพิ่มยอดขาย (ผู้ใช้คลิกโฆษณามากขึ้น) หรือไม่การทดสอบ A/B อธิบายเหตุผลที่แฮมทาโร่ควรใช้ A/B ทดสอบในการทดสอบพร้อมกับอธิบายเหตุผลพร้อมกับอธิบายเหตุผล,การทดสอบ A/B A/B ในการทดสอบว่าการวางตำแหน่งของโฆษณาตรงไหน A/B ทดสอบจะเป็นการช่วยหาข้อสรุปช่วยให้สามารถทดสอบผลการเปลี่ยนแปลงในตำแหน่งโฆษณาต่อกลุ่มเป้าหมายที่แตกต่างกันช่วยลดความเสี่ยงที่อาจเกิดขึ้นจากการย้ายตำแหน่งโฆษณาโดยทันทีช่วยลดความเสี่ยงที่อาจเกิดขึ้นจากการย้ายตำแหน่งโฆษณาโดยทันที,2.0
317,Q3,Hamtube เป็นแพลตฟอร์มดูวีดีโอออนไลน์แชร์และดูวิดีโอได้ hamtube และเขาต้องการทราบว่าการย้ายตำแหน่งของโฆษณาจะช่วยเพิ่มยอดขาย (ผู้ใช้คลิกโฆษณามากขึ้น) หรือไม่การทดสอบ A/B แฮมทาโร่เลือกที่จะใช้การกระจายแบบทวินามเพื่อแทนการกระจายของการทำ A/B ทดสอบในครั้งนี้เพราะเหตุใดเพราะเหตุใด,เห็นด้วยเพราะการใช้การกระจายแบบทวินามเหมาะกับเคสนี้เพราะผลลัพธ์มันเป็นไปได้แค่ 2 อย่างคือผู้ใช้กดโฆษณากับไม่กดโฆษณารวมกันหลายๆครั้ง,5.0
318,Q4,Hamtube เป็นแพลตฟอร์มดูวีดีโอออนไลน์แชร์และดูวิดีโอได้ hamtube และเขาต้องการทราบว่าการย้ายตำแหน่งของโฆษณาจะช่วยเพิ่มยอดขาย (ผู้ใช้คลิกโฆษณามากขึ้น) หรือไม่การทดสอบ A/B แฮมทาโร่จะต้องเลือกว่าอยากให้สัดส่วนของผู้ใช้ที่เห็นโฆษณาตำแหน่งเก่าผู้ใช้ที่เห็นโฆษณาตำแหน่งใหม่เป็นเท่าไร 50/50 กับ 80/20 จงอธิบายข้อดีข้อเสียของการเลือกสัดส่วนแต่ละแบบจงอธิบายข้อดีข้อเสียของการเลือกสัดส่วนแต่ละแบบและตอบว่าแบบใดที่น่าจะเหมาะสมกับปัญหานี้มากกว่า,50/50 มีความเสี่ยงต่อผู้ใช้งานมากกว่า 80/20 มีความเสี่ยงน้อยกว่า (ในกรณีที่ผู้ใช้ไม่ชอบ) แต่จะได้ช้ากว่า 80/20 เพราะมีความการปฏิบัติมากกว่าและเสี่ยงน้อยกว่ามาก,5.0
319,Q2,Hamtube เป็นแพลตฟอร์มดูวีดีโอออนไลน์แชร์และดูวิดีโอได้ hamtube และเขาต้องการทราบว่าการย้ายตำแหน่งของโฆษณาจะช่วยเพิ่มยอดขาย (ผู้ใช้คลิกโฆษณามากขึ้น) หรือไม่การทดสอบ A/B ความละเอียดควรเป็นอะไรระยะเวลาการระบุแหล่งที่มาควรเป็นเท่าไหร่จงอธิบายเหตุผล,เลือกอัตราการเข้าชมอัตราส่วนของ / จำนวนครั้งทีโชว์โฆษณาเพราะมองว่าเราจะได้นับจริงๆว่าการโชว์โฆษณาแต่ละครั้งผู้ใช้กดหรือไม่,2.0
320,Q2,Hamtube เป็นแพลตฟอร์มดูวีดีโอออนไลน์แชร์และดูวิดีโอได้ hamtube และเขาต้องการทราบว่าการย้ายตำแหน่งของโฆษณาจะช่วยเพิ่มยอดขาย (ผู้ใช้คลิกโฆษณามากขึ้น) หรือไม่การทดสอบ A/B ความละเอียดควรเป็นอะไรระยะเวลาการระบุแหล่งที่มาควรเป็นเท่าไหร่จงอธิบายเหตุผล,"จำนวนผู้ใช้ที่คลิก/จำนวนผู้ใช้ที่ดูโฆษณาบน Hamtube
ระยะเวลาการระบุแหล่งที่มา: 3 วันที่ทำให้สามารถทราบได้ว่าเป็นตำแหน่งไหนที่ที่ทำให้สามารถทราบได้ว่าเป็นตำแหน่งไหนที่ที่ทำให้สามารถทราบได้ว่าเป็นตำแหน่งไหนที่ที่ทำให้สามารถทราบได้ว่าเป็นตำแหน่งไหนที่กดถ้ามากกว่านี้อาจไม่แน่ใจว่ามาโฆษณาใดมีอิทธิพลถ้ามากกว่านี้อาจไม่แน่ใจว่ามาโฆษณาใดมีอิทธิพลถ้ามากกว่านี้อาจไม่แน่ใจว่ามาโฆษณาใดมีอิทธิพลถ้ามากกว่านี้อาจไม่แน่ใจว่ามาโฆษณาใดมีอิทธิพล",5.0
321,Q3,Hamtube เป็นแพลตฟอร์มดูวีดีโอออนไลน์แชร์และดูวิดีโอได้ hamtube และเขาต้องการทราบว่าการย้ายตำแหน่งของโฆษณาจะช่วยเพิ่มยอดขาย (ผู้ใช้คลิกโฆษณามากขึ้น) หรือไม่การทดสอบ A/B แฮมทาโร่เลือกที่จะใช้การกระจายแบบทวินามเพื่อแทนการกระจายของการทำ A/B ทดสอบในครั้งนี้เพราะเหตุใดเพราะเหตุใด,เห็นด้วยแก้ไขโฆษณากับผู้ใช้ไว้ว่า a โชว์ให้เห็นกี่คน b โชว์ให้เห็นกี่คนอัตราการคลิกของแต่ละแบบ binomial,5.0
322,Q2,Hamtube เป็นแพลตฟอร์มดูวีดีโอออนไลน์แชร์และดูวิดีโอได้ hamtube และเขาต้องการทราบว่าการย้ายตำแหน่งของโฆษณาจะช่วยเพิ่มยอดขาย (ผู้ใช้คลิกโฆษณามากขึ้น) หรือไม่การทดสอบ A/B ความละเอียดควรเป็นอะไรระยะเวลาการระบุแหล่งที่มาควรเป็นเท่าไหร่จงอธิบายเหตุผล,"ความละเอียดควรเป็นทุกสัปดาห์
ระยะเวลาที่มาควรเป็น 7 วัน hamtube ซึ่งผู้ซื้อจะตัดสินใจรวดเร็ว",0.0
323,Q2,Hamtube เป็นแพลตฟอร์มดูวีดีโอออนไลน์แชร์และดูวิดีโอได้ hamtube และเขาต้องการทราบว่าการย้ายตำแหน่งของโฆษณาจะช่วยเพิ่มยอดขาย (ผู้ใช้คลิกโฆษณามากขึ้น) หรือไม่การทดสอบ A/B ความละเอียดควรเป็นอะไรระยะเวลาการระบุแหล่งที่มาควรเป็นเท่าไหร่จงอธิบายเหตุผล,"ความละเอียด:
ควรเลือกใช้ระดับความละเอียดที่ระดับ ""ระดับผู้ใช้"" หรือระดับผู้ใช้งานการทำเช่นนี้จะช่วยให้สามารถวัดและวิเคราะห์พฤติกรรมของผู้ใช้แต่ละคนต่อการเปลี่ยนแปลงตำแหน่งโฆษณาได้อย่างละเอียด
การวิเคราะห์ที่ระดับนี้จะช่วยเพิ่มความเข้าใจในวิธีที่ผู้ใช้แต่ละคนตอบสนองต่อโฆษณา

ระยะเวลาการระบุแหล่งที่มา (ระยะเวลาการจำกัดผล): เลือกระยะเวลาการระบุแหล่งที่มาที่ยาว 30 วันหลังจากการคลิกโฆษณา
เพราะ: การกำหนดระยะเวลาการระบุแหล่งที่มายาว",0.0
324,Q1,Hamtube เป็นแพลตฟอร์มดูวีดีโอออนไลน์แชร์และดูวิดีโอได้ hamtube และเขาต้องการทราบว่าการย้ายตำแหน่งของโฆษณาจะช่วยเพิ่มยอดขาย (ผู้ใช้คลิกโฆษณามากขึ้น) หรือไม่การทดสอบ A/B อธิบายเหตุผลที่แฮมทาโร่ควรใช้ A/B ทดสอบในการทดสอบพร้อมกับอธิบายเหตุผลพร้อมกับอธิบายเหตุผล,ควรใช้เพราะทำให้เห็นผลก่อนที่จะทำการเปลี่ยนแปลง,1.5
325,Q2,Hamtube เป็นแพลตฟอร์มดูวีดีโอออนไลน์แชร์และดูวิดีโอได้ hamtube และเขาต้องการทราบว่าการย้ายตำแหน่งของโฆษณาจะช่วยเพิ่มยอดขาย (ผู้ใช้คลิกโฆษณามากขึ้น) หรือไม่การทดสอบ A/B ความละเอียดควรเป็นอะไรระยะเวลาการระบุแหล่งที่มาควรเป็นเท่าไหร่จงอธิบายเหตุผล,Granularity คือจำนวนผู้ใช้ที่คลิกโฆษณาส่วนระยะเวลาของระยะเวลาการระบุแหล่งที่มาควรเป็น 2-3 วันเพราะมันขึ้นกับพฤติกรรมของผู้ใช้ถ้าผู้ใช้กดๆไป,3.5
326,Q2,Hamtube เป็นแพลตฟอร์มดูวีดีโอออนไลน์แชร์และดูวิดีโอได้ hamtube และเขาต้องการทราบว่าการย้ายตำแหน่งของโฆษณาจะช่วยเพิ่มยอดขาย (ผู้ใช้คลิกโฆษณามากขึ้น) หรือไม่การทดสอบ A/B ความละเอียดควรเป็นอะไรระยะเวลาการระบุแหล่งที่มาควรเป็นเท่าไหร่จงอธิบายเหตุผล,"Granularity: ระดับผู้ใช้
- เพราะเป้าหมายคือการวัดปฏิกิริยาของผู้ใช้ต่อการเปลี่ยนแปลงตำแหน่งโฆษณา

ระยะเวลาที่มา: ช่วงเวลาที่เหมาะสมอาจอยู่ระหว่าง 1-2 สัปดาห์
- เนื่องจากผู้ใช้อาจตอบสนองต่อโฆษณาหลังจากดูหลายครั้ง",0.0
327,Q4,Hamtube เป็นแพลตฟอร์มดูวีดีโอออนไลน์แชร์และดูวิดีโอได้ hamtube และเขาต้องการทราบว่าการย้ายตำแหน่งของโฆษณาจะช่วยเพิ่มยอดขาย (ผู้ใช้คลิกโฆษณามากขึ้น) หรือไม่การทดสอบ A/B แฮมทาโร่จะต้องเลือกว่าอยากให้สัดส่วนของผู้ใช้ที่เห็นโฆษณาตำแหน่งเก่าผู้ใช้ที่เห็นโฆษณาตำแหน่งใหม่เป็นเท่าไร 50/50 กับ 80/20 จงอธิบายข้อดีข้อเสียของการเลือกสัดส่วนแต่ละแบบและตอบว่าแบบใดที่น่าจะเหมาะสมกับปัญหานี้มากกว่าและตอบว่าแบบใดที่น่าจะเหมาะสมกับปัญหานี้มากกว่า,"50/50 เสี่ยงกว่าแต่จะได้ผลลัพธ์มาใช้ในการตัดสินใจเร็วขึ้น
80/20 ช้ากว่าแต่ไม่เสี่ยงเท่า

80/20 เหมาะสมกว่าไม่ควรเสี่ยงไม่ควรเสี่ยง",5.0
328,Q2,Hamtube เป็นแพลตฟอร์มดูวีดีโอออนไลน์แชร์และดูวิดีโอได้ hamtube และเขาต้องการทราบว่าการย้ายตำแหน่งของโฆษณาจะช่วยเพิ่มยอดขาย (ผู้ใช้คลิกโฆษณามากขึ้น) หรือไม่การทดสอบ A/B ความละเอียดควรเป็นอะไรระยะเวลาการระบุแหล่งที่มาควรเป็นเท่าไหร่จงอธิบายเหตุผล,Granularity คือจำนวนครั้งที่มีคนเข้ามารับชมวิดิโอนี้ผู้ใช้ ID ไปแต่ละครั้งของการเข้าชมแต่ละครั้งของการเข้าชมอาจเห็นหรือไม่เห็นโฆษณาอาจเห็นหรือไม่เห็นโฆษณา metric เป็นจำนวนครั้งที่โฆษณาถูกคลิก/จำนวนครั้งที่มีคนเข้ามาชมวิดิโอจำนวนครั้งที่มีคนเข้ามาชมวิดิโอจำนวนครั้งที่มีคนเข้ามาชมวิดิโอจำนวนครั้งที่มีคนเข้ามาชมวิดิโอจำนวนครั้งที่มีคนเข้ามาชมวิดิโอจำนวนครั้งที่มีคนเข้ามาชมวิดิโอ 12 ชม 12 ชม 12 ชม (พักทานข้าวบ้างเถอะครับดูต่อเนื่องนานดูต่อเนื่องนานดูต่อเนื่องนานพักทานข้าวบ้างเถอะครับชมชมชม,5.0
329,Q2,Hamtube เป็นแพลตฟอร์มดูวีดีโอออนไลน์แชร์และดูวิดีโอได้ hamtube และเขาต้องการทราบว่าการย้ายตำแหน่งของโฆษณาจะช่วยเพิ่มยอดขาย (ผู้ใช้คลิกโฆษณามากขึ้น) หรือไม่การทดสอบ A/B ความละเอียดควรเป็นอะไรระยะเวลาการระบุแหล่งที่มาควรเป็นเท่าไหร่จงอธิบายเหตุผล,"Granularity ควรเป็นการเก็บข้อมูลทุกคลิกที่คลิกโฆษณาเป็นรายวัน hamtube ได้ละเอียดยิ่งขึ้น
ระยะเวลาที่มาควรเป็นสัก 7 วันเพื่อให้ได้ข้อมูลที่สมเหตุสมผลหรือเชื่อถือได้",0.0
330,Q3,Hamtube เป็นแพลตฟอร์มดูวีดีโอออนไลน์แชร์และดูวิดีโอได้ hamtube และเขาต้องการทราบว่าการย้ายตำแหน่งของโฆษณาจะช่วยเพิ่มยอดขาย (ผู้ใช้คลิกโฆษณามากขึ้น) หรือไม่การทดสอบ A/B แฮมทาโร่เลือกที่จะใช้การกระจายแบบทวินามเพื่อแทนการกระจายของการทำ A/B ทดสอบในครั้งนี้เพราะเหตุใดเพราะเหตุใด,เห็นด้วยเพราะการกระจายแบบทวินามเหมาะสำหรับการทดลองสองกลุ่ม A/B,2.0
331,Q2,Hamtube เป็นแพลตฟอร์มดูวีดีโอออนไลน์แชร์และดูวิดีโอได้ hamtube และเขาต้องการทราบว่าการย้ายตำแหน่งของโฆษณาจะช่วยเพิ่มยอดขาย (ผู้ใช้คลิกโฆษณามากขึ้น) หรือไม่การทดสอบ A/B ความละเอียดควรเป็นอะไรระยะเวลาการระบุแหล่งที่มาควรเป็นเท่าไหร่จงอธิบายเหตุผล,การเลือกใช้ความละเอียดในระดับผู้ใช้ในการวิเคราะห์และระยะเวลาการระบุแหล่งที่มา 30 วันให้ความเข้าใจอย่างละเอียดและครอบคลุมว่าผู้ใช้แต่ละคนตอบสนองต่อการเปลี่ยนแปลงตำแหน่งโฆษณาอย่างไร วิธีการนี้ช่วยให้ Hamtaro ประเมินผลกระทบทั้งระยะสั้นและระยะยาวซึ่งนำไปสู่การตัดสินใจที่มีข้อมูลมากขึ้นเกี่ยวกับการเพิ่มประสิทธิภาพของตำแหน่งโฆษณาบนแพลตฟอร์ม Hamtube,0.0
332,Q2,Hamtube เป็นแพลตฟอร์มดูวีดีโอออนไลน์แชร์และดูวิดีโอได้ hamtube และเขาต้องการทราบว่าการย้ายตำแหน่งของโฆษณาจะช่วยเพิ่มยอดขาย (ผู้ใช้คลิกโฆษณามากขึ้น) หรือไม่การทดสอบ A/B ความละเอียดควรเป็นอะไรระยะเวลาการระบุแหล่งที่มาควรเป็นเท่าไหร่จงอธิบายเหตุผล,"Granularity อาจจะเป็นระดับผู้ใช้หรือระดับเซสชันโดยแล้วแต่งบประมาณและความเร็วที่ต้องการ

- ระดับผู้ใช้ละเอียดกว่าการแบ่งกลุ่มผู้ใช้โดยแบ่งตามลักษณะเช่น, ความชอบส่วนบุคคล, ข้อมูลส่วนตัว (ดังเช่นในโฆษณาเป้าหมาย Facebook จะเขียนว่าทำไมฉันถึงเห็นโฆษณานี้?
- ระดับเซสชันแม้ไม่สามารถติดตามหรือทำ persona ได้วิเคราะห์ได้ง่ายกว่า

สำหรับระยะเวลาการระบุแหล่งที่มาเลือกเป็นระดับสัปดาห์โฆษณาอาจเกิดจากปัจจัยอื่น",0.0
333,Q2,Hamtube เป็นแพลตฟอร์มดูวีดีโอออนไลน์แชร์และดูวิดีโอได้ hamtube และเขาต้องการทราบว่าการย้ายตำแหน่งของโฆษณาจะช่วยเพิ่มยอดขาย (ผู้ใช้คลิกโฆษณามากขึ้น) หรือไม่การทดสอบ A/B ความละเอียดควรเป็นอะไรระยะเวลาการระบุแหล่งที่มาควรเป็นเท่าไหร่จงอธิบายเหตุผล,"Granularity เป็น hit ก็คือจำนวนครั้งที่วิดีโอถูกรับชม metrics เป็น/จำนวนครั้งที่มีคนมาดูวิดีโอ
เหตุผลเพราะต้องการวัดว่าตำแหน่งโฆษณาที่เปลี่ยนไปทำให้กดเยอะขึ้นหรือไม่ก็ควรจะวัดต่อการดูวิดีโอหนึ่งๆไปเลย
ระยะเวลาการระบุแหล่งที่มาเป็น 1 ชั่วโมง 1 ชม",5.0
334,Q3,Hamtube เป็นแพลตฟอร์มดูวีดีโอออนไลน์แชร์และดูวิดีโอได้ hamtube และเขาต้องการทราบว่าการย้ายตำแหน่งของโฆษณาจะช่วยเพิ่มยอดขาย (ผู้ใช้คลิกโฆษณามากขึ้น) หรือไม่การทดสอบ A/B แฮมทาโร่เลือกที่จะใช้การกระจายแบบทวินามเพื่อแทนการกระจายของการทำ A/B ทดสอบในครั้งนี้เพราะเหตุใดเพราะเหตุใด,เห็นด้วยการกระจายและการเลือกคลิกโฆณาก็เป็นแค่ 0 และ 1 คือคลิกไม่คลิก,5.0
335,Q4,Hamtube เป็นแพลตฟอร์มดูวีดีโอออนไลน์แชร์และดูวิดีโอได้ hamtube และเขาต้องการทราบว่าการย้ายตำแหน่งของโฆษณาจะช่วยเพิ่มยอดขาย (ผู้ใช้คลิกโฆษณามากขึ้น) หรือไม่การทดสอบ A/B แฮมทาโร่จะต้องเลือกว่าอยากให้สัดส่วนของผู้ใช้ที่เห็นโฆษณาตำแหน่งเก่าผู้ใช้ที่เห็นโฆษณาตำแหน่งใหม่เป็นเท่าไร 50/50 กับ 80/20 จงอธิบายข้อดีข้อเสียของการเลือกสัดส่วนแต่ละแบบจงอธิบายข้อดีข้อเสียของการเลือกสัดส่วนแต่ละแบบและตอบว่าแบบใดที่น่าจะเหมาะสมกับปัญหานี้มากกว่า,"สัดส่วน 50/50:
ข้อดี: การแบ่งสัดส่วนเป็น 50/50 ช่วยให้การทดลองมีความยิ่งใหญ่และเป็นระบบช่วยลดความผิดพลาดทางสถิติที่อาจเกิดขึ้นในกรณีที่มีการแบ่งสัดส่วนไม่เท่าเทียมช่วยลดความผิดพลาดทางสถิติที่อาจเกิดขึ้นในกรณีที่มีการแบ่งสัดส่วนไม่เท่าเทียม
ข้อเสีย: การแบ่งสัดส่วนเป็น 50/50 อาจทำให้เวลาที่ใช้ในการเก็บข้อมูลและการวิเคราะห์ยาวนานขึ้นเพราะจำเป็นต้องรอให้มีข้อมูลมากพอที่จะทำให้ผลการทดลองมีความเชื่อถือสูงขึ้น

สัดส่วน 80/20:
ข้อดี: การแบ่งสัดส่วนเป็น 80/20 ช่วยให้มีการทดลองที่มีการเปลี่ยนแปลงมากขึ้นในกลุ่มทดลองซึ่งอาจช่วยให้มีการสะท้อนผลลัพธ์ที่ดีขึ้นได้เร็วขึ้น
ข้อเสีย: การแบ่งสัดส่วนเป็น 80/20 อาจทำให้มีการทดลองที่ไม่มีความเท่าเทียมในการทดสอบซึ่งอาจทำให้ผลลัพธ์ที่ได้มีความเชื่อถือน้อยลง

แบบที่เหมาะสมมากกว่าคือแบบ 50/50 เนื่องจากเราไม่ได้ต้องการความรีบร้อนใดๆและอีกหนึ่งเหตุผลก็คือหากและอีกหนึ่งเหตุผลก็คือหากและอีกหนึ่งเหตุผลก็คือหากและอีกหนึ่งเหตุผลก็คือหากใช้ hamtube เยอะ data ได้มากอยู่แล้วไม่จำเป็นต้องรีบเลยไม่จำเป็นต้องรีบเลยไม่จำเป็นต้องรีบเลยไม่จำเป็นต้องรีบเลยไม่จำเป็นต้องรีบเลย",1.0
336,Q1,Hamtube เป็นแพลตฟอร์มดูวีดีโอออนไลน์แชร์และดูวิดีโอได้ hamtube และเขาต้องการทราบว่าการย้ายตำแหน่งของโฆษณาจะช่วยเพิ่มยอดขาย (ผู้ใช้คลิกโฆษณามากขึ้น) หรือไม่การทดสอบ A/B อธิบายเหตุผลที่แฮมทาโร่ควรใช้ A/B ทดสอบในการทดสอบพร้อมกับอธิบายเหตุผลพร้อมกับอธิบายเหตุผล,การทดสอบ A/B A/B เนื่องจาก A/B การทดสอบเป็นการทดสอบที่สามารถเปรียบเทียบตัวแปร 1 อย่าง 2 กลุ่ม 2 กลุ่ม A และ B และแต่ละกลุ่มจะได้พบกับตัวแปรต้นที่ต่างกันแต่อย่างอื่นเหมือนกันดังนั้นผลลัพธ์ที่ได้ถ้าหากมีความแตกต่างแน่นอนว่าความต่างของผลลัพธ์ต้องเป็นเพราะตัวแปรต้น,3.0
337,Q1,Hamtube เป็นแพลตฟอร์มดูวีดีโอออนไลน์แชร์และดูวิดีโอได้ hamtube และเขาต้องการทราบว่าการย้ายตำแหน่งของโฆษณาจะช่วยเพิ่มยอดขาย (ผู้ใช้คลิกโฆษณามากขึ้น) หรือไม่การทดสอบ A/B อธิบายเหตุผลที่แฮมทาโร่ควรใช้ A/B ทดสอบในการทดสอบพร้อมกับอธิบายเหตุผลพร้อมกับอธิบายเหตุผล,"การทดสอบ A/B A/B ในการทดสอบการเปลี่ยนแปลงตำแหน่งของโฆษณา A/B ทดสอบเป็นวิธีการทดสอบประสิทธิภาพของการเปลี่ยนแปลงต่างๆ 2 แบบด้วยกัน 2 เวอร์ชัน

เวอร์ชัน A: แสดงโฆษณาที่ตำแหน่งเดิม
เวอร์ชัน B: แสดงโฆษณาที่ตำแหน่งใหม่
จากนั้น 1 เดือน",1.0
338,Q1,Hamtube เป็นแพลตฟอร์มดูวีดีโอออนไลน์แชร์และดูวิดีโอได้ hamtube และเขาต้องการทราบว่าการย้ายตำแหน่งของโฆษณาจะช่วยเพิ่มยอดขาย (ผู้ใช้คลิกโฆษณามากขึ้น) หรือไม่การทดสอบ A/B อธิบายเหตุผลที่แฮมทาโร่ควรใช้ A/B ทดสอบในการทดสอบพร้อมกับอธิบายเหตุผลพร้อมกับอธิบายเหตุผล,เห็นด้วยเพราะ 2 สถานการณ์มีความแตกต่างกันด้วยตัวแปรเพียงดัวเดียวคือตำแหน่งโฆษณา,1.0
339,Q4,Hamtube เป็นแพลตฟอร์มดูวีดีโอออนไลน์แชร์และดูวิดีโอได้ hamtube และเขาต้องการทราบว่าการย้ายตำแหน่งของโฆษณาจะช่วยเพิ่มยอดขาย (ผู้ใช้คลิกโฆษณามากขึ้น) หรือไม่การทดสอบ A/B แฮมทาโร่จะต้องเลือกว่าอยากให้สัดส่วนของผู้ใช้ที่เห็นโฆษณาตำแหน่งเก่าผู้ใช้ที่เห็นโฆษณาตำแหน่งใหม่เป็นเท่าไร 50/50 กับ 80/20 จงอธิบายข้อดีข้อเสียของการเลือกสัดส่วนแต่ละแบบและตอบว่าแบบใดที่น่าจะเหมาะสมกับปัญหานี้มากกว่าและตอบว่าแบบใดที่น่าจะเหมาะสมกับปัญหานี้มากกว่า,"แบบ 50/50 จะมีความเสี่ยงมากกว่าแบบ 80/20 เพราะแบบใหม่อาจทำให้เสียกำไรไปมากได้
แต่แบบ 80/20 จะช้ากว่าแบบ 50/50 เพราะจำนวนขนาดตัวอย่างที่แบ่งให้แบบใหม่น้อย

ควรเลือกแบบ 80/20 เพื่อลดความเสี่ยงในการเสียกำไรจากระบบใหม่",5.0
340,Q3,Hamtube เป็นแพลตฟอร์มดูวีดีโอออนไลน์แชร์และดูวิดีโอได้ hamtube และเขาต้องการทราบว่าการย้ายตำแหน่งของโฆษณาจะช่วยเพิ่มยอดขาย (ผู้ใช้คลิกโฆษณามากขึ้น) หรือไม่การทดสอบ A/B แฮมทาโร่เลือกที่จะใช้การกระจายแบบทวินามเพื่อแทนการกระจายของการทำ A/B ทดสอบในครั้งนี้เพราะเหตุใดเพราะเหตุใด,"การเลือกใช้การกระจายแบบทวินามในการทำ A/B การทดสอบนี้เป็นการตัดสินใจที่เหมาะสม การกระจายแบบทวินามใช้กับตัวแปรที่มีผลลัพธ์เพียงสองอย่างเท่านั้น (เช่นคลิกหรือไม่คลิก) ในกรณีนี้, มันเหมาะสมที่จะใช้สำหรับการวัดจำนวนครั้งที่ผู้ใช้คลิกโฆษณาในแต่ละกลุ่ม (กลุ่มควบคุมและกลุ่มทดลอง)",5.0
341,Q4,Hamtube เป็นแพลตฟอร์มดูวีดีโอออนไลน์แชร์และดูวิดีโอได้ hamtube และเขาต้องการทราบว่าการย้ายตำแหน่งของโฆษณาจะช่วยเพิ่มยอดขาย (ผู้ใช้คลิกโฆษณามากขึ้น) หรือไม่การทดสอบ A/B แฮมทาโร่จะต้องเลือกว่าอยากให้สัดส่วนของผู้ใช้ที่เห็นโฆษณาตำแหน่งเก่าผู้ใช้ที่เห็นโฆษณาตำแหน่งใหม่เป็นเท่าไร 50/50 กับ 80/20 จงอธิบายข้อดีข้อเสียของการเลือกสัดส่วนแต่ละแบบและตอบว่าแบบใดที่น่าจะเหมาะสมกับปัญหานี้มากกว่าและตอบว่าแบบใดที่น่าจะเหมาะสมกับปัญหานี้มากกว่า,"สัดส่วน 50/50:
ข้อดี:
การเปรียบเทียบแบบเป็นเท่าๆ: การให้สัดส่วนเท่ากันให้โอกาสที่เท่าเทียมกันในการเปรียบเทียบผลลัพธ์ระหว่างโฆษณาตำแหน่งเก่าและใหม่
ข้อเสีย:
การทดสอบอาจใช้เวลานาน: หากผลลัพธ์ไม่แตกต่างกันอย่างมีนัยสำคัญระหว่างกลุ่ม 50/50 อาจทำให้การวิเคราะห์และการตัดสินใจใช้เวลานาน
สัดส่วน 80/20:
ข้อดี:
ส่วนใหญ่ของการแสดงโฆษณาตำแหน่งใหม่: ทดลองที่มีสัดส่วนมากกว่าสามารถให้การศึกษาและการทดสอบประสิทธิภาพของโฆษณาใหม่ได้เพิ่มขึ้น
การลดความเสี่ยง: การลดสัดส่วนของโฆษณาตำแหน่งใหม่ที่แสดงให้ผู้ใช้ทำให้มีความเสี่ยงต่ำกว่าการที่ผู้ใช้ส่วนใหญ่จะไม่เห็นโฆษณาใหม่
ข้อเสีย:
ข้อมูลที่ไม่สมดุล: การแบ่งส่วนอาจทำให้ข้อมูลที่ได้ไม่สมดุลระหว่างกลุ่มที่เห็นโฆษณาใหม่น้อยกว่าการแบ่งส่วนอาจทำให้ข้อมูลที่ได้ไม่สมดุลระหว่างกลุ่มที่เห็นโฆษณาใหม่น้อยกว่า
ผมคิดว่าควรแบ่งแบบ 80/20 มีข้อดีที่ถ้าแล้วผลลัพธ์ไม่ค่อยดีไม่ประสบความสำเร็จก็จะได้ไม่กระทบกับผู้ใช้งานจำนวนมาก 50/50",4.0
342,Q2,Hamtube เป็นแพลตฟอร์มดูวีดีโอออนไลน์แชร์และดูวิดีโอได้ hamtube และเขาต้องการทราบว่าการย้ายตำแหน่งของโฆษณาจะช่วยเพิ่มยอดขาย (ผู้ใช้คลิกโฆษณามากขึ้น) หรือไม่การทดสอบ A/B ความละเอียดควรเป็นอะไรระยะเวลาการระบุแหล่งที่มาควรเป็นเท่าไหร่จงอธิบายเหตุผล,จำนวนโฆษณาทั้งหมดระยะเวลา atrribution เป็น 1 วันเมื่อเทียบกับคนที่ดูและและเพื่อไม่ให้เกิดอิทธิพลอื่นมาส่งผลให้ซื้อนอกจากตำแหน่งโฆษณานอกจากตำแหน่งโฆษณา,0.0
343,Q2,Hamtube เป็นแพลตฟอร์มดูวีดีโอออนไลน์แชร์และดูวิดีโอได้ hamtube และเขาต้องการทราบว่าการย้ายตำแหน่งของโฆษณาจะช่วยเพิ่มยอดขาย (ผู้ใช้คลิกโฆษณามากขึ้น) หรือไม่การทดสอบ A/B ความละเอียดควรเป็นอะไรระยะเวลาการระบุแหล่งที่มาควรเป็นเท่าไหร่จงอธิบายเหตุผล,Granularity ควรเป็นจำนวนการคลิกโฆษณาต่อจำนวนการเห็นโฆษณาสมมติฐานทำให้สร้างข้อสรุปได้ง่ายระยะเวลาการระบุแหล่งที่มาควรเป็น 1 วัน,3.0
344,Q3,Hamtube เป็นแพลตฟอร์มดูวีดีโอออนไลน์แชร์และดูวิดีโอได้ hamtube และเขาต้องการทราบว่าการย้ายตำแหน่งของโฆษณาจะช่วยเพิ่มยอดขาย (ผู้ใช้คลิกโฆษณามากขึ้น) หรือไม่การทดสอบ A/B แฮมทาโร่เลือกที่จะใช้การกระจายแบบทวินามเพื่อแทนการกระจายของการทำ A/B ทดสอบในครั้งนี้เพราะเหตุใดเพราะเหตุใด,เห็นด้วยคลิก/ไม่คลิกเป็นการแจกแจง bernoulli และเราเก็บเป็นจำนวนคลิกโฆษณาในวิดีโอ/จำนวนครั้งที่มีคนมาดูวิดีโอคลิกครั้งแรก bernoulli ซ้ำๆเป็นทฤษฎีบทการกระจายปกติทำให้อยู่ในรูปค่าเฉลี่ยการแจกแจงแบบปกติดังนั้นจะใช้การแจกแจงแบบปกติแทนก็ได้การแจกแจงแบบปกติ,5.0
345,Q1,Hamtube เป็นแพลตฟอร์มดูวีดีโอออนไลน์แชร์และดูวิดีโอได้ hamtube และเขาต้องการทราบว่าการย้ายตำแหน่งของโฆษณาจะช่วยเพิ่มยอดขาย (ผู้ใช้คลิกโฆษณามากขึ้น) หรือไม่การทดสอบ A/B อธิบายเหตุผลที่แฮมทาโร่ควรใช้ A/B ทดสอบในการทดสอบพร้อมกับอธิบายเหตุผลพร้อมกับอธิบายเหตุผล,เห็นด้วยการทดสอบ A/B,1.0
346,Q3,Hamtube เป็นแพลตฟอร์มดูวีดีโอออนไลน์แชร์และดูวิดีโอได้ hamtube และเขาต้องการทราบว่าการย้ายตำแหน่งของโฆษณาจะช่วยเพิ่มยอดขาย (ผู้ใช้คลิกโฆษณามากขึ้น) หรือไม่การทดสอบ A/B แฮมทาโร่เลือกที่จะใช้การกระจายแบบทวินามเพื่อแทนการกระจายของการทำ A/B ทดสอบในครั้งนี้เพราะเหตุใดเพราะเหตุใด,เห็นด้วยหรือซึ่งเหมาะอย่างยิ่งกับการกระจายแบบทวินามที่เป็นการหาโอกาสของผลลัพธ์ที่มี 2 ทางเลือก (เกิด/ไม่เกิด),5.0
347,Q2,Hamtube เป็นแพลตฟอร์มดูวีดีโอออนไลน์แชร์และดูวิดีโอได้ hamtube และเขาต้องการทราบว่าการย้ายตำแหน่งของโฆษณาจะช่วยเพิ่มยอดขาย (ผู้ใช้คลิกโฆษณามากขึ้น) หรือไม่การทดสอบ A/B ความละเอียดควรเป็นอะไรระยะเวลาการระบุแหล่งที่มาควรเป็นเท่าไหร่จงอธิบายเหตุผล,"•ความละเอียด: ฮิต/การแสดงผล - จำนวนครั้งที่ดูหน้า นี่เป็นเพราะหากผู้ใช้พบปัญหาเราต้องการเข้าใจว่า ""ผู้ใช้คลิกโฆษณามากขึ้น"" (ผู้ใช้คลิกที่โฆษณาเพิ่มเติม)

•ระยะเวลาที่มา: 1 วัน สิ่งนี้เหมาะสมเนื่องจากการเยี่ยมชมเว็บไซต์เกิดขึ้นอย่างรวดเร็วภายในระยะเวลาอันสั้น",2.5
348,Q4,Hamtube เป็นแพลตฟอร์มดูวีดีโอออนไลน์แชร์และดูวิดีโอได้ hamtube และเขาต้องการทราบว่าการย้ายตำแหน่งของโฆษณาจะช่วยเพิ่มยอดขาย (ผู้ใช้คลิกโฆษณามากขึ้น) หรือไม่การทดสอบ A/B แฮมทาโร่จะต้องเลือกว่าอยากให้สัดส่วนของผู้ใช้ที่เห็นโฆษณาตำแหน่งเก่าผู้ใช้ที่เห็นโฆษณาตำแหน่งใหม่เป็นเท่าไร 50/50 กับ 80/20 จงอธิบายข้อดีข้อเสียของการเลือกสัดส่วนแต่ละแบบและตอบว่าแบบใดที่น่าจะเหมาะสมกับปัญหานี้มากกว่าและตอบว่าแบบใดที่น่าจะเหมาะสมกับปัญหานี้มากกว่า,"ข้ออดีของสัดส่วน 50/50: ช่วยให้ได้ข้อมูลที่สมดุลจากทั้งสองกลุ่มแต่อาจทำให้การทดสอบใช้เวลานานขึ้น

ข้อดีของสัดส่วน 80/20: ช่วยให้ผลทดสอบเสถียรมากขึ้นและสรุปผลได้เร็วขึ้นแต่อาจทำให้มีความไม่สมดุลในข้อมูลขึ้นอยู่กับว่าความเร็วหรือความสมดุลอันไหนมีความสำคัญมากกว่ากัน",0.0
349,Q3,Hamtube เป็นแพลตฟอร์มดูวีดีโอออนไลน์แชร์และดูวิดีโอได้ hamtube และเขาต้องการทราบว่าการย้ายตำแหน่งของโฆษณาจะช่วยเพิ่มยอดขาย (ผู้ใช้คลิกโฆษณามากขึ้น) หรือไม่การทดสอบ A/B แฮมทาโร่เลือกที่จะใช้การกระจายแบบทวินามเพื่อแทนการกระจายของการทำ A/B ทดสอบในครั้งนี้เพราะเหตุใดเพราะเหตุใด,"ไม่
โดยทั่วไปในการทดสอบ A/B จะใช้การแจกแจงที่เกี่ยวข้องกับการทดสอบสมมติฐานแบบสุ่ม (การทดสอบสมมติฐานแบบสุ่ม) เช่นการแจกแจงแบบปกติหรือการกระจาย t-distribution ซึ่งใช้ในการทดสอบสมมติฐานเกี่ยวกับค่าเฉลี่ยของกลุ่มสองกลุ่มทดลองที่ต่างกัน a และกลุ่ม b

การใช้การกระจายแบบทวินามในการทำ A/B การทดสอบไม่ได้ A/B การทดสอบมีลักษณะทางสถิติที่แตกต่างกันการกระจายแบบทวินามอาจเหมาะสมกับการนับจำนวนครั้งที่เกิดเหตุการณ์เฉพาะขึ้นในจำนวนทดลองที่กำหนดไว้ A/B การทดสอบที่มีการเปรียบเทียบกลุ่มทดลองและกลุ่มควบคุมที่มีคุณลักษณะต่างกันที่มีการเปรียบเทียบกลุ่มทดลองและกลุ่มควบคุมที่มีคุณลักษณะต่างกัน",1.0
350,Q3,Hamtube เป็นแพลตฟอร์มดูวีดีโอออนไลน์แชร์และดูวิดีโอได้ hamtube และเขาต้องการทราบว่าการย้ายตำแหน่งของโฆษณาจะช่วยเพิ่มยอดขาย (ผู้ใช้คลิกโฆษณามากขึ้น) หรือไม่การทดสอบ A/B แฮมทาโร่เลือกที่จะใช้การกระจายแบบทวินามเพื่อแทนการกระจายของการทำ A/B ทดสอบในครั้งนี้เพราะเหตุใดเพราะเหตุใด,ไม่เห็นด้วยการกระจายปกติมากกว่า,1.0
351,Q3,Hamtube เป็นแพลตฟอร์มดูวีดีโอออนไลน์แชร์และดูวิดีโอได้ hamtube และเขาต้องการทราบว่าการย้ายตำแหน่งของโฆษณาจะช่วยเพิ่มยอดขาย (ผู้ใช้คลิกโฆษณามากขึ้น) หรือไม่การทดสอบ A/B แฮมทาโร่เลือกที่จะใช้การกระจายแบบทวินามเพื่อแทนการกระจายของการทำ A/B ทดสอบในครั้งนี้เพราะเหตุใดเพราะเหตุใด,เห็นด้วยใช่ไม่มีการทดสอบซึ่งเป็นสถานการณ์ที่พบมากใน a/b และมีการบวกกันซึ่งผลการทดสอบอิสระต่อกันซึ่งผลการทดสอบอิสระต่อกัน,5.0
352,Q1,Hamtube เป็นแพลตฟอร์มดูวีดีโอออนไลน์แชร์และดูวิดีโอได้ hamtube และเขาต้องการทราบว่าการย้ายตำแหน่งของโฆษณาจะช่วยเพิ่มยอดขาย (ผู้ใช้คลิกโฆษณามากขึ้น) หรือไม่การทดสอบ A/B อธิบายเหตุผลที่แฮมทาโร่ควรใช้ A/B ทดสอบในการทดสอบพร้อมกับอธิบายเหตุผลพร้อมกับอธิบายเหตุผล,ควรใช้เพราะช่วยให้แฮมทาโร่สามารถเปรียบเทียบผลกระทบของการเปลี่ยนตำแหน่งโฆษณาในสภาพแวดล้อมที่ควบคุมได้โดยทำให้สามารถประเมินว่าการเปลี่ยนแปลงนี้มีผลต่อการคลิกโฆษณามากน้อยเพียงใดได้ชัดเจนมากขึ้น,4.0
353,Q2,Hamtube เป็นแพลตฟอร์มดูวีดีโอออนไลน์แชร์และดูวิดีโอได้ hamtube และเขาต้องการทราบว่าการย้ายตำแหน่งของโฆษณาจะช่วยเพิ่มยอดขาย (ผู้ใช้คลิกโฆษณามากขึ้น) หรือไม่การทดสอบ A/B ความละเอียดควรเป็นอะไรระยะเวลาการระบุแหล่งที่มาควรเป็นเท่าไหร่จงอธิบายเหตุผล,"-granularity ควรเป็นระดับบุคคล (ระดับบุคคล) เพื่อให้สามารถติดตามพฤติกรรมของผู้ใช้แต่ละคนต่อการคลิกโฆษณาได้แม่นยำ การทำเช่นนี้ช่วยให้สามารถระบุได้ว่าผู้ใช้คนใดมีการตอบสนองต่อการเปลี่ยนแปลงตำแหน่งโฆษณา.
- ระยะเวลาการระบุแหล่งที่มาควรพิจารณาจากวงจรการตัดสินใจของผู้ใช้และความถี่ในการเข้าชมแพลตฟอร์ม อาจเริ่มต้นที่ 1-2 สัปดาห์และประเมินว่ามีข้อมูลเพียงพอหรือไม่",0.0
354,Q2,Hamtube เป็นแพลตฟอร์มดูวีดีโอออนไลน์แชร์และดูวิดีโอได้ hamtube และเขาต้องการทราบว่าการย้ายตำแหน่งของโฆษณาจะช่วยเพิ่มยอดขาย (ผู้ใช้คลิกโฆษณามากขึ้น) หรือไม่การทดสอบ A/B ความละเอียดควรเป็นอะไรระยะเวลาการระบุแหล่งที่มาควรเป็นเท่าไหร่จงอธิบายเหตุผล,Granularity ควรเป็นจำนวนของผู้ใช้ที่ดูวีดีโอออนไลน์โดยติดตามจากคุกกี้และให้ระยะเวลาการระบุแหล่งที่มาเป็น 1 ชั่วโมง 1 ชั่วโมงผู้ใช้คลิกโฆษณากระบวนการที่นานเกิน 1 ชั่วโมง ๆ เข้ามาเกี่ยวข้องมากจนเกินไปเข้ามาเกี่ยวข้องมากจนเกินไปเข้ามาเกี่ยวข้องมากจนเกินไปเข้ามาเกี่ยวข้องมากจนเกินไปเข้ามาเกี่ยวข้องมากจนเกินไป,3.5
355,Q1,Hamtube เป็นแพลตฟอร์มดูวีดีโอออนไลน์แชร์และดูวิดีโอได้ hamtube และเขาต้องการทราบว่าการย้ายตำแหน่งของโฆษณาจะช่วยเพิ่มยอดขาย (ผู้ใช้คลิกโฆษณามากขึ้น) หรือไม่การทดสอบ A/B อธิบายเหตุผลที่แฮมทาโร่ควรใช้ A/B ทดสอบในการทดสอบพร้อมกับอธิบายเหตุผลพร้อมกับอธิบายเหตุผล,ควรใช้เพื่อทดสอบสมมติฐานว่าการย้ายตำแหน่งของโฆษณาจะช่วยเพิ่มยอดขายได้จริงหรือไม่ผลกระทบกับผู้ใช้เพียงใด,1.0
356,Q3,Hamtube เป็นแพลตฟอร์มดูวีดีโอออนไลน์แชร์และดูวิดีโอได้ hamtube และเขาต้องการทราบว่าการย้ายตำแหน่งของโฆษณาจะช่วยเพิ่มยอดขาย (ผู้ใช้คลิกโฆษณามากขึ้น) หรือไม่การทดสอบ A/B แฮมทาโร่เลือกที่จะใช้การกระจายแบบทวินามเพื่อแทนการกระจายของการทำ A/B ทดสอบในครั้งนี้เพราะเหตุใดเพราะเหตุใด,เห็นด้วยที่ใช้การกระจายแบบทวินามเพราะเหมาะสำหรับการทดสอบที่มีผลลัพธ์ 2 รัฐคือคลิกโฆษณาหรือไม่คลิกโฆษณาอีกทั้งการกระจายนี้มีความง่ายและชัดเจน,5.0
357,Q4,Hamtube เป็นแพลตฟอร์มดูวีดีโอออนไลน์แชร์และดูวิดีโอได้ hamtube และเขาต้องการทราบว่าการย้ายตำแหน่งของโฆษณาจะช่วยเพิ่มยอดขาย (ผู้ใช้คลิกโฆษณามากขึ้น) หรือไม่การทดสอบ A/B แฮมทาโร่จะต้องเลือกว่าอยากให้สัดส่วนของผู้ใช้ที่เห็นโฆษณาตำแหน่งเก่าผู้ใช้ที่เห็นโฆษณาตำแหน่งใหม่เป็นเท่าไร 50/50 กับ 80/20 จงอธิบายข้อดีข้อเสียของการเลือกสัดส่วนแต่ละแบบและตอบว่าแบบใดที่น่าจะเหมาะสมกับปัญหานี้มากกว่าและตอบว่าแบบใดที่น่าจะเหมาะสมกับปัญหานี้มากกว่า,"50/50 สามารถเห็นผลได้เร็วกว่า hamtube ไปเป็นจำนวนมาก
80/20 มีความเสี่ยงตำ่กว่าเเต่เห็นผลช้ากว่า",4.0
358,Q4,Hamtube เป็นแพลตฟอร์มดูวีดีโอออนไลน์แชร์และดูวิดีโอได้ hamtube และเขาต้องการทราบว่าการย้ายตำแหน่งของโฆษณาจะช่วยเพิ่มยอดขาย (ผู้ใช้คลิกโฆษณามากขึ้น) หรือไม่การทดสอบ A/B แฮมทาโร่จะต้องเลือกว่าอยากให้สัดส่วนของผู้ใช้ที่เห็นโฆษณาตำแหน่งเก่าผู้ใช้ที่เห็นโฆษณาตำแหน่งใหม่เป็นเท่าไร 50/50 กับ 80/20 จงอธิบายข้อดีข้อเสียของการเลือกสัดส่วนแต่ละแบบและตอบว่าแบบใดที่น่าจะเหมาะสมกับปัญหานี้มากกว่าและตอบว่าแบบใดที่น่าจะเหมาะสมกับปัญหานี้มากกว่า,ถ้าเลือกแบบ 50/50 จะเสี่ยงกว่าเพราะถ้าทำให้ผู้ใช้ 50% ที่เจอโฆษณาที่ตำแหน่งใหม่ตัดสินใจคลิ้กน้อยลงจะทำให้ยอดตกลงมากกว่า 80/20 เพื่อเป็นการลดความเสี่ยงจนเรามั่นใจว่ายอดเพิ่มจริงๆถึงขยับเปอเซนต์ขึ้น,3.0
359,Q2,Hamtube เป็นแพลตฟอร์มดูวีดีโอออนไลน์แชร์และดูวิดีโอได้ hamtube และเขาต้องการทราบว่าการย้ายตำแหน่งของโฆษณาจะช่วยเพิ่มยอดขาย (ผู้ใช้คลิกโฆษณามากขึ้น) หรือไม่การทดสอบ A/B ความละเอียดควรเป็นอะไรระยะเวลาการระบุแหล่งที่มาควรเป็นเท่าไหร่จงอธิบายเหตุผล,"ความละเอียด -> รหัสผู้ใช้เพราะถ้าเราอยากวัดความสนสใจของคนจริงๆโฆษณา
ระยะเวลาแอตทริบิวต์ -> 1 วันเพราะผู้ใช้เห็นการเปลี่ยนแปลงแล้วสนใจเขาก็คลิกเลย 1 วันเหมือนกับว่าผู้ใช้อาจจะสนใจในอย่างอื่นของผลิตภัณฑ์ในโฆษณา",0.0
360,Q3,Hamtube เป็นแพลตฟอร์มดูวีดีโอออนไลน์แชร์และดูวิดีโอได้ hamtube และเขาต้องการทราบว่าการย้ายตำแหน่งของโฆษณาจะช่วยเพิ่มยอดขาย (ผู้ใช้คลิกโฆษณามากขึ้น) หรือไม่การทดสอบ A/B แฮมทาโร่เลือกที่จะใช้การกระจายแบบทวินามเพื่อแทนการกระจายของการทำ A/B ทดสอบในครั้งนี้เพราะเหตุใดเพราะเหตุใด,เห็นด้วยกับ Hamtaro เพราะการตัดสินใจที่สำคัญคือผู้ใช้คลิกหรือไม่,5.0
361,Q1,Hamtube เป็นแพลตฟอร์มดูวีดีโอออนไลน์แชร์และดูวิดีโอได้ hamtube และเขาต้องการทราบว่าการย้ายตำแหน่งของโฆษณาจะช่วยเพิ่มยอดขาย (ผู้ใช้คลิกโฆษณามากขึ้น) หรือไม่การทดสอบ A/B อธิบายเหตุผลที่แฮมทาโร่ควรใช้ A/B ทดสอบในการทดสอบพร้อมกับอธิบายเหตุผลพร้อมกับอธิบายเหตุผล,ใช้วิธีการทางวิทยาศาสตร์มาช่วยหาคำตอบหรือฟันธงว่าสิ่งนี้ควรทำหรือไม่การทดสอบ A/B จะพยายามเอาปัจจัยที่ทำให้สับสนออกความรู้สึกในอดีตหรือประสบการณ์ที่ผ่านมาเดาเอาแน่นอน,3.0
