ID,set,question,answer,score
0,Q2,"Hamtube is a video watch online. That allows users to upload, share and watch video Hamtaro as the Hamtube marketing team leader and he wants to know that the transfer of advertising will increase sales. (Users click more) or not. Therefore, he decided to conduct an experiment. A/B Testing. Granularity should be and how much the length of Attribution Period should be. Explain the reason","Granularity should be low. Because we want to know if the overall user will click more advertisements or not Did not want to know the changes of each individual
Attribution Period should be long (about 30 days) because there may be cases that users are not familiar with the new position. Causing unintentionally to press inadvertently in the first period Which may cause information that is not accurate",0.0
1,Q3,"Hamtube is a video watch online. That allows users to upload, share and watch video Hamtaro as the Hamtube marketing team leader and he wants to know that the transfer of advertising will increase sales. (Users click more advertisements) or not. Therefore, he decided to conduct an experiment. A/B Testing. Hamtaro chose to use Binomial Distribution to replace the Distribution of A/B Testing. This time, you agree or disagree with hamsataro. Why?","Agree because it is a data collection from many users and has been checked by Click ADS, so there are only two cases: Click or Not Click.",5.0
2,Q2,"Hamtube is a video watch online. That allows users to upload, share and watch video Hamtaro as the Hamtube marketing team leader and he wants to know that the transfer of advertising will increase sales. (Users click more) or not. Therefore, he decided to conduct an experiment. A/B Testing. Granularity should be and how much the length of Attribution Period should be. Explain the reason","Granularity should be #Checkout Events/ #Cookies because you want to see how many people click. Cookie will make the same person. And can be used for non -login
Attribution Period for about 2 days because not every product that we are interested in Therefore, it must be time for the user to find the product you like.",5.0
3,Q3,"Hamtube is a video watch online. That allows users to upload, share and watch video Hamtaro as the Hamtube marketing team leader and he wants to know that the transfer of advertising will increase sales. (Users click more advertisements) or not. Therefore, he decided to conduct an experiment. A/B Testing. Hamtaro chose to use Binomial Distribution to replace the Distribution of A/B Testing. This time, you agree or disagree with hamsataro. Why?","Agree x ~ binomial (n, p). P) is the ratio that the User Click AD can test whether P_Treatment> P_Control or not.",2.0
4,Q1,"Hamtube is a video watch online. That allows users to upload, share and watch video Hamtaro as the Hamtube marketing team leader and he wants to know that the transfer of advertising will increase sales. (Users click more advertisements) or not, so he decided to conduct an experiment. A/B Testing. Explain the reason that Hamtaro should use A/B Testing to test or offer arguments if you do not agree. While explaining the reason","Agree because the A/B Testing test is an effective way to measure the interesting changes between the two options (A and B) without any other variables that affect Which is in line with the case of Ham Taro, who wants to test the advertising position, using A/B Testing, so it can be clearly measured and immediately whether the advertising position has an effect on sales or not.",4.5
5,Q1,"Hamtube is a video watch online. That allows users to upload, share and watch video Hamtaro as the Hamtube marketing team leader and he wants to know that the transfer of advertising will increase sales. (Users click more advertisements) or not, so he decided to conduct an experiment. A/B Testing. Explain the reason that Hamtaro should use A/B Testing to test or offer arguments if you do not agree. While explaining the reason",Ham Taro should use A/B Testing for testing because A/B Test helps to see the differences in sales during the move. And not moving the position of the advertisement at the same time,1.0
6,Q2,"Hamtube is a video watch online. That allows users to upload, share and watch video Hamtaro as the Hamtube marketing team leader and he wants to know that the transfer of advertising will increase sales. (Users click more) or not. Therefore, he decided to conduct an experiment. A/B Testing. Granularity should be and how much the length of Attribution Period should be. Explain the reason","Clicking on advertising and overall admission
Attribution Period is 1 day.
Because it can be known that the audience is interested, click to see the advertisement compared from the total number of viewers",4.0
7,Q2,"Hamtube is a video watch online. That allows users to upload, share and watch video Hamtaro as the Hamtube marketing team leader and he wants to know that the transfer of advertising will increase sales. (Users click more) or not. Therefore, he decided to conduct an experiment. A/B Testing. Granularity should be and how much the length of Attribution Period should be. Explain the reason","Granularity in A/B Testing about moving advertising positions on Hamtube means an election for measuring values, such as clicking on an important level. Attribution Period is the time specified for users' activities after seeing the length of Attribution Period should be set to suit the business and the product, such as 7 days, to provide complete and effective data comparison.",0.0
8,Q1,"Hamtube is a video watch online. That allows users to upload, share and watch video Hamtaro as the Hamtube marketing team leader and he wants to know that the transfer of advertising will increase sales. (Users click more advertisements) or not, so he decided to conduct an experiment. A/B Testing. Explain the reason that Hamtaro should use A/B Testing to test or offer arguments if you do not agree. While explaining the reason","Because A/B Testing is a comparison of only 1 result of change, which is in this case The position of the advertisement A/B Testing is therefore the right way to experiment.",1.0
9,Q4,"Hamtube is a video watch online. That allows users to upload, share and watch video Hamtaro as the Hamtube marketing team leader and he wants to know that the transfer of advertising will increase sales. (Users click more advertisements) or not, so he decided to conduct an experiment. A/B Testing. Hamtaro will have to choose the proportion of the user that see the old position advertisement to the user that seem to advertise a new position. By now, Ham Taro is hesitant between 50/50 proportions and 80/20 proportions. Explain the advantages and disadvantages of each type of proportion. And answered that which type would be more suitable for this problem","50/50, quickly collected the sample But the problem that may arise from the new type of trial will affect the user half as well.
The proportion of 80/20 The change will affect the number of User, not a very impact, the platform. Make it safer But also collecting the number of samples slowly as well
For Hamtube, I think the change of advertising position Does not affect the User that is used to watch the video that much, but if Hamtube has divided revenue with the User Video Up This experiment may affect them.
If not divided I think that the 50/50 types are divided to collect samples quickly. To make the business make more profit Will be a good choice for investors who want to see the business grow quickly If I have, I think I do 50/50 as before, because if I can collect the sample quickly Can decide quickly as well",5.0
10,Q4,"Hamtube is a video watch online. That allows users to upload, share and watch video Hamtaro as the Hamtube marketing team leader and he wants to know that the transfer of advertising will increase sales. (Users click more advertisements) or not, so he decided to conduct an experiment. A/B Testing. Hamtaro will have to choose the proportion of the user that see the old position advertisement to the user that seem to advertise a new position. By now, Ham Taro is hesitant between 50/50 proportions and 80/20 proportions. Explain the advantages and disadvantages of each type of proportion. And answered that which type would be more suitable for this problem","50/50 The advantage is that the information is fast. The disadvantage is that there is a high risk because if the user doesn't like the new system. (Advertising that moves) may affect the business.
80/20 The advantage is that the risk is lower because there are a few users that will be affected. If it is not good, the disadvantage is that it will take a long time to collect data.
Choose 80/20 because Hamtube is the number 1 famous platform in the universe, making the user with a bad experience. May have a huge impact on Hamtube's business",5.0
11,Q1,"Hamtube is a video watch online. That allows users to upload, share and watch video Hamtaro as the Hamtube marketing team leader and he wants to know that the transfer of advertising will increase sales. (Users click more advertisements) or not, so he decided to conduct an experiment. A/B Testing. Explain the reason that Hamtaro should use A/B Testing to test or offer arguments if you do not agree. While explaining the reason","A/B Testing is beneficial to Ham Taro to test the advertising position for the following main reasons:
Decide with information: help Ham Taro to decide with real information from the results of the experiment. Not just guess
Reduce risk: If the new advertising position is not effective Can go back to use the same position.
Understand users: helps to understand the behavior and preference of users better.
Improve user experience: may help users to have a better experience with the platform.",5.0
12,Q4,"Hamtube is a video watch online. That allows users to upload, share and watch video Hamtaro as the Hamtube marketing team leader and he wants to know that the transfer of advertising will increase sales. (Users click more advertisements) or not, so he decided to conduct an experiment. A/B Testing. Hamtaro will have to choose the proportion of the user that see the old position advertisement to the user that seem to advertise a new position. By now, Ham Taro is hesitant between 50/50 proportions and 80/20 proportions. Explain the advantages and disadvantages of each type of proportion. And answered that which type would be more suitable for this problem","50/50 proportions are highly risk due to the same as 50% of users to see New advertisement If the new unfortunate is not good The user may not like and stop using Hamtube at all and with a ratio of up to 50%, resulting in a very high risk. But with a large ratio, we can quickly know that New and old, which one is better?
While the proportion of 80/20 has a low risk because if the new model is not good Lost only 20% of the user, but because of the low ratio Causing the results to not be able to measure quickly that Which one is better? May have to be repeated by adding a ratio to the new form. To increase sure
I think Hamtube is a large platform and the purpose of using the app is not to see the advertisement. Therefore do not have to hurry to collect data Don't have to hurry to risk Should use the proportion of 80/20",5.0
13,Q1,"Hamtube is a video watch online. That allows users to upload, share and watch video Hamtaro as the Hamtube marketing team leader and he wants to know that the transfer of advertising will increase sales. (Users click more advertisements) or not, so he decided to conduct an experiment. A/B Testing. Explain the reason that Hamtaro should use A/B Testing to test or offer arguments if you do not agree. While explaining the reason","Ham Taro should use A/B Testing, as the use of A/B Testing will help measure the advertising position precisely. (If the proportion of spliting) by dividing the sample into 2 groups and testing",1.0
14,Q3,"Hamtube is a video watch online. That allows users to upload, share and watch video Hamtaro as the Hamtube marketing team leader and he wants to know that the transfer of advertising will increase sales. (Users click more advertisements) or not. Therefore, he decided to conduct an experiment. A/B Testing. Hamtaro chose to use Binomial Distribution to replace the Distribution of A/B Testing. This time, you agree or disagree with hamsataro. Why?","Agree because this experiment is Bernoulli Distribution (only clicking advertisements and non -click), which each Bernoulli belongs to the user, but when combined, each person uses the IndoMend to become a binomial Distribution.",5.0
15,Q3,"Hamtube is a video watch online. That allows users to upload, share and watch video Hamtaro as the Hamtube marketing team leader and he wants to know that the transfer of advertising will increase sales. (Users click more advertisements) or not. Therefore, he decided to conduct an experiment. A/B Testing. Hamtaro chose to use Binomial Distribution to replace the Distribution of A/B Testing. This time, you agree or disagree with hamsataro. Why?",Agree because of the advertisement is affecting the opportunity to click the advertisement.,2.0
16,Q2,"Hamtube is a video watch online. That allows users to upload, share and watch video Hamtaro as the Hamtube marketing team leader and he wants to know that the transfer of advertising will increase sales. (Users click more) or not. Therefore, he decided to conduct an experiment. A/B Testing. Granularity should be and how much the length of Attribution Period should be. Explain the reason","Granularity should be the click of advertisements, extension of advertising. Because of moving If it really works better, this Granularity should also increase. (More people click)

Attribution Period should be a short time, such as 30 seconds. We based on the time of the advertisement to be about 30 seconds to see that if the user really likes to see the advertisement. Should be pressed since seeing. Therefore, Attribution Period should not take long",4.25
17,Q1,"Hamtube is a video watch online. That allows users to upload, share and watch video Hamtaro as the Hamtube marketing team leader and he wants to know that the transfer of advertising will increase sales. (Users click more advertisements) or not, so he decided to conduct an experiment. A/B Testing. Explain the reason that Hamtaro should use A/B Testing to test or offer arguments if you do not agree. While explaining the reason","Should be because A/B Testing allows Ham Taro to test the changes only (In this case is the position of the advertisement) by comparing with the control group that has no change.
(But must choose the Metric that will be measured appropriately, such as using the click rate as Metric according to the problem)",1.0
18,Q4,"Hamtube is a video watch online. That allows users to upload, share and watch video Hamtaro as the Hamtube marketing team leader and he wants to know that the transfer of advertising will increase sales. (Users click more advertisements) or not, so he decided to conduct an experiment. A/B Testing. Hamtaro will have to choose the proportion of the user that see the old position advertisement to the user that seem to advertise a new position. By now, Ham Taro is hesitant between 50/50 proportions and 80/20 proportions. Explain the advantages and disadvantages of each type of proportion. And answered that which type would be more suitable for this problem","50/50 may give results faster But there may be risks that most viewers don't like new styles And causing all advertisements, therefore recommending 80/20 more because there is less risk And analyzed that the 80/20 made better results",5.0
19,Q3,"Hamtube is a video watch online. That allows users to upload, share and watch video Hamtaro as the Hamtube marketing team leader and he wants to know that the transfer of advertising will increase sales. (Users click more advertisements) or not. Therefore, he decided to conduct an experiment. A/B Testing. Hamtaro chose to use Binomial Distribution to replace the Distribution of A/B Testing. This time, you agree or disagree with hamsataro. Why?",Agree because of the possibility of clicking on the advertisement. Just click or not. Click.,5.0
20,Q4,"Hamtube is a video watch online. That allows users to upload, share and watch video Hamtaro as the Hamtube marketing team leader and he wants to know that the transfer of advertising will increase sales. (Users click more advertisements) or not, so he decided to conduct an experiment. A/B Testing. Hamtaro will have to choose the proportion of the user that see the old position advertisement to the user that seem to advertise a new position. By now, Ham Taro is hesitant between 50/50 proportions and 80/20 proportions. Explain the advantages and disadvantages of each type of proportion. And answered that which type would be more suitable for this problem","50/50: The data is finished faster. But there is a higher risk Because if the new layout is much worse, there will be a lot of users that works and affects the ADS income.
80/20: Collecting data slower because the new layout that only sees 20% will have to give a lot of people to reach the top, but there is less risk because we can stop the experiment if there are some problems, both Bug or the lays themselves are not good.

80/20 is more appropriate because it affects the important Stakeholder such as people who buy ADS directly. If a mistake occurs, it will reduce the credibility in our product and the ADS buyer, causing less buyers.",5.0
21,Q2,"Hamtube is a video watch online. That allows users to upload, share and watch video Hamtaro as the Hamtube marketing team leader and he wants to know that the transfer of advertising will increase sales. (Users click more) or not. Therefore, he decided to conduct an experiment. A/B Testing. Granularity should be and how much the length of Attribution Period should be. Explain the reason","Granularity -> If Ham Taro wants to check that the advertising position affects clicks from users in each area of ​​the website. Therefore, high granularity (such as the division of the web) may be a good choice. Because it will help Ham Taro to have a detailed understanding of the impact of advertising positions in all areas, but if Hamtaro chooses Granularity too high, Ham Taro may miss important information that may be a factor that affects the decision.

Attribution Period -> A short time (such as 7 days) because Ham Taro Want to know the response of the user immediately after seeing the advertisement in a new position",0.0
22,Q3,"Hamtube is a video watch online. That allows users to upload, share and watch video Hamtaro as the Hamtube marketing team leader and he wants to know that the transfer of advertising will increase sales. (Users click more advertisements) or not. Therefore, he decided to conduct an experiment. A/B Testing. Hamtaro chose to use Binomial Distribution to replace the Distribution of A/B Testing. This time, you agree or disagree with hamsataro. Why?","Agree the reason is
1. Easy to understand
2. Results (click or not click) is binary
3. Efficiency and calculation Due to the large data",5.0
23,Q2,"Hamtube is a video watch online. That allows users to upload, share and watch video Hamtaro as the Hamtube marketing team leader and he wants to know that the transfer of advertising will increase sales. (Users click more) or not. Therefore, he decided to conduct an experiment. A/B Testing. Granularity should be and how much the length of Attribution Period should be. Explain the reason","The number of users that saw the advertisement because we would test that from the total number of users that see many advertisements, clicking the Attribution Period should have a period of approximately 1 week, because if too long, it may reduce the number of clicks to reduce, but if too short may make DATA not reliable.",4.0
24,Q2,"Hamtube is a video watch online. That allows users to upload, share and watch video Hamtaro as the Hamtube marketing team leader and he wants to know that the transfer of advertising will increase sales. (Users click more) or not. Therefore, he decided to conduct an experiment. A/B Testing. Granularity should be and how much the length of Attribution Period should be. Explain the reason","Granularity should be the number of users that press ADS and have a 1 day Attribution Period that selects Granularity as the number of users because it is an indicator that matches the Objective is to increase sales. And can be done easily in practice, such as attaching Google Analytics, and 1 day of Period because if it takes too short May get information that has Bias such as Branding or if too long, may be caused by the user pressing into a random",3.5
25,Q4,"Hamtube is a video watch online. That allows users to upload, share and watch video Hamtaro as the Hamtube marketing team leader and he wants to know that the transfer of advertising will increase sales. (Users click more advertisements) or not, so he decided to conduct an experiment. A/B Testing. Hamtaro will have to choose the proportion of the user that see the old position advertisement to the user that seem to advertise a new position. By now, Ham Taro is hesitant between 50/50 proportions and 80/20 proportions. Explain the advantages and disadvantages of each type of proportion. And answered that which type would be more suitable for this problem","50/50 Summary of fast results in exchange for a high risk that if B is worse than A, it will lose the benefits of the A good.
80/20 Summary of the results slowly in exchange for a little risk that if B is worse than A, it will lose the benefits of the A good.
50/50 Hamtharo is too fast and can accept the risk.",5.0
26,Q4,"Hamtube is a video watch online. That allows users to upload, share and watch video Hamtaro as the Hamtube marketing team leader and he wants to know that the transfer of advertising will increase sales. (Users click more advertisements) or not, so he decided to conduct an experiment. A/B Testing. Hamtaro will have to choose the proportion of the user that see the old position advertisement to the user that seem to advertise a new position. By now, Ham Taro is hesitant between 50/50 proportions and 80/20 proportions. Explain the advantages and disadvantages of each type of proportion. And answered that which type would be more suitable for this problem","The proportion of 50/50: Helps to see results quickly whether it is good or bad, but there will be a rating that is quite 80/20 that, if changed. The results are not good. May result in lower sales
The proportion of 80/20: There are quite a few Risk because for a long time to see the new change. Which if we know that it doesn't come out well Will be able to easily solve But there is a disadvantage that takes a long time to see that The new advertisement is good or bad.

For problems that are encountered The 80/20 proportion test may be a better option. Because it will help to see the trend of change faster While still maintaining work carefully But finally Observation that needs time effectively Must analyze to look reliable and fair In order to know that the new version is really good.",5.0
27,Q1,"Hamtube is a video watch online. That allows users to upload, share and watch video Hamtaro as the Hamtube marketing team leader and he wants to know that the transfer of advertising will increase sales. (Users click more advertisements) or not, so he decided to conduct an experiment. A/B Testing. Explain the reason that Hamtaro should use A/B Testing to test or offer arguments if you do not agree. While explaining the reason",Hom Taro should use A/B Testing because it will help Ham Taro to experiment with change without having a significant impact on those who use Hamtube immediately if they do not have the expected results after completion. And also clearly shows whether the change affects the click on the advertisement or not,5.0
28,Q4,"Hamtube is a video watch online. That allows users to upload, share and watch video Hamtaro as the Hamtube marketing team leader and he wants to know that the transfer of advertising will increase sales. (Users click more advertisements) or not, so he decided to conduct an experiment. A/B Testing. Hamtaro will have to choose the proportion of the user that see the old position advertisement to the user that seem to advertise a new position. By now, Ham Taro is hesitant between 50/50 proportions and 80/20 proportions. Explain the advantages and disadvantages of each type of proportion. And answered that which type would be more suitable for this problem","50/50 faster but more risky because the new position advertisement may have a negative effect on customers. And also have the advantages of simple comparison because the user that saw the old position advertisement and the user that saw new advertisements Equal Resulting in information quickly
80/20 slower but there is a lower risk Does not affect the user experience very much
The 80/20 model is more suitable for this problem because there is a lower risk, even though it is slower.",5.0
29,Q1,"Hamtube is a video watch online. That allows users to upload, share and watch video Hamtaro as the Hamtube marketing team leader and he wants to know that the transfer of advertising will increase sales. (Users click more advertisements) or not, so he decided to conduct an experiment. A/B Testing. Explain the reason that Hamtaro should use A/B Testing to test or offer arguments if you do not agree. While explaining the reason","Agree because I want to know the movement of the advertisement to help increase sales. Is it effective compared to the original position and for such cases, using A/B Testing will be able to find conclusions?",1.0
30,Q3,"Hamtube is a video watch online. That allows users to upload, share and watch video Hamtaro as the Hamtube marketing team leader and he wants to know that the transfer of advertising will increase sales. (Users click more advertisements) or not. Therefore, he decided to conduct an experiment. A/B Testing. Hamtaro chose to use Binomial Distribution to replace the Distribution of A/B Testing. This time, you agree or disagree with hamsataro. Why?",Do not agree due to the limitations of Binomial Distribution. If the experiment wants to analyze the results from complex data (such as the time used on the platform or user participation) Binomial Distribution may not be enough to collect such complex information.,2.0
31,Q1,"Hamtube is a video watch online. That allows users to upload, share and watch video Hamtaro as the Hamtube marketing team leader and he wants to know that the transfer of advertising will increase sales. (Users click more advertisements) or not, so he decided to conduct an experiment. A/B Testing. Explain the reason that Hamtaro should use A/B Testing to test or offer arguments if you do not agree. While explaining the reason","Making A/B Testing will help us say ""new"" or ""antiques"" that Hamtaro will position the advertisement. Will increase sales because of A/B Testing is the use of Statistical Hypothesis Testing to tell the statistics that the new thing Is it better?",1.0
32,Q4,"Hamtube is a video watch online. That allows users to upload, share and watch video Hamtaro as the Hamtube marketing team leader and he wants to know that the transfer of advertising will increase sales. (Users click more advertisements) or not, so he decided to conduct an experiment. A/B Testing. Hamtaro will have to choose the proportion of the user that see the old position advertisement to the user that seem to advertise a new position. By now, Ham Taro is hesitant between 50/50 proportions and 80/20 proportions. Explain the advantages and disadvantages of each type of proportion. And answered that which type would be more suitable for this problem","50-50

strength
- Analysis is easy because of the same sample size, less bias
- If the work is distributed according to Load Balancing, 50-50, it will not be as heavy as Weighted.
weakness
- If shooting ADS is not a website, it means that there are 50% of people who encounter this. May cause negative results, such as mouth -to -mouth
- Resource management requires more migrate resources.


For the 80-20 division, like bringing 50-50 back
strength
- Less negative results because only 20% of people will encounter change
- Mitigation is easier to save
weakness
- Statistical Power less
- bias because the little ones will not Representative.

If Hamtube has a lot of traffic and is a website that Sensitive to reputation And have enough funds to choose from 50-50 

Otherwise Just Pick 80-20 AS IS SAFER",3.0
33,Q1,"Hamtube is a video watch online. That allows users to upload, share and watch video Hamtaro as the Hamtube marketing team leader and he wants to know that the transfer of advertising will increase sales. (Users click more advertisements) or not, so he decided to conduct an experiment. A/B Testing. Explain the reason that Hamtaro should use A/B Testing to test or offer arguments if you do not agree. While explaining the reason","Yes, A/B Testing is An Effective Way to Evalrate The Results of Changes Between Two Options (A and B) with external variables Influencing the outcome. In the Context of a Retailer Testing The Relocation of An Advertisement, Employing A/B Testing Enables a Clear and Imediate Assessment of Wheten Impacts Sales or Not.",4.0
34,Q3,"Hamtube is a video watch online. That allows users to upload, share and watch video Hamtaro as the Hamtube marketing team leader and he wants to know that the transfer of advertising will increase sales. (Users click more advertisements) or not. Therefore, he decided to conduct an experiment. A/B Testing. Hamtaro chose to use Binomial Distribution to replace the Distribution of A/B Testing. This time, you agree or disagree with hamsataro. Why?","Agree due to
- The data characteristics are binary (press/not press) which correspond to the use of binomiality.
- Binomial Dist can be calculated quickly. To understand the results quickly
- binomail can calculate confidence interval",5.0
35,Q4,"Hamtube is a video watch online. That allows users to upload, share and watch video Hamtaro as the Hamtube marketing team leader and he wants to know that the transfer of advertising will increase sales. (Users click more advertisements) or not, so he decided to conduct an experiment. A/B Testing. Hamtaro will have to choose the proportion of the user that see the old position advertisement to the user that seem to advertise a new position. By now, Ham Taro is hesitant between 50/50 proportions and 80/20 proportions. Explain the advantages and disadvantages of each type of proportion. And answered that which type would be more suitable for this problem","Choosing 50/50 is the selection of proportions that show advertisements in a new position. Which will make the test time shorter because it can see more faster because there are more advertisements for new positions But there are important disadvantages that will have a higher risk Because if the advertising position is not good Will make the sales from high testing In the proportion of 80/2, it will result in slower tests due to the less proportion of advertising in the new position. But there will be a lower risk as well Due to the proportion of advertisements in the original position that is already aware of sales, in the problem of Hamtube's A/B Testing, the selection of 80/20 proportions should be more appropriate. Because advertisements are a source that can bring high revenue to the platform The movement of the advertisement may result in increased numbers of users. Causing sales to decrease dramatically",5.0
36,Q2,"Hamtube is a video watch online. That allows users to upload, share and watch video Hamtaro as the Hamtube marketing team leader and he wants to know that the transfer of advertising will increase sales. (Users click more) or not. Therefore, he decided to conduct an experiment. A/B Testing. Granularity should be and how much the length of Attribution Period should be. Explain the reason","Granularity = The number of times the user press advertisement. 
In order to measure whether the user is more advertising if changing the position

Attribution Period = 1 week
Consider Attribution Period, not too long to respond and adjust quickly when seeing the results.",0.0
37,Q3,"Hamtube is a video watch online. That allows users to upload, share and watch video Hamtaro as the Hamtube marketing team leader and he wants to know that the transfer of advertising will increase sales. (Users click more advertisements) or not. Therefore, he decided to conduct an experiment. A/B Testing. Hamtaro chose to use Binomial Distribution to replace the Distribution of A/B Testing. This time, you agree or disagree with hamsataro. Why?",I agree with Hamtaro because Binomial Distribution is suitable for testing A/B with two possible results (such as clicking or not clicking) and helps to calculate the probability of the result.,5.0
38,Q4,"Hamtube is a video watch online. That allows users to upload, share and watch video Hamtaro as the Hamtube marketing team leader and he wants to know that the transfer of advertising will increase sales. (Users click more advertisements) or not, so he decided to conduct an experiment. A/B Testing. Hamtaro will have to choose the proportion of the user that see the old position advertisement to the user that seem to advertise a new position. By now, Ham Taro is hesitant between 50/50 proportions and 80/20 proportions. Explain the advantages and disadvantages of each type of proportion. And answered that which type would be more suitable for this problem","strength
- Helps to compare the results of both versions precisely. Because the number of viewers who see each version are the same
Helps reduce prejudice in experiments Because all viewers have the opportunity to see both versions the same
- It takes less time to experiment than 50/50 proportions because it can get enough samples to compare results faster.
weakness
- It may take a long time to experiment Because it takes longer to get enough samples to compare results
Advantages, disadvantages of selection of proportions 80/20
- May cause the results of the experiment to be accurate Because the number of viewers who have seen each version are not the same Which may cause the results of both versions to be different

summarize
- From the advantages and disadvantages of both proportions It can be seen that the 50/50 proportion will give more accurate results. But it takes a long time to experiment with the 80/20 proportion. It takes less time to experiment. But may cause the results of the experiment to be accurate
- If Ham Taro needs the most accurate experiment Choosing a 50/50 proportion will be a better option. But if Ham Taro wants to save time in the experiment Choosing a 80/20 proportion will be a better option.
- In the case of Ham Taro, who wants to test the position changes of the advertisement Which may affect the behavior of the audience in the long run I recommend choosing 50/50 proportions to provide the most accurate and comprehensive experiment.",1.0
39,Q1,"Hamtube is a video watch online. That allows users to upload, share and watch video Hamtaro as the Hamtube marketing team leader and he wants to know that the transfer of advertising will increase sales. (Users click more advertisements) or not, so he decided to conduct an experiment. A/B Testing. Explain the reason that Hamtaro should use A/B Testing to test or offer arguments if you do not agree. While explaining the reason","Should use A/B Testing to test because you want to test between the position of the original advertisement and the position of the new ad. Whether the position of the advertisement affects the real sales or not, so it is appropriate to use A/B Testing",1.0
40,Q2,"Hamtube is a video watch online. That allows users to upload, share and watch video Hamtaro as the Hamtube marketing team leader and he wants to know that the transfer of advertising will increase sales. (Users click more) or not. Therefore, he decided to conduct an experiment. A/B Testing. Granularity should be and how much the length of Attribution Period should be. Explain the reason",Depends on the size of the channel The risk that Hamtaro can accept,0.0
41,Q4,"Hamtube is a video watch online. That allows users to upload, share and watch video Hamtaro as the Hamtube marketing team leader and he wants to know that the transfer of advertising will increase sales. (Users click more advertisements) or not, so he decided to conduct an experiment. A/B Testing. Hamtaro will have to choose the proportion of the user that see the old position advertisement to the user that seem to advertise a new position. By now, Ham Taro is hesitant between 50/50 proportions and 80/20 proportions. Explain the advantages and disadvantages of each type of proportion. And answered that which type would be more suitable for this problem","50/50 has the advantage of speed because both groups are the same size. Therefore able to collect data from both groups quickly But there is a disadvantage that there will be half of the users see the changes that occur If that change causes any problem Will cause more risks to the platform

80/20 has the advantage of having only 20% of the users to see changes, allowing to reduce the risk of any problem. From changes But the disadvantage is that it takes longer than 50/50 because the number of users that sees different changes from the number of users that use very old Therefore have to take more time to collect enough data from the users

For this problem, the 80/20 proportion should be more appropriate. Because this problem is not urgent, must be resolved And is related to sales Therefore should not cause more risks",5.0
42,Q4,"Hamtube is a video watch online. That allows users to upload, share and watch video Hamtaro as the Hamtube marketing team leader and he wants to know that the transfer of advertising will increase sales. (Users click more advertisements) or not, so he decided to conduct an experiment. A/B Testing. Hamtaro will have to choose the proportion of the user that see the old position advertisement to the user that seem to advertise a new position. By now, Ham Taro is hesitant between 50/50 proportions and 80/20 proportions. Explain the advantages and disadvantages of each type of proportion. And answered that which type would be more suitable for this problem","50/50 will be able to collect all the samples faster But there is a risk that may lose more clicks from Group B as well. Compared to 20/80, which is less risky. But it takes more difficult to collect

Because the advertisement click may affect the revenue from advertising in Hamtube. And do not have to hurry to find the decision Therefore, division 80/20 is therefore more appropriate",5.0
43,Q1,"Hamtube is a video watch online. That allows users to upload, share and watch video Hamtaro as the Hamtube marketing team leader and he wants to know that the transfer of advertising will increase sales. (Users click more advertisements) or not, so he decided to conduct an experiment. A/B Testing. Explain the reason that Hamtaro should use A/B Testing to test or offer arguments if you do not agree. While explaining the reason","Agree because A/B Testing is often used for testing, with references in the first and changes. New interface By testing from the actual use of the user to test those hypothesis Which corresponds to the need to test the position of the new advertisement With the old one already and not more than the limitation of the use of A/B Test",1.0
44,Q1,"Hamtube is a video watch online. That allows users to upload, share and watch video Hamtaro as the Hamtube marketing team leader and he wants to know that the transfer of advertising will increase sales. (Users click more advertisements) or not, so he decided to conduct an experiment. A/B Testing. Explain the reason that Hamtaro should use A/B Testing to test or offer arguments if you do not agree. While explaining the reason",Agree that A/B Testing should be used because it is a test that the advertisement is the same or moving Which one is better?,1.0
45,Q3,"Hamtube is a video watch online. That allows users to upload, share and watch video Hamtaro as the Hamtube marketing team leader and he wants to know that the transfer of advertising will increase sales. (Users click more advertisements) or not. Therefore, he decided to conduct an experiment. A/B Testing. Hamtaro chose to use Binomial Distribution to replace the Distribution of A/B Testing. This time, you agree or disagree with hamsataro. Why?","Agree because clicking or not, clicking advertisements can be performed successfully or unsuccessful (0/1)",5.0
46,Q3,"Hamtube is a video watch online. That allows users to upload, share and watch video Hamtaro as the Hamtube marketing team leader and he wants to know that the transfer of advertising will increase sales. (Users click more advertisements) or not. Therefore, he decided to conduct an experiment. A/B Testing. Hamtaro chose to use Binomial Distribution to replace the Distribution of A/B Testing. This time, you agree or disagree with hamsataro. Why?","Inappropriate because if we want to measure other results that do not use, click, such as the time used on the platform, pressing, sharing, or other binomial Distribution will not be able to answer the problem.",1.0
47,Q4,"Hamtube is a video watch online. That allows users to upload, share and watch video Hamtaro as the Hamtube marketing team leader and he wants to know that the transfer of advertising will increase sales. (Users click more advertisements) or not, so he decided to conduct an experiment. A/B Testing. Hamtaro will have to choose the proportion of the user that see the old position advertisement to the user that seem to advertise a new position. By now, Ham Taro is hesitant between 50/50 proportions and 80/20 proportions. Explain the advantages and disadvantages of each type of proportion. And answered that which type would be more suitable for this problem","The advantage of 50/50 is that Ham Taro has a user that experimented with both CASE in the same amount. Resulting in more than 80/20 But the disadvantage is Ham Taro will have more risks to do testing if the new advertising position is not successful. Here, it will choose to use 50/50 proportions because each user has a variable to press the advertising position in a very different positions. Therefore should use more samples in the experiment to get a similar value Because advertising is an important part that should be studied clearly With long -term applications",3.0
48,Q3,"Hamtube is a video watch online. That allows users to upload, share and watch video Hamtaro as the Hamtube marketing team leader and he wants to know that the transfer of advertising will increase sales. (Users click more advertisements) or not. Therefore, he decided to conduct an experiment. A/B Testing. Hamtaro chose to use Binomial Distribution to replace the Distribution of A/B Testing. This time, you agree or disagree with hamsataro. Why?",Bernoulli changed to the number of people who pressed advertisements in the sample.,0.0
49,Q4,"Hamtube is a video watch online. That allows users to upload, share and watch video Hamtaro as the Hamtube marketing team leader and he wants to know that the transfer of advertising will increase sales. (Users click more advertisements) or not, so he decided to conduct an experiment. A/B Testing. Hamtaro will have to choose the proportion of the user that see the old position advertisement to the user that seem to advertise a new position. By now, Ham Taro is hesitant between 50/50 proportions and 80/20 proportions. Explain the advantages and disadvantages of each type of proportion. And answered that which type would be more suitable for this problem","The 50/50 division will be used to say that the trial time is less than 80/20 because there is a user's sample size that has found more advertising positions.
But the 50/50 division will be more risky than 80/20 division because there is a chance that users will not like Hamtube changes and negatively affect the image of the product.

The division of 50/50 is better because it takes less time, making the decision faster whether the transfer of the advertisement will increase the number of users. Click the advertisement or not. As for the risks that users do not like the change The movement of the advertisement should not have enough negative effects on users to make the image of Hamtube look worse.",5.0
50,Q4,"Hamtube is a video watch online. That allows users to upload, share and watch video Hamtaro as the Hamtube marketing team leader and he wants to know that the transfer of advertising will increase sales. (Users click more advertisements) or not, so he decided to conduct an experiment. A/B Testing. Hamtaro will have to choose the proportion of the user that see the old position advertisement to the user that seem to advertise a new position. By now, Ham Taro is hesitant between 50/50 proportions and 80/20 proportions. Explain the advantages and disadvantages of each type of proportion. And answered that which type would be more suitable for this problem","50/50
strength:
	- Balance: The same use of users Resulting in a balanced and comparable information
	- Speed: Get fast information And sufficient for analysis and decisions
weakness:
	- Impact: If the change has a negative effect Will affect many people

80/20
strength:
	- Little risk: If the change is negative Will affect a small number
	- Easy test: Can test new concepts or things Easily without affecting many people
weakness:
	- Slowness: It takes a long time to gather information for a long time to get significant information.
	- Insufficient information: because the experimental group is small If the time is limited, it will cause the data collected to be too little.

Summary: 80/20 because it can reduce the negative risk that may affect many people. Just have to have enough time to collect data.",5.0
51,Q3,"Hamtube is a video watch online. That allows users to upload, share and watch video Hamtaro as the Hamtube marketing team leader and he wants to know that the transfer of advertising will increase sales. (Users click more advertisements) or not. Therefore, he decided to conduct an experiment. A/B Testing. Hamtaro chose to use Binomial Distribution to replace the Distribution of A/B Testing. This time, you agree or disagree with hamsataro. Why?",เห็นด้วย เนื่องจาก เราสามารถมองได้ว่าผู้ใช้จะคลิกหรือไม่คลิกโฆษณา ซึ่งสอดคล้องกับ binomial distribution และการเลือกใช้ binomial distribution ทำให้สามารถนำข้อมูลไปคำนวนค่าทางสถิติต่าง ๆ ได้,5.0
52,Q1,"Hamtube is a video watch online. That allows users to upload, share and watch video Hamtaro as the Hamtube marketing team leader and he wants to know that the transfer of advertising will increase sales. (Users click more advertisements) or not, so he decided to conduct an experiment. A/B Testing. Explain the reason that Hamtaro should use A/B Testing to test or offer arguments if you do not agree. While explaining the reason","Ham Taro should use A/B Testing because it will be able to know whether the movement of the advertisement affects the sales or not, not depending on other Confounder.",3.0
53,Q4,"Hamtube is a video watch online. That allows users to upload, share and watch video Hamtaro as the Hamtube marketing team leader and he wants to know that the transfer of advertising will increase sales. (Users click more advertisements) or not, so he decided to conduct an experiment. A/B Testing. Hamtaro will have to choose the proportion of the user that see the old position advertisement to the user that seem to advertise a new position. By now, Ham Taro is hesitant between 50/50 proportions and 80/20 proportions. Explain the advantages and disadvantages of each type of proportion. And answered that which type would be more suitable for this problem","Proportion 50/50:
Advantages: It is a dedicated test, because both groups have been advertised in both positions: 50/50 proportions help both control variables. (Old position) and experimental variables (New position) has been tested equally. This can help Ham Taro get equal information to analyze the results.
Disadvantages: Do not check whether the change has a significant effect: choosing a 50/50 proportion may not be able to check whether the advertising position has a significant effect or not. Since both groups have been tested the same

Proportion 80/20:
Advantages: Giving more weight than in the experimental group: In this case, 80% of users will see advertisements at new positions. Which can help Ham Taro collect more significant data than in the remaining groups
Disadvantages: Do not receive equal testing: Giving more weight than in the experimental group (80%) can make the results more impact from this group. Which may make the information that is not equal to the control group

Suitable:
What kind of proportion selection is appropriate depending on the objectives and questions that Ham Taro wants to answer. If the goal is to test whether the advertising position has a significant result or not. Choosing a 50/50 proportion is a good choice. But if Ham Taro wants to collect more significant data from the 80/20 experimental group, it may be a good choice. In order to gain more weight in the experimental group",0.5
54,Q4,"Hamtube is a video watch online. That allows users to upload, share and watch video Hamtaro as the Hamtube marketing team leader and he wants to know that the transfer of advertising will increase sales. (Users click more advertisements) or not, so he decided to conduct an experiment. A/B Testing. Hamtaro will have to choose the proportion of the user that see the old position advertisement to the user that seem to advertise a new position. By now, Ham Taro is hesitant between 50/50 proportions and 80/20 proportions. Explain the advantages and disadvantages of each type of proportion. And answered that which type would be more suitable for this problem","50/50 will help to compare the results of the old and new positions, but 50/50 will make us unable to check the effects of other variables that cannot be controlled, such as Personal preferences of the tester 
80/20 will help the results of changing the position of the reference button from the preference of most people. Resulting in the results of this position, trust that there is no effect from external variables more than 50/50, but 80/20 will make the comparison of the results between the change and not changing positions, more complicated because the sample group is not equal.

I think Ham Taro should choose to use 80/20 in order to get the most true information from the sample group, but may have to collect more data in the analysis to be highly reliable.",1.0
55,Q4,"Hamtube is a video watch online. That allows users to upload, share and watch video Hamtaro as the Hamtube marketing team leader and he wants to know that the transfer of advertising will increase sales. (Users click more advertisements) or not, so he decided to conduct an experiment. A/B Testing. Hamtaro will have to choose the proportion of the user that see the old position advertisement to the user that seem to advertise a new position. By now, Ham Taro is hesitant between 50/50 proportions and 80/20 proportions. Explain the advantages and disadvantages of each type of proportion. And answered that which type would be more suitable for this problem","80/20 because Safe is more than in the case that the new ADS does not work and affects his use and his boss does not rush to send a conclusion soon, so it is gradual.",4.0
56,Q3,"Hamtube is a video watch online. That allows users to upload, share and watch video Hamtaro as the Hamtube marketing team leader and he wants to know that the transfer of advertising will increase sales. (Users click more advertisements) or not. Therefore, he decided to conduct an experiment. A/B Testing. Hamtaro chose to use Binomial Distribution to replace the Distribution of A/B Testing. This time, you agree or disagree with hamsataro. Why?","Agree with the use of Binomial Distribution
Because clicking the advertisement has two results (Click or not click), which is suitable for using binomial Distribution.
And Binomial Distribution allows it to be able to easily calculate the probability and compare the results between the two groups.",5.0
57,Q4,"Hamtube is a video watch online. That allows users to upload, share and watch video Hamtaro as the Hamtube marketing team leader and he wants to know that the transfer of advertising will increase sales. (Users click more advertisements) or not, so he decided to conduct an experiment. A/B Testing. Hamtaro will have to choose the proportion of the user that see the old position advertisement to the user that seem to advertise a new position. By now, Ham Taro is hesitant between 50/50 proportions and 80/20 proportions. Explain the advantages and disadvantages of each type of proportion. And answered that which type would be more suitable for this problem","Chosing A 50/50 Split Caus ""Investing Involves Risks, So Let's Embrace"". It's a Faster Approach, Though Less Secure.

On the Other Hand, An 80/20 Split is Play Safe Way, Prioritizing Security Over Speed.",5.0
58,Q3,"Hamtube is a video watch online. That allows users to upload, share and watch video Hamtaro as the Hamtube marketing team leader and he wants to know that the transfer of advertising will increase sales. (Users click more advertisements) or not. Therefore, he decided to conduct an experiment. A/B Testing. Hamtaro chose to use Binomial Distribution to replace the Distribution of A/B Testing. This time, you agree or disagree with hamsataro. Why?",Agree because of the results of the experiment 1 time. What we are interested in is to click or not click.,5.0
59,Q1,"Hamtube is a video watch online. That allows users to upload, share and watch video Hamtaro as the Hamtube marketing team leader and he wants to know that the transfer of advertising will increase sales. (Users click more advertisements) or not, so he decided to conduct an experiment. A/B Testing. Explain the reason that Hamtaro should use A/B Testing to test or offer arguments if you do not agree. While explaining the reason","Using A/B Testing is necessary for the Hamtaro marketing team on the Hamtube platform to compare the results of the advertising to a new position with the original position. This helps to have reliable information by random users to control groups and experimental groups, making it clear about the performance of this change. Testing A/B reduces business risks by experimenting the results before using the changes in every user, reducing uncertainty and helping to adjust the marketing plan immediately and in the long run, according to the information, which is the application and improvement of the Hamutro marketing plan on the platform.",5.0
60,Q2,"Hamtube is a video watch online. That allows users to upload, share and watch video Hamtaro as the Hamtube marketing team leader and he wants to know that the transfer of advertising will increase sales. (Users click more) or not. Therefore, he decided to conduct an experiment. A/B Testing. Granularity should be and how much the length of Attribution Period should be. Explain the reason","Granularity should be an ADS CLICKED/ Unique User because the ADS Clink/ Unique User shows how much the User ADS ADS has changed.
Attribution Period should be session for 1 day, because when watching video, users will be more interested in video than ADS (no one wants to see Ads), so I have no new user to remember the ADS on the day.",5.0
61,Q3,"Hamtube is a video watch online. That allows users to upload, share and watch video Hamtaro as the Hamtube marketing team leader and he wants to know that the transfer of advertising will increase sales. (Users click more advertisements) or not. Therefore, he decided to conduct an experiment. A/B Testing. Hamtaro chose to use Binomial Distribution to replace the Distribution of A/B Testing. This time, you agree or disagree with hamsataro. Why?","Agree with Ham Taro, who chooses Binomial Distribution to replace the Distribution of this A/B Testing, because Binomial Distribution is in accordance with the A/B Testing hypothesis:

- There is a certain number of experiments.
- Each experiment is free from each other.
- The results of each experiment are free from each other.
- The results of the experiment are only 2 results, which are success or unsuccessful.

In the case of Ham Taro There is a exact number of experiments, which is 1 month. Each experiment that the audience saw the advertisement free from each other. And the results of each experiment is the audience. Click the advertisement or not. Click the advertisement. Therefore, Binomial Distribution is suitable to replace the Distribution of A/B Testing this time.",5.0
62,Q3,"Hamtube is a video watch online. That allows users to upload, share and watch video Hamtaro as the Hamtube marketing team leader and he wants to know that the transfer of advertising will increase sales. (Users click more advertisements) or not. Therefore, he decided to conduct an experiment. A/B Testing. Hamtaro chose to use Binomial Distribution to replace the Distribution of A/B Testing. This time, you agree or disagree with hamsataro. Why?","Agree, because we can model our experiment as an opportunity to press ADS, which is a Discrete Event with only 2 outcomes, or not. And we collect data many times Make it correspond to the definition of Binomial Distribution.",5.0
63,Q3,"Hamtube is a video watch online. That allows users to upload, share and watch video Hamtaro as the Hamtube marketing team leader and he wants to know that the transfer of advertising will increase sales. (Users click more advertisements) or not. Therefore, he decided to conduct an experiment. A/B Testing. Hamtaro chose to use Binomial Distribution to replace the Distribution of A/B Testing. This time, you agree or disagree with hamsataro. Why?","Agree with Ham Taro, because if looking at the opportunity, click the user's advertisement as an opportunity. And is doing many times Is like Binomial Distribution",5.0
64,Q3,"Hamtube is a video watch online. That allows users to upload, share and watch video Hamtaro as the Hamtube marketing team leader and he wants to know that the transfer of advertising will increase sales. (Users click more advertisements) or not. Therefore, he decided to conduct an experiment. A/B Testing. Hamtaro chose to use Binomial Distribution to replace the Distribution of A/B Testing. This time, you agree or disagree with hamsataro. Why?",Agree due to The number of clicks in or Click Rate will always be full. Can use Binomial Distribution to show the Distribute of the data.,2.0
65,Q4,"Hamtube is a video watch online. That allows users to upload, share and watch video Hamtaro as the Hamtube marketing team leader and he wants to know that the transfer of advertising will increase sales. (Users click more advertisements) or not, so he decided to conduct an experiment. A/B Testing. Hamtaro will have to choose the proportion of the user that see the old position advertisement to the user that seem to advertise a new position. By now, Ham Taro is hesitant between 50/50 proportions and 80/20 proportions. Explain the advantages and disadvantages of each type of proportion. And answered that which type would be more suitable for this problem","The 50/50 proportion can make the information faster compared to 80/20, but there will be a risk of more wrong. (Train at that time, various important events), so should choose 80/20 proportions because we want to know whether the user clicks more advertising or not in the long run. (Should not be wrong)",5.0
66,Q2,"Hamtube is a video watch online. That allows users to upload, share and watch video Hamtaro as the Hamtube marketing team leader and he wants to know that the transfer of advertising will increase sales. (Users click more) or not. Therefore, he decided to conduct an experiment. A/B Testing. Granularity should be and how much the length of Attribution Period should be. Explain the reason","Granularity Cookies Per 1 day
Attribution Period should be used for a period of 1 day, which is the appropriate distance of the user's use, both pressing and the purchase of the user is not too short and too long (depending on the type of product that is advertised), which will make the user look. And didn't choose to watch but still counting",0.0
67,Q3,"Hamtube is a video watch online. That allows users to upload, share and watch video Hamtaro as the Hamtube marketing team leader and he wants to know that the transfer of advertising will increase sales. (Users click more advertisements) or not. Therefore, he decided to conduct an experiment. A/B Testing. Hamtaro chose to use Binomial Distribution to replace the Distribution of A/B Testing. This time, you agree or disagree with hamsataro. Why?","Binomial Distribution is a probability of a trial with only two results. When there are only two options, such as clicking or not, click on the advertisement. Assuming that each result is free to each other. And there is a lot of experiments to use Binomial Distribution to estimate the probability of the results.

The reason that using Binomial Distribution is a good choice that can be at the suitability of this statistical model with the existing experiments and information. But should know that there are limitations, such as assuming that each result is independent that is not true in some cases And may be increasing when calculating or more complex analysis

The decision to use Binomial Distribution should consider the characteristics of data. Existing experiments and the suitability of the statistical model used Should consider theoretical and practice in order to make the decisions about data analysis to be the most reasonable and accurate.",0.0
68,Q1,"Hamtube is a video watch online. That allows users to upload, share and watch video Hamtaro as the Hamtube marketing team leader and he wants to know that the transfer of advertising will increase sales. (Users click more advertisements) or not, so he decided to conduct an experiment. A/B Testing. Explain the reason that Hamtaro should use A/B Testing to test or offer arguments if you do not agree. While explaining the reason","Agree because A/B Testing is suitable for comparing results. (Here is the number of times the user click on advertising) of 2 Action, which is here. The movement of the advertisement and not moving the position of the advertisement.",1.0
69,Q3,"Hamtube is a video watch online. That allows users to upload, share and watch video Hamtaro as the Hamtube marketing team leader and he wants to know that the transfer of advertising will increase sales. (Users click more advertisements) or not. Therefore, he decided to conduct an experiment. A/B Testing. Hamtaro chose to use Binomial Distribution to replace the Distribution of A/B Testing. This time, you agree or disagree with hamsataro. Why?",Disagree because Clicking is not independent of each event. Since the user who has clicking the advertisement may have different behavior with when not clicking,1.0
70,Q1,"Hamtube is a video watch online. That allows users to upload, share and watch video Hamtaro as the Hamtube marketing team leader and he wants to know that the transfer of advertising will increase sales. (Users click more advertisements) or not, so he decided to conduct an experiment. A/B Testing. Explain the reason that Hamtaro should use A/B Testing to test or offer arguments if you do not agree. While explaining the reason",Should use A/B Testing to test the position of advertisement in Hamtube because A/B Testing allows Ham Taro to see the impact of advertising positions. Can adjust the test variables It also allows Ham Taro to choose the best choice.,1.5
71,Q3,"Hamtube is a video watch online. That allows users to upload, share and watch video Hamtaro as the Hamtube marketing team leader and he wants to know that the transfer of advertising will increase sales. (Users click more advertisements) or not. Therefore, he decided to conduct an experiment. A/B Testing. Hamtaro chose to use Binomial Distribution to replace the Distribution of A/B Testing. This time, you agree or disagree with hamsataro. Why?","The use of Binomial Distribution in A/B Testing, with Hamba Taro, can be the right choice. 
Because 1. Barnouli 2. 2. Disposal. Winnam is suitable for data that has only two results, such as ""click"" or ""not click"" on the advertisement. The use of the vintage distribution is appropriate.",5.0
72,Q4,"Hamtube is a video watch online. That allows users to upload, share and watch video Hamtaro as the Hamtube marketing team leader and he wants to know that the transfer of advertising will increase sales. (Users click more advertisements) or not, so he decided to conduct an experiment. A/B Testing. Hamtaro will have to choose the proportion of the user that see the old position advertisement to the user that seem to advertise a new position. By now, Ham Taro is hesitant between 50/50 proportions and 80/20 proportions. Explain the advantages and disadvantages of each type of proportion. And answered that which type would be more suitable for this problem",Choosing the proportion of users who see old and new position advertisements affect the experiment. A/B Testing. The advantage of choosing a 50/50 proportion is a useful test for both parties without the delay in the change. While the 80/20 proportion may help to create a comparison between variables and new experiments. Without having to have many users to see the new advertisement immediately The disadvantage of the 80/20 proportion is that the experiment may take longer in order to have enough information to analyze and accuracy. Choosing the right proportion depends on the testing needs and the desired test goals. The experiment that is more suitable for this problem is to use 50/50 proportions because there are useful tests on both sides and there is no delay in the change.,3.0
73,Q1,"Hamtube is a video watch online. That allows users to upload, share and watch video Hamtaro as the Hamtube marketing team leader and he wants to know that the transfer of advertising will increase sales. (Users click more advertisements) or not, so he decided to conduct an experiment. A/B Testing. Explain the reason that Hamtaro should use A/B Testing to test or offer arguments if you do not agree. While explaining the reason","Hamtaro should use A/B Testing because it helps Hamtaro to gather users 'interaction information and advertising positions to help him decide with information based on real users' behavior. In addition, it also provides concrete evidence regarding the impact of the advertising position on the user's interact.",1.5
74,Q4,"Hamtube is a video watch online. That allows users to upload, share and watch video Hamtaro as the Hamtube marketing team leader and he wants to know that the transfer of advertising will increase sales. (Users click more advertisements) or not, so he decided to conduct an experiment. A/B Testing. Hamtaro will have to choose the proportion of the user that see the old position advertisement to the user that seem to advertise a new position. By now, Ham Taro is hesitant between 50/50 proportions and 80/20 proportions. Explain the advantages and disadvantages of each type of proportion. And answered that which type would be more suitable for this problem","The advantages of 50/50 - Providing balanced information. Equal from both groups and allowing you to compare fairly Reduce the risk of random mistakes
The advantages of 80/20 - If there is concerns about the effects that may occur from the experiment The use of proportions that are leaning towards the old position (80%) will reduce the risk.

I think it should be used 80/20 because if it is an option that affects the user that is less clicking, it is a less risky way.",3.0
75,Q3,"Hamtube is a video watch online. That allows users to upload, share and watch video Hamtaro as the Hamtube marketing team leader and he wants to know that the transfer of advertising will increase sales. (Users click more advertisements) or not. Therefore, he decided to conduct an experiment. A/B Testing. Hamtaro chose to use Binomial Distribution to replace the Distribution of A/B Testing. This time, you agree or disagree with hamsataro. Why?","Hamtaro Should Consider Using The Binomial Distribution for A/B Testing.
Here are the reasons.
1. Binary Outcome: The Binomial Distribution is Well-SUITED for Scenarios Where There Are Only Two Possible Outcomes for Each Trial, in this case, WHETHER A USER CLICKS on An Ad Or NOM. This Aligns with the Nature of Click-Through Rate (CTR) Measurements in A/B Testing.

2. Independent Trials: The Trials in A/B Testing Are Typically Independent, Meaning that Outcome of One User's Intert The Platform Dos Not Afect The Outcom of AnoHer's Inject. The Binomial Distribution Assumes Independence Between Trials.

3. Fixed Number of Trials: A/B Testing Involves a Fixed Number of Trials (Users Expossd to Version A), and the binomial Distribution is AppropRPREPRETITS WHERE THE THE NUMBER OF TRALALS is Predterminy.

4. Simple and Well-Undertood: The Binomial Distribution is a simple and well-orunderstood probability Distribution, Making It Easy to Calculate Probabilities and Conduct Statistical Tests. This Simplicity is Advantageous for Practical Implementation in A/B Testing Scenarios.",5.0
76,Q2,"Hamtube is a video watch online. That allows users to upload, share and watch video Hamtaro as the Hamtube marketing team leader and he wants to know that the transfer of advertising will increase sales. (Users click more) or not. Therefore, he decided to conduct an experiment. A/B Testing. Granularity should be and how much the length of Attribution Period should be. Explain the reason","Ranularity should be the right level that can check the results in a short time, not too long, not too long, should not choose the level that is too small that cannot be compared to the change. Or choose a large form, making it difficult to analyze

Attribution Period should choose in the right period according to the nature of the business and the usage of the Hamtaro. In order to get the information that Reflect the reality of Result is good enough",0.0
77,Q3,"Hamtube is a video watch online. That allows users to upload, share and watch video Hamtaro as the Hamtube marketing team leader and he wants to know that the transfer of advertising will increase sales. (Users click more advertisements) or not. Therefore, he decided to conduct an experiment. A/B Testing. Hamtaro chose to use Binomial Distribution to replace the Distribution of A/B Testing. This time, you agree or disagree with hamsataro. Why?","Agree, because the press has 2 events, which is to press or not, which is in accordance with the principle of binomial that does not do.",5.0
78,Q2,"Hamtube is a video watch online. That allows users to upload, share and watch video Hamtaro as the Hamtube marketing team leader and he wants to know that the transfer of advertising will increase sales. (Users click more) or not. Therefore, he decided to conduct an experiment. A/B Testing. Granularity should be and how much the length of Attribution Period should be. Explain the reason","Should be Hits/Impressions and Attribution Period should be One-Min Attribution, because Ham Taro wants to know that the advertisement is clicking, which is advertised as if it is seen immediately, will immediately decide whether to click or ignore it. Therefore, Granularity is Hits/Impressions. It is suitable for advertisements to be seen because those who come to see and like it should be clicking from the first time. There are not many people who see it.",5.0
79,Q1,"Hamtube is a video watch online. That allows users to upload, share and watch video Hamtaro as the Hamtube marketing team leader and he wants to know that the transfer of advertising will increase sales. (Users click more advertisements) or not, so he decided to conduct an experiment. A/B Testing. Explain the reason that Hamtaro should use A/B Testing to test or offer arguments if you do not agree. While explaining the reason","Using A/B Testing for testing the position of advertising on Hamtube. I agree.
Because there are important reasons for marketing decisions:

1. User behavior: users in each situation may have different behavior on advertisements, such as users in the advertisement may be different. A/B Testing will help understand the behavior of users in each situation and the response to the advertisement thoroughly.

2. Marketing planning with spatial information: A/B Testing that is advertised in various locations. On the platform will help to see the image that covers the area that affects the advertising response.

3. Customize according to users: A/B Testing helps to understand the preferences of users and how different the groups are different. To adjust the market to the target audience at full efficiency

Making A/B Testing is a good way to check and adjust marketing to suit users and environments in detail. This method of examination will help Hem Taro get the desired information to decide to customize his marketing plan more confidently.",2.5
80,Q1,"Hamtube is a video watch online. That allows users to upload, share and watch video Hamtaro as the Hamtube marketing team leader and he wants to know that the transfer of advertising will increase sales. (Users click more advertisements) or not, so he decided to conduct an experiment. A/B Testing. Explain the reason that Hamtaro should use A/B Testing to test or offer arguments if you do not agree. While explaining the reason",Easily define the Relevant Metric and clearly divided into 2 assumptions.,0.0
81,Q2,"Hamtube is a video watch online. That allows users to upload, share and watch video Hamtaro as the Hamtube marketing team leader and he wants to know that the transfer of advertising will increase sales. (Users click more) or not. Therefore, he decided to conduct an experiment. A/B Testing. Granularity should be and how much the length of Attribution Period should be. Explain the reason",Granularity should be the number of videos because it can be compared to clicking the advertisement and Attribution Period should be about 1 day.,0.0
82,Q2,"Hamtube is a video watch online. That allows users to upload, share and watch video Hamtaro as the Hamtube marketing team leader and he wants to know that the transfer of advertising will increase sales. (Users click more) or not. Therefore, he decided to conduct an experiment. A/B Testing. Granularity should be and how much the length of Attribution Period should be. Explain the reason",Is the number of the ADS show. Attribution Period length is used for 1 day to check if the User Click Ads within 1 day or not.,0.0
83,Q1,"Hamtube is a video watch online. That allows users to upload, share and watch video Hamtaro as the Hamtube marketing team leader and he wants to know that the transfer of advertising will increase sales. (Users click more advertisements) or not, so he decided to conduct an experiment. A/B Testing. Explain the reason that Hamtaro should use A/B Testing to test or offer arguments if you do not agree. While explaining the reason",Agree with the use of A/B Testing for testing because it is a problem that can be easily separated into Control and Experimental groups.,1.0
84,Q2,"Hamtube is a video watch online. That allows users to upload, share and watch video Hamtaro as the Hamtube marketing team leader and he wants to know that the transfer of advertising will increase sales. (Users click more) or not. Therefore, he decided to conduct an experiment. A/B Testing. Granularity should be and how much the length of Attribution Period should be. Explain the reason","User Level: Granularity settings at the user level (User Level) can provide a very detailed information about individual behavior. Makes it easy to make the market strategy according to the needs of the target audience

Channel Level: Channel Level (Channel Level) may help to know the efficiency of each market. Makes it possible to adjust marketing strategies in each channel

Campaign Level: Granularity settings at the campaign level (Campaign Level) will give an overview of the performance of various campaigns and help to analyze the results of the entire market activity.
How much should Attribution Period depend on the business characteristics and behavior of the customer? If the business has customers who need a long time to decide, Attribution Period should be long -term to cover this process. If the customer has a fast behavioral style, short Attribution Period, it may be enough to analyze and adjust the market strategy. This period should be in line with the objectives of marketing and doing business.",0.0
85,Q2,"Hamtube is a video watch online. That allows users to upload, share and watch video Hamtaro as the Hamtube marketing team leader and he wants to know that the transfer of advertising will increase sales. (Users click more) or not. Therefore, he decided to conduct an experiment. A/B Testing. Granularity should be and how much the length of Attribution Period should be. Explain the reason","Should use the session with the length of Attribution Period should be about 15 minutes - 30 minutes, compared to the click in that session, for example, if clicking in that session, count 1 if not counting 0 that is designed like this, because most of the things that are not very expensive, and the user can decide in a timely term, if it is more than that, it is not possible because of the USER. But may be caused by other variables such as Buy according to friends, etc.",0.0
86,Q1,"Hamtube is a video watch online. That allows users to upload, share and watch video Hamtaro as the Hamtube marketing team leader and he wants to know that the transfer of advertising will increase sales. (Users click more advertisements) or not, so he decided to conduct an experiment. A/B Testing. Explain the reason that Hamtaro should use A/B Testing to test or offer arguments if you do not agree. While explaining the reason",Use A/B Testing because it is a test with the group that saw the advertisement at the same position. And see the advertising position at the new position Which is divided into two groups And can summarize what kind of sales are better,1.0
87,Q2,"Hamtube is a video watch online. That allows users to upload, share and watch video Hamtaro as the Hamtube marketing team leader and he wants to know that the transfer of advertising will increase sales. (Users click more) or not. Therefore, he decided to conduct an experiment. A/B Testing. Granularity should be and how much the length of Attribution Period should be. Explain the reason","Click all advertisements, all views. Will know how much people come to watch, compare 1 day",0.75
88,Q4,"Hamtube is a video watch online. That allows users to upload, share and watch video Hamtaro as the Hamtube marketing team leader and he wants to know that the transfer of advertising will increase sales. (Users click more advertisements) or not, so he decided to conduct an experiment. A/B Testing. Hamtaro will have to choose the proportion of the user that see the old position advertisement to the user that seem to advertise a new position. By now, Ham Taro is hesitant between 50/50 proportions and 80/20 proportions. Explain the advantages and disadvantages of each type of proportion. And answered that which type would be more suitable for this problem","50/50
Advantages: Easy and clear division, takes a short time to keep the sample size. Test is fast.
Disadvantages: High risk May cause a lot of losses if the advertisement in a new way is less profitable.
80/20:
Advantages: lower risk Not much loss if the advertising in a new format is less profitable.
Disadvantages: The little SAMPLE SIZE takes a long time

Assume says Hamtube is a large company. And there are many users Therefore having to make the risk of low losses Therefore choose to use 80/20 better",5.0
89,Q2,"Hamtube is a video watch online. That allows users to upload, share and watch video Hamtaro as the Hamtube marketing team leader and he wants to know that the transfer of advertising will increase sales. (Users click more) or not. Therefore, he decided to conduct an experiment. A/B Testing. Granularity should be and how much the length of Attribution Period should be. Explain the reason",Granularity should be #Click/ #Cookie-Days Each cookie is Bernoulli Trial and Attribution Period. It should be 1 day because most people will spend less than 1 clip.,4.0
90,Q1,"Hamtube is a video watch online. That allows users to upload, share and watch video Hamtaro as the Hamtube marketing team leader and he wants to know that the transfer of advertising will increase sales. (Users click more advertisements) or not, so he decided to conduct an experiment. A/B Testing. Explain the reason that Hamtaro should use A/B Testing to test or offer arguments if you do not agree. While explaining the reason",Should use A/B Testing because A/B testing is designed to be used with the problem that you want to check the old style (A) and the new model (B) already.,1.0
91,Q1,"Hamtube is a video watch online. That allows users to upload, share and watch video Hamtaro as the Hamtube marketing team leader and he wants to know that the transfer of advertising will increase sales. (Users click more advertisements) or not, so he decided to conduct an experiment. A/B Testing. Explain the reason that Hamtaro should use A/B Testing to test or offer arguments if you do not agree. While explaining the reason","Should be due to A/B Testing
1. Data-Driven Decisions is not ""guess""
2. Risk mitigation, if changing all advertising positions, it may cause the results to drop. A/B will make you try with some customers whether work or not.

In addition, you will get the user behaviour that the users tend to press the button or where to find or not. Can be used with other matters except ADS as well",3.0
92,Q1,"Hamtube is a video watch online. That allows users to upload, share and watch video Hamtaro as the Hamtube marketing team leader and he wants to know that the transfer of advertising will increase sales. (Users click more advertisements) or not, so he decided to conduct an experiment. A/B Testing. Explain the reason that Hamtaro should use A/B Testing to test or offer arguments if you do not agree. While explaining the reason","A/B Testing is a test of only 2 hypothesis (new advertisements do not increase sales VS, advertise new positions, increase sales)
Which is already suitable for this problem",1.0
93,Q3,"Hamtube is a video watch online. That allows users to upload, share and watch video Hamtaro as the Hamtube marketing team leader and he wants to know that the transfer of advertising will increase sales. (Users click more advertisements) or not. Therefore, he decided to conduct an experiment. A/B Testing. Hamtaro chose to use Binomial Distribution to replace the Distribution of A/B Testing. This time, you agree or disagree with hamsataro. Why?",Agree due to this experiment There is a possible value. Just click or not. Click on the Binomial Distribution has a possible effect.,5.0
94,Q1,"Hamtube is a video watch online. That allows users to upload, share and watch video Hamtaro as the Hamtube marketing team leader and he wants to know that the transfer of advertising will increase sales. (Users click more advertisements) or not, so he decided to conduct an experiment. A/B Testing. Explain the reason that Hamtaro should use A/B Testing to test or offer arguments if you do not agree. While explaining the reason","Agree because 
1. It is a test of 2 different groups and we want to test that the test is better. 
2. In the experiment, there may be something that affects our experiments as well. What is called Randomness, because the experiments must have many other factors that we control. Therefore, the use of A/B Test is appropriate by making all the outcome outcomes that come out, only the position of the advertisement and Randomness.",1.5
95,Q1,"Hamtube is a video watch online. That allows users to upload, share and watch video Hamtaro as the Hamtube marketing team leader and he wants to know that the transfer of advertising will increase sales. (Users click more advertisements) or not, so he decided to conduct an experiment. A/B Testing. Explain the reason that Hamtaro should use A/B Testing to test or offer arguments if you do not agree. While explaining the reason",A/B Testing is an appropriate tool to test the advertising position to measure the impact on clicking the user's advertisement. This experiment allows Ham Taro to compare the results between users who see advertisements in the old position. (Control group) and groups that see advertisements in new positions (Experimental group). The advantage of this method is the ability to evaluate the specific changes by reducing the impact of external factors.,4.5
96,Q4,"Hamtube is a video watch online. That allows users to upload, share and watch video Hamtaro as the Hamtube marketing team leader and he wants to know that the transfer of advertising will increase sales. (Users click more advertisements) or not, so he decided to conduct an experiment. A/B Testing. Hamtaro will have to choose the proportion of the user that see the old position advertisement to the user that seem to advertise a new position. By now, Ham Taro is hesitant between 50/50 proportions and 80/20 proportions. Explain the advantages and disadvantages of each type of proportion. And answered that which type would be more suitable for this problem","Proportion 50/50
Advantages: Experiments mention the tests that every program has the same opportunity to show new or old advertising. Helps to get both situations that can be compared
Disadvantages: Can not know the results immediately if there is a different result because there may be users with different behavior.
Proportion 80/20:
Advantages: Experiments can give results immediately and know more results. In the user section, you see new advertisements. Helps reduce uncertainty in decisions.
Disadvantages: The experiment may have a distorted effect if there is a display in the user that is popular or negotiable in changes.
The selection of proportion depends on the objectives of the experiment. If Ham Taro needs information from all groups of users, 50/50 users may be appropriate, but if you need results immediately and have a limited resource 80/20, it may be a good option because it can get information from the group that seems more effective and effective.",0.5
97,Q1,"Hamtube is a video watch online. That allows users to upload, share and watch video Hamtaro as the Hamtube marketing team leader and he wants to know that the transfer of advertising will increase sales. (Users click more advertisements) or not, so he decided to conduct an experiment. A/B Testing. Explain the reason that Hamtaro should use A/B Testing to test or offer arguments if you do not agree. While explaining the reason","Agree that Ham Taro uses A/B Testing, because what the Ham Thao is delicious is to move the position of the advertisement will help increase sales. (Users click more advertisements) or not, which A/B Testing is a 2 version test.",1.0
98,Q4,"Hamtube is a video watch online. That allows users to upload, share and watch video Hamtaro as the Hamtube marketing team leader and he wants to know that the transfer of advertising will increase sales. (Users click more advertisements) or not, so he decided to conduct an experiment. A/B Testing. Hamtaro will have to choose the proportion of the user that see the old position advertisement to the user that seem to advertise a new position. By now, Ham Taro is hesitant between 50/50 proportions and 80/20 proportions. Explain the advantages and disadvantages of each type of proportion. And answered that which type would be more suitable for this problem","The use of 50/50 proportions will be able to store more data. Which makes the experiment shorter time But there is a risk that sales will agree a lot because most users don't like this. The division of 80/20 will be able to store less data, making the experiment take longer. But there is a higher risk that sales will fall due to less use with the user In this case, the 80/20 proportion should be used as Changing the advertising position will make the sales fall a lot and want to see that changing the position. Sales increase in a new group or as the original group because it is possible that the new group will come in because the current trend may not really increase sales.",5.0
99,Q1,"Hamtube is a video watch online. That allows users to upload, share and watch video Hamtaro as the Hamtube marketing team leader and he wants to know that the transfer of advertising will increase sales. (Users click more advertisements) or not, so he decided to conduct an experiment. A/B Testing. Explain the reason that Hamtaro should use A/B Testing to test or offer arguments if you do not agree. While explaining the reason",Should use A/B Testing because it is a test that tested with two groups of audiences Who saw different advertising positions And can conclude what type of positioning Can be more effective,1.0
100,Q2,"Hamtube is a video watch online. That allows users to upload, share and watch video Hamtaro as the Hamtube marketing team leader and he wants to know that the transfer of advertising will increase sales. (Users click more) or not. Therefore, he decided to conduct an experiment. A/B Testing. Granularity should be and how much the length of Attribution Period should be. Explain the reason",Granularity should do A/B Testing at each User level in order to be able to analyze the data thoroughly and understand the behavior of the target group and the Attribution Period should be length enough to count the true effects of advertising position changes. Without cutting the data that may be relevant for 30 days,2.5
101,Q1,"Hamtube is a video watch online. That allows users to upload, share and watch video Hamtaro as the Hamtube marketing team leader and he wants to know that the transfer of advertising will increase sales. (Users click more advertisements) or not, so he decided to conduct an experiment. A/B Testing. Explain the reason that Hamtaro should use A/B Testing to test or offer arguments if you do not agree. While explaining the reason",Should use A/B Testing because it is a comparison of two types of apps that have different advertisements to find the user that users click the advertisement more by collecting data and then using A/B Testing and then summarize the results.,1.0
102,Q1,"Hamtube is a video watch online. That allows users to upload, share and watch video Hamtaro as the Hamtube marketing team leader and he wants to know that the transfer of advertising will increase sales. (Users click more advertisements) or not, so he decided to conduct an experiment. A/B Testing. Explain the reason that Hamtaro should use A/B Testing to test or offer arguments if you do not agree. While explaining the reason","The reason that Hamtaro should use A/B Testing is
1. Save time and resources: A/b testing uses less costs and resources. From not having to do experiments with all users
2. The data is reliable: a/b testing helps to provide reliable information. By comparing between groups that change and the group that has not changed.",2.0
103,Q2,"Hamtube is a video watch online. That allows users to upload, share and watch video Hamtaro as the Hamtube marketing team leader and he wants to know that the transfer of advertising will increase sales. (Users click more) or not. Therefore, he decided to conduct an experiment. A/B Testing. Granularity should be and how much the length of Attribution Period should be. Explain the reason","Granularity: User ID because UNIQUE and some users may come to see it repeatedly. May cause too
Attribution Period: 1 day because users should come to see once a day and to see the advertisement. It was a short time to decide to press. Should not set the Attribution Period too long",2.5
104,Q4,"Hamtube is a video watch online. That allows users to upload, share and watch video Hamtaro as the Hamtube marketing team leader and he wants to know that the transfer of advertising will increase sales. (Users click more advertisements) or not, so he decided to conduct an experiment. A/B Testing. Hamtaro will have to choose the proportion of the user that see the old position advertisement to the user that seem to advertise a new position. By now, Ham Taro is hesitant between 50/50 proportions and 80/20 proportions. Explain the advantages and disadvantages of each type of proportion. And answered that which type would be more suitable for this problem",The 50/50 proportion will provide balanced information and fair comparison between the two groups. But it may take longer to accumulate data with statistical significance. The 80/20 proportions will be useful in the event that you want to reduce the impact on the experience of most users. But may cause the data that is at risk of higher statistical errors due to less sample size The appropriate selection depends on how Hamba Tero is flexible in the risk and target of the test.,3.0
105,Q3,"Hamtube is a video watch online. That allows users to upload, share and watch video Hamtaro as the Hamtube marketing team leader and he wants to know that the transfer of advertising will increase sales. (Users click more advertisements) or not. Therefore, he decided to conduct an experiment. A/B Testing. Hamtaro chose to use Binomial Distribution to replace the Distribution of A/B Testing. This time, you agree or disagree with hamsataro. Why?","The choice of Binomial Distribution is suitable for use instead of the Distribution of this A / B Testing, as it is a measure of the occurrence of birth that is just clicking up / not clicking advertisements. If measured by only one user, it will be Bernoulli Distribution, but when counting all users in Hamtube, it will be bernious. Distribution that everyone uses Independent",5.0
106,Q2,"Hamtube is a video watch online. That allows users to upload, share and watch video Hamtaro as the Hamtube marketing team leader and he wants to know that the transfer of advertising will increase sales. (Users click more) or not. Therefore, he decided to conduct an experiment. A/B Testing. Granularity should be and how much the length of Attribution Period should be. Explain the reason","Assumption: There are click advertisements = get money
Granularity: Just use Hits is enough because you don't care about who Click is just interested in how much Click.
Attribution Period: 1 day because clicking the advertisement is very easy.",0.0
107,Q1,"Hamtube is a video watch online. That allows users to upload, share and watch video Hamtaro as the Hamtube marketing team leader and he wants to know that the transfer of advertising will increase sales. (Users click more advertisements) or not, so he decided to conduct an experiment. A/B Testing. Explain the reason that Hamtaro should use A/B Testing to test or offer arguments if you do not agree. While explaining the reason","The A/B Testing experiment is suitable for Hamtaro to test the transfer of advertisements on Hamtube for the following main reasons:

1. Evidence decisions: A/B Testing allows Ham Taro to make decisions with support. Comparison of the results between the group that saw the advertisement in the same position (Group A) and the group that saw the new advertisement (Group B) help him know how the change affects the click.

2. Control of disturbing factors: A/B Testing provides the ability to control other disturbances and other variables. That may affect the results By allocating random users into each group, Hamba Tero can be confident that the result is only a result of advertising position changes.

3. Accurate measurement: A/B Testing experiment allows Ham Taro to measure the impact of change clearly and precisely. He can check whether the advertisement is more or not. And at what level

4. Reducing risks: Small trials before adjusting extensively, reducing the risk of decisions that may have a negative impact on users' experience or profit.

5. Continuous improvement: results from experiments. A/B Testing can be used to develop and improve the platform continuously. If the change is not effective Ham Taro can experiment with new ways.",5.0
108,Q1,"Hamtube is a video watch online. That allows users to upload, share and watch video Hamtaro as the Hamtube marketing team leader and he wants to know that the transfer of advertising will increase sales. (Users click more advertisements) or not, so he decided to conduct an experiment. A/B Testing. Explain the reason that Hamtaro should use A/B Testing to test or offer arguments if you do not agree. While explaining the reason","- Able to measure the advertising position directly
- Can you say that moving advertising positions affects sales?",1.0
109,Q3,"Hamtube is a video watch online. That allows users to upload, share and watch video Hamtaro as the Hamtube marketing team leader and he wants to know that the transfer of advertising will increase sales. (Users click more advertisements) or not. Therefore, he decided to conduct an experiment. A/B Testing. Hamtaro chose to use Binomial Distribution to replace the Distribution of A/B Testing. This time, you agree or disagree with hamsataro. Why?",Agree using Bernoulli because we have 2 forms.,5.0
110,Q1,"Hamtube is a video watch online. That allows users to upload, share and watch video Hamtaro as the Hamtube marketing team leader and he wants to know that the transfer of advertising will increase sales. (Users click more advertisements) or not, so he decided to conduct an experiment. A/B Testing. Explain the reason that Hamtaro should use A/B Testing to test or offer arguments if you do not agree. While explaining the reason",Use A/B Testing for testing because we have metric to measure and test. This is a test between the original (the position of the original advertisement) and the new (new advertising position).,1.0
111,Q3,"Hamtube is a video watch online. That allows users to upload, share and watch video Hamtaro as the Hamtube marketing team leader and he wants to know that the transfer of advertising will increase sales. (Users click more advertisements) or not. Therefore, he decided to conduct an experiment. A/B Testing. Hamtaro chose to use Binomial Distribution to replace the Distribution of A/B Testing. This time, you agree or disagree with hamsataro. Why?","Suitable because Binomial Distribution is suitable for trials with only two results (Success or Failure) and this A/B Testing trial. There are two results: clicking advertisements or not, clicking advertisements. Which matches the characteristics of Binomial Distribution",5.0
112,Q1,"Hamtube is a video watch online. That allows users to upload, share and watch video Hamtaro as the Hamtube marketing team leader and he wants to know that the transfer of advertising will increase sales. (Users click more advertisements) or not, so he decided to conduct an experiment. A/B Testing. Explain the reason that Hamtaro should use A/B Testing to test or offer arguments if you do not agree. While explaining the reason",A/B Testing allows Hamtaro to test changes in advertising positions. By comparing with the control group that has not been changed Which makes it possible to consider whether the advertising position will affect sales or not And also allows him to receive statistical weight information to decide to adjust the marketing plan efficiently,4.5
113,Q4,"Hamtube is a video watch online. That allows users to upload, share and watch video Hamtaro as the Hamtube marketing team leader and he wants to know that the transfer of advertising will increase sales. (Users click more advertisements) or not, so he decided to conduct an experiment. A/B Testing. Hamtaro will have to choose the proportion of the user that see the old position advertisement to the user that seem to advertise a new position. By now, Ham Taro is hesitant between 50/50 proportions and 80/20 proportions. Explain the advantages and disadvantages of each type of proportion. And answered that which type would be more suitable for this problem","The advantage of using 50/50 proportion is that it can be more effective. But exchanged with the disadvantage that the risk that users will not like to move advertisements to a new place
The advantage of using the 80/20 proportion is that there is a risk that users will not like less. But exchanged with a longer data collection time
Personally, I think it is better to use 50/50 because moving advertisements does not affect users a lot. And to increase sales, the faster the data collection is better",5.0
114,Q3,"Hamtube is a video watch online. That allows users to upload, share and watch video Hamtaro as the Hamtube marketing team leader and he wants to know that the transfer of advertising will increase sales. (Users click more advertisements) or not. Therefore, he decided to conduct an experiment. A/B Testing. Hamtaro chose to use Binomial Distribution to replace the Distribution of A/B Testing. This time, you agree or disagree with hamsataro. Why?","Agree because the result of Ham Taro is interested in ""The user clicks the advertisement?"" Which is worth binary.",5.0
115,Q4,"Hamtube is a video watch online. That allows users to upload, share and watch video Hamtaro as the Hamtube marketing team leader and he wants to know that the transfer of advertising will increase sales. (Users click more advertisements) or not, so he decided to conduct an experiment. A/B Testing. Hamtaro will have to choose the proportion of the user that see the old position advertisement to the user that seem to advertise a new position. By now, Ham Taro is hesitant between 50/50 proportions and 80/20 proportions. Explain the advantages and disadvantages of each type of proportion. And answered that which type would be more suitable for this problem","50/50
Advantages: The sample size of both groups is the same. Makes it easier to compare and more reliable
Disadvantages: If this change has a negative impact Will lose a lot of business opportunities during the experiment Because there are 50% of customers using bad things while experimenting

80/20
Advantages: Reduce the risk that new advertising positions may have a negative effect on users because only 20% of customers.
Disadvantages: Data is less Resulting in less statistical reliability

This problem should be used by 50/50 because it will get more statistical trust information. As for the loss of business opportunities, if the new results are not important, because the Attribution Period of this experiment is only 7 days, resulting in very little Impact compared to the information and opportunities that we will get.",3.0
116,Q4,"Hamtube is a video watch online. That allows users to upload, share and watch video Hamtaro as the Hamtube marketing team leader and he wants to know that the transfer of advertising will increase sales. (Users click more advertisements) or not, so he decided to conduct an experiment. A/B Testing. Hamtaro will have to choose the proportion of the user that see the old position advertisement to the user that seem to advertise a new position. By now, Ham Taro is hesitant between 50/50 proportions and 80/20 proportions. Explain the advantages and disadvantages of each type of proportion. And answered that which type would be more suitable for this problem","50/50
Advantages: Complete the Experiment.
Disadvantages: If the experiment of the new advertising position has a problem The damage that occurs will be a lot.
80/20
Advantages: If Experiment of the new advertising position has a problem. The damage is less than 50/50.
Disadvantages: but still have risks And collect data slowly
Choosing a more appropriate Method depends on how big the Hamtube is.
If it is a small startup, you should use 50/50 so you can answer the increase in sales quickly.
If it is a big company, should use 80/20, which should actually be less than this, as it is just an advertisement. Should accept the lowest risk And collecting A/B Testing data gradually so that it is not a huge loss",5.0
117,Q2,"Hamtube is a video watch online. That allows users to upload, share and watch video Hamtaro as the Hamtube marketing team leader and he wants to know that the transfer of advertising will increase sales. (Users click more) or not. Therefore, he decided to conduct an experiment. A/B Testing. Granularity should be and how much the length of Attribution Period should be. Explain the reason","Granularity: # Ads Click/#Total Views makes you recognize how many people click on Ads.
Attribute Period: 1 day because Hamtube because the website that people often visit should not be too long.",3.0
118,Q4,"Hamtube is a video watch online. That allows users to upload, share and watch video Hamtaro as the Hamtube marketing team leader and he wants to know that the transfer of advertising will increase sales. (Users click more advertisements) or not, so he decided to conduct an experiment. A/B Testing. Hamtaro will have to choose the proportion of the user that see the old position advertisement to the user that seem to advertise a new position. By now, Ham Taro is hesitant between 50/50 proportions and 80/20 proportions. Explain the advantages and disadvantages of each type of proportion. And answered that which type would be more suitable for this problem","Type 50/50
Advantages: Equal experiment Not focusing on any position too much
Disadvantages: Cannot see the effects of new positions.

Type 80/20
Advantages: Gradually test the behavior of users to change the position. Low risk
Disadvantages: It is an unequal proportion. The opportunity to see the advertisement at a little new position.

I think the 80/20 is better. In order to see the behavior of users Find the consistency between the old and new positions while doing Testing, which is useful for the testing in the future.",2.0
119,Q4,"Hamtube is a video watch online. That allows users to upload, share and watch video Hamtaro as the Hamtube marketing team leader and he wants to know that the transfer of advertising will increase sales. (Users click more advertisements) or not, so he decided to conduct an experiment. A/B Testing. Hamtaro will have to choose the proportion of the user that see the old position advertisement to the user that seem to advertise a new position. By now, Ham Taro is hesitant between 50/50 proportions and 80/20 proportions. Explain the advantages and disadvantages of each type of proportion. And answered that which type would be more suitable for this problem","50/50: It takes less time to collect data. But there will be more risks from placing advertisements
80/20: It takes more time to collect data. But there will be less risks from the new position advertising
Answer: 50/50 due to the risk of new position advertising is not important. Hamtube users use the platform to watch online videos as the main purpose. Not coming to see the advertisement Advertising is not likely to affect the user's use. Therefore able to receive a lot of risks from advertising positions",5.0
120,Q1,"Hamtube is a video watch online. That allows users to upload, share and watch video Hamtaro as the Hamtube marketing team leader and he wants to know that the transfer of advertising will increase sales. (Users click more advertisements) or not, so he decided to conduct an experiment. A/B Testing. Explain the reason that Hamtaro should use A/B Testing to test or offer arguments if you do not agree. While explaining the reason","Agree because
- Data Driven Insight is to have information to support the real decision, not just the feeling.
- A/B Testing is a comparison of one variable with 2 versions (or more) with other control variables as well. Which corresponds to this situation


This must make the sample group of both versions the same. And must replace the population",1.0
121,Q1,"Hamtube is a video watch online. That allows users to upload, share and watch video Hamtaro as the Hamtube marketing team leader and he wants to know that the transfer of advertising will increase sales. (Users click more advertisements) or not, so he decided to conduct an experiment. A/B Testing. Explain the reason that Hamtaro should use A/B Testing to test or offer arguments if you do not agree. While explaining the reason","Should be used because of using A/B Testing, allowing to reduce the risk and can measure business results when the results between A and B",2.0
122,Q2,"Hamtube is a video watch online. That allows users to upload, share and watch video Hamtaro as the Hamtube marketing team leader and he wants to know that the transfer of advertising will increase sales. (Users click more) or not. Therefore, he decided to conduct an experiment. A/B Testing. Granularity should be and how much the length of Attribution Period should be. Explain the reason","- Granularity should be a session level that seems to move the advertisement position, causing users of each session to press or not.
- Attributition Period should be 1-3 months to see if in the long run, the advertising position allows users to click or not.",0.0
123,Q1,"Hamtube is a video watch online. That allows users to upload, share and watch video Hamtaro as the Hamtube marketing team leader and he wants to know that the transfer of advertising will increase sales. (Users click more advertisements) or not, so he decided to conduct an experiment. A/B Testing. Explain the reason that Hamtaro should use A/B Testing to test or offer arguments if you do not agree. While explaining the reason","It is appropriate because there are other factors That affects sales, such as advertising clips at that time Social hit at that time Social trend at that time Country finance at that time Makes it agree with the use of A/B Testing",0.5
124,Q1,"Hamtube is a video watch online. That allows users to upload, share and watch video Hamtaro as the Hamtube marketing team leader and he wants to know that the transfer of advertising will increase sales. (Users click more advertisements) or not, so he decided to conduct an experiment. A/B Testing. Explain the reason that Hamtaro should use A/B Testing to test or offer arguments if you do not agree. While explaining the reason","1. Data-Driven Decision Making: A/B Testing Provides Concrete Data on User Behavior and Preferences. It Allows Hamtaro to make decisions based on Evidence rater than assumptions.

2. Identifying Causation: A/B Testing Helps Establish a Causal Relationship Between Changes Made (Moving The Ads) and The Observed Outcomes (Click-Through Rates, Revenue). This is Crucial for Understanding The True Impact of the Change.

3 This is important for long-term user Satisfaction.

4. Maximizing Revenue: Ultimately, The Goal is to Increase Revenue. A/B Testing Allows Hamtaro to Fine-Tune The Platform for Maximum Profitability by Identifying The Most Effective Ad Placement.",1.5
125,Q2,"Hamtube is a video watch online. That allows users to upload, share and watch video Hamtaro as the Hamtube marketing team leader and he wants to know that the transfer of advertising will increase sales. (Users click more) or not. Therefore, he decided to conduct an experiment. A/B Testing. Granularity should be and how much the length of Attribution Period should be. Explain the reason","Granularity should be a click on users' advertisements in each session so that the advertisement position affects the decision (click).

Attribution Period should be 1-4 weeks because it is a time when we will be able to collect data from users. And not too much, causing external factors to disturb",3.5
126,Q3,"Hamtube is a video watch online. That allows users to upload, share and watch video Hamtaro as the Hamtube marketing team leader and he wants to know that the transfer of advertising will increase sales. (Users click more advertisements) or not. Therefore, he decided to conduct an experiment. A/B Testing. Hamtaro chose to use Binomial Distribution to replace the Distribution of A/B Testing. This time, you agree or disagree with hamsataro. Why?",Should use Bernoulli more than just pressing and watching and not pressing,1.0
127,Q1,"Hamtube is a video watch online. That allows users to upload, share and watch video Hamtaro as the Hamtube marketing team leader and he wants to know that the transfer of advertising will increase sales. (Users click more advertisements) or not, so he decided to conduct an experiment. A/B Testing. Explain the reason that Hamtaro should use A/B Testing to test or offer arguments if you do not agree. While explaining the reason",A/B Test is appropriate because it can analyze the effects of this change clearly. Is to reduce the risk of sales impact Reliable due to good control With accurate measurement,5.0
128,Q3,"Hamtube is a video watch online. That allows users to upload, share and watch video Hamtaro as the Hamtube marketing team leader and he wants to know that the transfer of advertising will increase sales. (Users click more advertisements) or not. Therefore, he decided to conduct an experiment. A/B Testing. Hamtaro chose to use Binomial Distribution to replace the Distribution of A/B Testing. This time, you agree or disagree with hamsataro. Why?",Agree because if we measure whether the user clicks more or not Should count the number of clicks But people will only have a click (successful) and not click (unsuccessful) is Bernoulli Distribution.,5.0
129,Q3,"Hamtube is a video watch online. That allows users to upload, share and watch video Hamtaro as the Hamtube marketing team leader and he wants to know that the transfer of advertising will increase sales. (Users click more advertisements) or not. Therefore, he decided to conduct an experiment. A/B Testing. Hamtaro chose to use Binomial Distribution to replace the Distribution of A/B Testing. This time, you agree or disagree with hamsataro. Why?","Agree because The probability of each person is Bernoulli and when combined, it will become a binomial Distribution.",5.0
130,Q3,"Hamtube is a video watch online. That allows users to upload, share and watch video Hamtaro as the Hamtube marketing team leader and he wants to know that the transfer of advertising will increase sales. (Users click more advertisements) or not. Therefore, he decided to conduct an experiment. A/B Testing. Hamtaro chose to use Binomial Distribution to replace the Distribution of A/B Testing. This time, you agree or disagree with hamsataro. Why?","Agree because
- Suitable for experiments with only two results (Click or not click)
- Easy to calculate and have a clear formula for calculating the probability of the results
- Suitable for experiments that are equally divided and have independent experiments to each other.
- Flexible to adapt to experiments with different sample sizes",5.0
131,Q4,"Hamtube is a video watch online. That allows users to upload, share and watch video Hamtaro as the Hamtube marketing team leader and he wants to know that the transfer of advertising will increase sales. (Users click more advertisements) or not, so he decided to conduct an experiment. A/B Testing. Hamtaro will have to choose the proportion of the user that see the old position advertisement to the user that seem to advertise a new position. By now, Ham Taro is hesitant between 50/50 proportions and 80/20 proportions. Explain the advantages and disadvantages of each type of proportion. And answered that which type would be more suitable for this problem","The 50/50 model takes a shorter experiment. But there is a risk of affecting the overall income, while 80/20 takes longer But the risk of affecting the overall income is less than the first 

Choose 50/50 because the trial period mentioned above is 2 Weeks, which is not very long and see results quickly.",5.0
132,Q4,"Hamtube is a video watch online. That allows users to upload, share and watch video Hamtaro as the Hamtube marketing team leader and he wants to know that the transfer of advertising will increase sales. (Users click more advertisements) or not, so he decided to conduct an experiment. A/B Testing. Hamtaro will have to choose the proportion of the user that see the old position advertisement to the user that seem to advertise a new position. By now, Ham Taro is hesitant between 50/50 proportions and 80/20 proportions. Explain the advantages and disadvantages of each type of proportion. And answered that which type would be more suitable for this problem","Chosing A 50/50 Split Means Equally Distributing User Between The Two Test Groups, Which Should Give A Balanced View of User InteractionS with The Ads. An 80/20 Split Would Mean One Group is Larger than the OTHER, WHICH COULD INTRODUCE BIAS INTO THE THE THE THE THE THE THE THE THE THE THE THE THE THE THE THE THE THE THE THE THE THE THE THE THE THE THE THE THE THE THE THE THE THE THE THE THE THE THE THE THE THEILT For Hamtube, A 50/50 SPLIT IS TYPICILLY More Reliable for Understanding The True Impact of Ad Placement Changes",1.0
133,Q3,"Hamtube is a video watch online. That allows users to upload, share and watch video Hamtaro as the Hamtube marketing team leader and he wants to know that the transfer of advertising will increase sales. (Users click more advertisements) or not. Therefore, he decided to conduct an experiment. A/B Testing. Hamtaro chose to use Binomial Distribution to replace the Distribution of A/B Testing. This time, you agree or disagree with hamsataro. Why?","Agree, because Binomial Distribution is suitable for 2 types of data analysis, which A/B Testing will get one result, such as clicking or not, making Binomial Distribution suitable for A/B Testing.",5.0
134,Q3,"Hamtube is a video watch online. That allows users to upload, share and watch video Hamtaro as the Hamtube marketing team leader and he wants to know that the transfer of advertising will increase sales. (Users click more advertisements) or not. Therefore, he decided to conduct an experiment. A/B Testing. Hamtaro chose to use Binomial Distribution to replace the Distribution of A/B Testing. This time, you agree or disagree with hamsataro. Why?","Ideal, because in doing A/B Testing, this time, only the people who come to watch or not click, so using the binomial Distribution, which is a continuous Bernoulli appropriate.",5.0
135,Q3,"Hamtube is a video watch online. That allows users to upload, share and watch video Hamtaro as the Hamtube marketing team leader and he wants to know that the transfer of advertising will increase sales. (Users click more advertisements) or not. Therefore, he decided to conduct an experiment. A/B Testing. Hamtaro chose to use Binomial Distribution to replace the Distribution of A/B Testing. This time, you agree or disagree with hamsataro. Why?","Agree because it is suitable for situations related to binary results, such as clicks of users on the advertisement.",5.0
136,Q3,"Hamtube is a video watch online. That allows users to upload, share and watch video Hamtaro as the Hamtube marketing team leader and he wants to know that the transfer of advertising will increase sales. (Users click more advertisements) or not. Therefore, he decided to conduct an experiment. A/B Testing. Hamtaro chose to use Binomial Distribution to replace the Distribution of A/B Testing. This time, you agree or disagree with hamsataro. Why?",Agree because of the opportunity to click or not. Click advertisement in that position.,5.0
137,Q4,"Hamtube is a video watch online. That allows users to upload, share and watch video Hamtaro as the Hamtube marketing team leader and he wants to know that the transfer of advertising will increase sales. (Users click more advertisements) or not, so he decided to conduct an experiment. A/B Testing. Hamtaro will have to choose the proportion of the user that see the old position advertisement to the user that seem to advertise a new position. By now, Ham Taro is hesitant between 50/50 proportions and 80/20 proportions. Explain the advantages and disadvantages of each type of proportion. And answered that which type would be more suitable for this problem","50/50 
The advantages allow Ham Taro to test the advertising structure in both positions to compare immediately.
Disadvantages of the same proportions may cause Ham Taro to not receive enough information to further adjust the proportion.
80/20
Advantages help new advertisements to be tested. Makes it able to check the effects of new advertising structures more
Disadvantages that are very proportioned to the new advertisement may cause Bias to the old advertisement, which makes it unable to analyze the impact of the old advertising structure correctly.
80/20 is more suitable for new advertisements for testing.",1.0
138,Q1,"Hamtube is a video watch online. That allows users to upload, share and watch video Hamtaro as the Hamtube marketing team leader and he wants to know that the transfer of advertising will increase sales. (Users click more advertisements) or not, so he decided to conduct an experiment. A/B Testing. Explain the reason that Hamtaro should use A/B Testing to test or offer arguments if you do not agree. While explaining the reason","Agree with the use of a/b testing because A/B Testing is suitable for comparing 2 things, such as in this case, assuming that the advertisement A or position B is better.",1.0
139,Q3,"Hamtube is a video watch online. That allows users to upload, share and watch video Hamtaro as the Hamtube marketing team leader and he wants to know that the transfer of advertising will increase sales. (Users click more advertisements) or not. Therefore, he decided to conduct an experiment. A/B Testing. Hamtaro chose to use Binomial Distribution to replace the Distribution of A/B Testing. This time, you agree or disagree with hamsataro. Why?",Agree because each person has the opportunity to press or not. It is a Bernadol distribution. We consider the SAMPLE SIZE number.,5.0
140,Q1,"Hamtube is a video watch online. That allows users to upload, share and watch video Hamtaro as the Hamtube marketing team leader and he wants to know that the transfer of advertising will increase sales. (Users click more advertisements) or not, so he decided to conduct an experiment. A/B Testing. Explain the reason that Hamtaro should use A/B Testing to test or offer arguments if you do not agree. While explaining the reason",A/B Testing is a useful process for testing the hypothesis or changes in marketing. Ham Taro should use A/B Testing to test whether the movement of the advertisement will affect their clicks or sales or not. This test allows him to get a clear information about the effects of changes that allow him to decide to adjust the marketing of Hamtube at the point.,3.0
141,Q3,"Hamtube is a video watch online. That allows users to upload, share and watch video Hamtaro as the Hamtube marketing team leader and he wants to know that the transfer of advertising will increase sales. (Users click more advertisements) or not. Therefore, he decided to conduct an experiment. A/B Testing. Hamtaro chose to use Binomial Distribution to replace the Distribution of A/B Testing. This time, you agree or disagree with hamsataro. Why?","Agree because we can see this problem that in each session, users have the opportunity P to click the advertisement. If we look at the problem in this picture, we will be able to look at the Distribution of the number of users who click the advertisement as Binomial ([number session], P)",5.0
142,Q4,"Hamtube is a video watch online. That allows users to upload, share and watch video Hamtaro as the Hamtube marketing team leader and he wants to know that the transfer of advertising will increase sales. (Users click more advertisements) or not, so he decided to conduct an experiment. A/B Testing. Hamtaro will have to choose the proportion of the user that see the old position advertisement to the user that seem to advertise a new position. By now, Ham Taro is hesitant between 50/50 proportions and 80/20 proportions. Explain the advantages and disadvantages of each type of proportion. And answered that which type would be more suitable for this problem","-50/50 proportion: The advantage is that the experiment is balanced and easy to analyze. The disadvantage is that it may not reflect the actual use of all users.

-The proportion of 80/20: The advantage is that this experiment may reflect the behavior of users in the real environment better. The disadvantage is that it may make it difficult to detect the differences between the two groups.

For Ham Taro, the selection of proportion depends on the objectives of the experiment and the importance of reflecting the truth in the experiment. If the target is a test in a more controlled environment, 50/50 proportions may be more appropriate. But if you need information that reflects the actual behavior of users in real environment, the proportion of 80/20 may be a better option.",1.0
143,Q3,"Hamtube is a video watch online. That allows users to upload, share and watch video Hamtaro as the Hamtube marketing team leader and he wants to know that the transfer of advertising will increase sales. (Users click more advertisements) or not. Therefore, he decided to conduct an experiment. A/B Testing. Hamtaro chose to use Binomial Distribution to replace the Distribution of A/B Testing. This time, you agree or disagree with hamsataro. Why?","Rarely agree Especially when there is complex information and needs a very detailed analysis, because Binomial Distribution is usually used for only two types of possible results (such as success or unsuccessful or Koi), but in A/B Testing may have many variables that affect results. For example Frequency of clicking advertising Time to see advertisements in each type of advertising",2.0
144,Q1,"Hamtube is a video watch online. That allows users to upload, share and watch video Hamtaro as the Hamtube marketing team leader and he wants to know that the transfer of advertising will increase sales. (Users click more advertisements) or not, so he decided to conduct an experiment. A/B Testing. Explain the reason that Hamtaro should use A/B Testing to test or offer arguments if you do not agree. While explaining the reason","The reason to use: A/B Testing is a tool that is effective in testing small changes. With business results In the case of Ham Taro This experiment will help him assess whether the change of the advertisement has an extension, click and the participation of users or not. By dividing the user into two groups (One group saw advertisements in the same position and the other group saw the advertisement in a new position.) Ham Taro can compare the results meaningful.
Arguments: If the market or user behavior of Hamtube is highly volatile May cause the results of the experiment uncertain or can not be thorough. In this case, the use of more complex methods may be more appropriate. Such as advanced statistical analysis or in -depth information from users",2.0
145,Q2,"Hamtube is a video watch online. That allows users to upload, share and watch video Hamtaro as the Hamtube marketing team leader and he wants to know that the transfer of advertising will increase sales. (Users click more) or not. Therefore, he decided to conduct an experiment. A/B Testing. Granularity should be and how much the length of Attribution Period should be. Explain the reason","Granularity: Granularity should choose to be in line with the method that users interact with advertisements. If the advertisement is highly involved (such as clicking), this helps Ham Taro understand the behavior of users in a short time better.
Attribution Period: This period should be enough to cover the normal interaction of users and advertisements and purchase decisions.",0.0
146,Q2,"Hamtube is a video watch online. That allows users to upload, share and watch video Hamtaro as the Hamtube marketing team leader and he wants to know that the transfer of advertising will increase sales. (Users click more) or not. Therefore, he decided to conduct an experiment. A/B Testing. Granularity should be and how much the length of Attribution Period should be. Explain the reason","Total number of clicks Total number of visitors Because it is said that the audience is interested in how much advertisement. Attribution Period should be 1 week because each day may affect watching, such as Saturday/Sunday. That is a holiday may affect the click. Should be considered for 1 week",4.0
147,Q4,"Hamtube is a video watch online. That allows users to upload, share and watch video Hamtaro as the Hamtube marketing team leader and he wants to know that the transfer of advertising will increase sales. (Users click more advertisements) or not, so he decided to conduct an experiment. A/B Testing. Hamtaro will have to choose the proportion of the user that see the old position advertisement to the user that seem to advertise a new position. By now, Ham Taro is hesitant between 50/50 proportions and 80/20 proportions. Explain the advantages and disadvantages of each type of proportion. And answered that which type would be more suitable for this problem","50/50 will provide fast results But there is a risk because if moving the position is not good The audience is very morale. 80/20 will have to test for a long time because they need high accuracy. But the audience to see is a minority. Personally, recommend 80/20 more because it provides more accurate results, even if it takes a little longer.",5.0
148,Q4,"Hamtube is a video watch online. That allows users to upload, share and watch video Hamtaro as the Hamtube marketing team leader and he wants to know that the transfer of advertising will increase sales. (Users click more advertisements) or not, so he decided to conduct an experiment. A/B Testing. Hamtaro will have to choose the proportion of the user that see the old position advertisement to the user that seem to advertise a new position. By now, Ham Taro is hesitant between 50/50 proportions and 80/20 proportions. Explain the advantages and disadvantages of each type of proportion. And answered that which type would be more suitable for this problem","For 50/50
Advantages: Can balance between the old and new things, can reach the significance value faster because there is a new SAMPLE Size of the new position than 80/20.
Disadvantages: Can be delayed with good results because there are only 50%of new access to new positions, more risky because of the new users testing than 80/20.

For 80/20
Advantages: There are less risks than 50/50, able to capture good results faster. Because there is a small proportion of new positions
Disadvantages: Not balance between the old and new models. May cause the results that are biased, reaching the significance point slowly, may have to try longer

Answer: Use 80/20 because it is to reduce the risk that the new position may not be a good position. Which is to reduce income risks",5.0
149,Q4,"Hamtube is a video watch online. That allows users to upload, share and watch video Hamtaro as the Hamtube marketing team leader and he wants to know that the transfer of advertising will increase sales. (Users click more advertisements) or not, so he decided to conduct an experiment. A/B Testing. Hamtaro will have to choose the proportion of the user that see the old position advertisement to the user that seem to advertise a new position. By now, Ham Taro is hesitant between 50/50 proportions and 80/20 proportions. Explain the advantages and disadvantages of each type of proportion. And answered that which type would be more suitable for this problem","50/50 provides more Statistical Power, but there is more risks. If the trial and it fails 80/20, there is less Statistical Power, but less risks. Think that the goal of the experiment is to increase sales Therefore should not take sales at risk, so choose 80/20",3.0
150,Q3,"Hamtube is a video watch online. That allows users to upload, share and watch video Hamtaro as the Hamtube marketing team leader and he wants to know that the transfer of advertising will increase sales. (Users click more advertisements) or not. Therefore, he decided to conduct an experiment. A/B Testing. Hamtaro chose to use Binomial Distribution to replace the Distribution of A/B Testing. This time, you agree or disagree with hamsataro. Why?","Agree because of the trial of Ham Taro, the result is a user, click on the advertisement (successful) or not. Click (fail) is suitable for using Binomial Distribution.",5.0
151,Q1,"Hamtube is a video watch online. That allows users to upload, share and watch video Hamtaro as the Hamtube marketing team leader and he wants to know that the transfer of advertising will increase sales. (Users click more advertisements) or not, so he decided to conduct an experiment. A/B Testing. Explain the reason that Hamtaro should use A/B Testing to test or offer arguments if you do not agree. While explaining the reason",Should be done because he can easily collect data with the test,0.5
152,Q3,"Hamtube is a video watch online. That allows users to upload, share and watch video Hamtaro as the Hamtube marketing team leader and he wants to know that the transfer of advertising will increase sales. (Users click more advertisements) or not. Therefore, he decided to conduct an experiment. A/B Testing. Hamtaro chose to use Binomial Distribution to replace the Distribution of A/B Testing. This time, you agree or disagree with hamsataro. Why?","Agree, because the user proportions have been set to see advertisements in the old position (A) and new positions (B) and what we want to find is The number of clicks/number of times the advertisement of each user, so we should use binomial.",5.0
153,Q2,"Hamtube is a video watch online. That allows users to upload, share and watch video Hamtaro as the Hamtube marketing team leader and he wants to know that the transfer of advertising will increase sales. (Users click more) or not. Therefore, he decided to conduct an experiment. A/B Testing. Granularity should be and how much the length of Attribution Period should be. Explain the reason","Granularity should be the number of Unique User ID that pressed to watch the video. Because one person may watch the video repeatedly
Metric should be (#number click of advertising)/(#unique userid)
Attribution Period should be 1 day because I think the audience is usually watching the video. Probably takes 1 day",5.0
154,Q1,"Hamtube is a video watch online. That allows users to upload, share and watch video Hamtaro as the Hamtube marketing team leader and he wants to know that the transfer of advertising will increase sales. (Users click more advertisements) or not, so he decided to conduct an experiment. A/B Testing. Explain the reason that Hamtaro should use A/B Testing to test or offer arguments if you do not agree. While explaining the reason","Should be used because the use of A/B Testing is a comparison of collaboration during advertising in a new and original position. To see if this position changes will affect the behavior of users Ham Taro should use A/B Testing because A/B Testing helps to have a basic basis and stable evidence. Due to the comparison between the experimental group and the control groups will clearly see the results of the advertising position change. And in addition, this experiment will allow us to see results before using the changes to every user, which helps reduce business risks.",4.5
155,Q3,"Hamtube is a video watch online. That allows users to upload, share and watch video Hamtaro as the Hamtube marketing team leader and he wants to know that the transfer of advertising will increase sales. (Users click more advertisements) or not. Therefore, he decided to conduct an experiment. A/B Testing. Hamtaro chose to use Binomial Distribution to replace the Distribution of A/B Testing. This time, you agree or disagree with hamsataro. Why?","Agree because clicking or not clicking advertisements is considered a Bernoulli distribution. Therefore, clicking or not clicking the audience is that many Bernoulli are binomial distribution.",5.0
156,Q4,"Hamtube is a video watch online. That allows users to upload, share and watch video Hamtaro as the Hamtube marketing team leader and he wants to know that the transfer of advertising will increase sales. (Users click more advertisements) or not, so he decided to conduct an experiment. A/B Testing. Hamtaro will have to choose the proportion of the user that see the old position advertisement to the user that seem to advertise a new position. By now, Ham Taro is hesitant between 50/50 proportions and 80/20 proportions. Explain the advantages and disadvantages of each type of proportion. And answered that which type would be more suitable for this problem","I would like to assume that Hamtube is a new business, not enough power to create a new feature to release that much. Therefore, I think choosing 80/20 is more suitable due to low business risk. If this advertising move, the advertising amount is much lower. It will not have a lot of negative effects on Hamtube. In exchange for a long time to collect data from 20% side, but Hamtube is in a rhythm that does not have any other features. Therefore, for a long time, it is not a problem. The use of 50/50 has the advantage of time. Get a lot of information faster than 80/20, but in exchange for higher risk.",5.0
157,Q1,"Hamtube is a video watch online. That allows users to upload, share and watch video Hamtaro as the Hamtube marketing team leader and he wants to know that the transfer of advertising will increase sales. (Users click more advertisements) or not, so he decided to conduct an experiment. A/B Testing. Explain the reason that Hamtaro should use A/B Testing to test or offer arguments if you do not agree. While explaining the reason","1. A/B experiment helps to control other variables. That may affect the results By comparing the Treatment Group with a group that has not been changed (Control Group)
2. A/b testing provides reliable information because it is a test in the real environment where users work or interact with products or services.",4.0
158,Q2,"Hamtube is a video watch online. That allows users to upload, share and watch video Hamtaro as the Hamtube marketing team leader and he wants to know that the transfer of advertising will increase sales. (Users click more) or not. Therefore, he decided to conduct an experiment. A/B Testing. Granularity should be and how much the length of Attribution Period should be. Explain the reason","Granularity: User IDS/Reach 
Attribution Period: 30 days
Because it will be able to analyze each User behavior in detail Will also help increase understanding of the user
And choosing Attribution Period = 30 days because it has time to see the changing behavior of the user during that time.",5.0
159,Q1,"Hamtube is a video watch online. That allows users to upload, share and watch video Hamtaro as the Hamtube marketing team leader and he wants to know that the transfer of advertising will increase sales. (Users click more advertisements) or not, so he decided to conduct an experiment. A/B Testing. Explain the reason that Hamtaro should use A/B Testing to test or offer arguments if you do not agree. While explaining the reason","Because what Hamtaro wants to do is Moving advertising positions from A to B to test which positions are more users clicking advertisements. Therefore, A/B Testing, which is designed to be used in 2 Scenarios tests to see which type is better, so it is very appropriate.",1.0
160,Q2,"Hamtube is a video watch online. That allows users to upload, share and watch video Hamtaro as the Hamtube marketing team leader and he wants to know that the transfer of advertising will increase sales. (Users click more) or not. Therefore, he decided to conduct an experiment. A/B Testing. Granularity should be and how much the length of Attribution Period should be. Explain the reason","Granularity is a ratio Between Number of People Click on Ads / Number of People Seen ADS.
Attribution Period for 7 days, because in the case of using the original ADS, the same person will remember and not press the same Ads for about 1 week or within the week.",5.0
161,Q4,"Hamtube is a video watch online. That allows users to upload, share and watch video Hamtaro as the Hamtube marketing team leader and he wants to know that the transfer of advertising will increase sales. (Users click more advertisements) or not, so he decided to conduct an experiment. A/B Testing. Hamtaro will have to choose the proportion of the user that see the old position advertisement to the user that seem to advertise a new position. By now, Ham Taro is hesitant between 50/50 proportions and 80/20 proportions. Explain the advantages and disadvantages of each type of proportion. And answered that which type would be more suitable for this problem","50/50
strength
- Get results faster
- Helps to reduce biases that may occur from not controlled variables.
weakness
- There is a higher risk.

80/20
strength
- Providing more significant information, allowing the results to be effective
- There is a lower risk.
weakness
- Take more time to gather information from that test group Resulting in slower results

Should choose 50/50
Because of moving advertising positions Business risks are not likely to be a factor that should be worried. Faster results are more important.",5.0
162,Q3,"Hamtube is a video watch online. That allows users to upload, share and watch video Hamtaro as the Hamtube marketing team leader and he wants to know that the transfer of advertising will increase sales. (Users click more advertisements) or not. Therefore, he decided to conduct an experiment. A/B Testing. Hamtaro chose to use Binomial Distribution to replace the Distribution of A/B Testing. This time, you agree or disagree with hamsataro. Why?","Using Binomial Distribution in the A/B Testing of Hamtaro is an appropriate decision. Because the main reason is the test involves the ""Click"" or ""not click"", which matches the qualifications of Binomial Distribution that deal with these two types of events.",5.0
163,Q3,"Hamtube is a video watch online. That allows users to upload, share and watch video Hamtaro as the Hamtube marketing team leader and he wants to know that the transfer of advertising will increase sales. (Users click more advertisements) or not. Therefore, he decided to conduct an experiment. A/B Testing. Hamtaro chose to use Binomial Distribution to replace the Distribution of A/B Testing. This time, you agree or disagree with hamsataro. Why?","Agree, because A/B Testing has a similar characteristics to scientific experiments that are in accordance with the general style.",2.0
164,Q4,"Hamtube is a video watch online. That allows users to upload, share and watch video Hamtaro as the Hamtube marketing team leader and he wants to know that the transfer of advertising will increase sales. (Users click more advertisements) or not, so he decided to conduct an experiment. A/B Testing. Hamtaro will have to choose the proportion of the user that see the old position advertisement to the user that seem to advertise a new position. By now, Ham Taro is hesitant between 50/50 proportions and 80/20 proportions. Explain the advantages and disadvantages of each type of proportion. And answered that which type would be more suitable for this problem","Proportion 50/50:
Advantages: The selection of 50/50 proportions makes the experiment in a neutral condition during the old and new advertising, allowing to analyze the impact thoroughly. Users do not take a long time to see new and old advertisements.
Disadvantages: The neutral experiment may not be able to observe the impact of advertising in various positions.
Proportion 80/20:
Advantages: There is a low risk in the experiment.
Disadvantages: It takes longer than people will see the advertisement at the new position.
Think that the proportion of 50/50, in the first step to test the overall impact of new and old advertising performances And then can adjust the proportion in the experiment as the results from the initial experiment",5.0
165,Q3,"Hamtube is a video watch online. That allows users to upload, share and watch video Hamtaro as the Hamtube marketing team leader and he wants to know that the transfer of advertising will increase sales. (Users click more advertisements) or not. Therefore, he decided to conduct an experiment. A/B Testing. Hamtaro chose to use Binomial Distribution to replace the Distribution of A/B Testing. This time, you agree or disagree with hamsataro. Why?","Because in our test, check just whether the user clicks the advertisement or not (only 2 types: click and not click). Using Binomial Distribution is appropriate.",5.0
166,Q4,"Hamtube is a video watch online. That allows users to upload, share and watch video Hamtaro as the Hamtube marketing team leader and he wants to know that the transfer of advertising will increase sales. (Users click more advertisements) or not, so he decided to conduct an experiment. A/B Testing. Hamtaro will have to choose the proportion of the user that see the old position advertisement to the user that seem to advertise a new position. By now, Ham Taro is hesitant between 50/50 proportions and 80/20 proportions. Explain the advantages and disadvantages of each type of proportion. And answered that which type would be more suitable for this problem","Proportion 50/50:

Advantages: Fast results, balance balance.
Disadvantages: High risk if the new position is not effective.
Proportion 80/20:

Advantages: Reduce risks, better control of the situation.
Disadvantages: Collecting slow data, high variations.
The selection depends on the acceptable risk and the urgency of results. If accepting risks and needs fast results, use 50/50. If you want to reduce the risk, use 80/20.

For the problem of Ham Taro in the experiment of A/B Testing for a new advertising position on Hamtube, the 50/50 proportion should be more appropriate because:

Quick evaluation: Providing sufficient and fast information To assess the results of change.
Balance: Provide equal opportunities for both positions. Helps to compare fairly.
Reliability: The result of this proportion is highly reliable. Because each position has been tested equally.
The selection of this proportion will help Ham Taro get accurate and comprehensive information to make better decisions.",5.0
167,Q3,"Hamtube is a video watch online. That allows users to upload, share and watch video Hamtaro as the Hamtube marketing team leader and he wants to know that the transfer of advertising will increase sales. (Users click more advertisements) or not. Therefore, he decided to conduct an experiment. A/B Testing. Hamtaro chose to use Binomial Distribution to replace the Distribution of A/B Testing. This time, you agree or disagree with hamsataro. Why?","Disagreed the reason is
Avoiding complexity: If the test has a complex condition and there are many variables that affect the more complex Distribution results, it may need to manage and calculate more complex.

The limitation of the P-VALUE: Using Binomial Distribution may have restrictions on the precision P-Value. Due to the limitations of samples and tests with large groups.

Using Normal Approximation: In the case of A/B Testing, which is large enough, using Normal Approximation Able to provide enough results to be used in calculating P-Value",1.0
168,Q3,"Hamtube is a video watch online. That allows users to upload, share and watch video Hamtaro as the Hamtube marketing team leader and he wants to know that the transfer of advertising will increase sales. (Users click more advertisements) or not. Therefore, he decided to conduct an experiment. A/B Testing. Hamtaro chose to use Binomial Distribution to replace the Distribution of A/B Testing. This time, you agree or disagree with hamsataro. Why?","Agree because the user's option is binary, which is Click and No CLICK.",5.0
169,Q2,"Hamtube is a video watch online. That allows users to upload, share and watch video Hamtaro as the Hamtube marketing team leader and he wants to know that the transfer of advertising will increase sales. (Users click more) or not. Therefore, he decided to conduct an experiment. A/B Testing. Granularity should be and how much the length of Attribution Period should be. Explain the reason","Granularity should be #Ads Clicking Event #Cookies because of clicking on the original position. With moving positions The learning of the user is also related. But once found, the user knows that there are advertisements here. Which affects the next pressing that chose to use Cookies because it will cover all the users, both login and not login and consider that the advertising position In each device, the user must find a new position. Therefore should not count from Device IDs 
Attribution Period should be 2 weeks, which will have time for the user to be familiar with the advertising position.",5.0
170,Q4,"Hamtube is a video watch online. That allows users to upload, share and watch video Hamtaro as the Hamtube marketing team leader and he wants to know that the transfer of advertising will increase sales. (Users click more advertisements) or not, so he decided to conduct an experiment. A/B Testing. Hamtaro will have to choose the proportion of the user that see the old position advertisement to the user that seem to advertise a new position. By now, Ham Taro is hesitant between 50/50 proportions and 80/20 proportions. Explain the advantages and disadvantages of each type of proportion. And answered that which type would be more suitable for this problem","50/50 Advantages - takes less time testing Because the sample group can be collected in each experiment at the same rate. Disadvantages - There is a risk of business damage more than if the method of moving advertising positions are not good.
80/20 advantages - there are less risks to damage business if the method of moving advertising positions is not good. Disadvantages - takes more time to test. Due to the sample group in the experiment to move advertising positions at a small ratio 
Recommend Ham Taro to use 80/20 to prevent too much risk (assuming Hamtube is a large platform)",5.0
171,Q3,"Hamtube is a video watch online. That allows users to upload, share and watch video Hamtaro as the Hamtube marketing team leader and he wants to know that the transfer of advertising will increase sales. (Users click more advertisements) or not. Therefore, he decided to conduct an experiment. A/B Testing. Hamtaro chose to use Binomial Distribution to replace the Distribution of A/B Testing. This time, you agree or disagree with hamsataro. Why?","Agree, because in this experiment, we are interested in the results divided into 2 parts: success and failure. And the variables in this experiment are the average rate of advertising from Bernouli N times and find average, which is Binomial Distribution N.",5.0
172,Q2,"Hamtube is a video watch online. That allows users to upload, share and watch video Hamtaro as the Hamtube marketing team leader and he wants to know that the transfer of advertising will increase sales. (Users click more) or not. Therefore, he decided to conduct an experiment. A/B Testing. Granularity should be and how much the length of Attribution Period should be. Explain the reason","Granularity: The number of times the user clicks the advertisement, if clicking the original advertisement, will not count the number of additional times.
Attribution Period: 1 hour, because it is probably the time that most people use to watch hamtube.",3.5
173,Q4,"Hamtube is a video watch online. That allows users to upload, share and watch video Hamtaro as the Hamtube marketing team leader and he wants to know that the transfer of advertising will increase sales. (Users click more advertisements) or not, so he decided to conduct an experiment. A/B Testing. Hamtaro will have to choose the proportion of the user that see the old position advertisement to the user that seem to advertise a new position. By now, Ham Taro is hesitant between 50/50 proportions and 80/20 proportions. Explain the advantages and disadvantages of each type of proportion. And answered that which type would be more suitable for this problem","50/50 with high risk Because we have a B -form (new advertising positioning) up to 50%. But the advantage is Keep data quickly, and 80/20 will be the opposite. There are advantages. If the B -form is bad, it will not cause the original sales that have fallen much. But there is a disadvantage that we can collect data slowly For such problems I think using 50/50 will be more appropriate. With faster information And moving the position of the advertisement does not have a lot of negative effects on the business.",5.0
174,Q4,"Hamtube is a video watch online. That allows users to upload, share and watch video Hamtaro as the Hamtube marketing team leader and he wants to know that the transfer of advertising will increase sales. (Users click more advertisements) or not, so he decided to conduct an experiment. A/B Testing. Hamtaro will have to choose the proportion of the user that see the old position advertisement to the user that seem to advertise a new position. By now, Ham Taro is hesitant between 50/50 proportions and 80/20 proportions. Explain the advantages and disadvantages of each type of proportion. And answered that which type would be more suitable for this problem","50/50 
Advantages: There will be more balance and time testing faster and displayed well when compared to 80/20 because of the same amount.
Disadvantages: It may have a lot of effects if the new form has a problem. And may affect the balance of the advertisement 
80/20
Advantages: There is a risk that is lower than 50/50 if the new form is wrong or bad.
Disadvantages: Information that is not as good as 50/50 and takes a long time to collect data.
Think that the 80/20 proportion should be enough This experiment is not in a hurry in the experiment and summary of the base.",5.0
175,Q4,"Hamtube is a video watch online. That allows users to upload, share and watch video Hamtaro as the Hamtube marketing team leader and he wants to know that the transfer of advertising will increase sales. (Users click more advertisements) or not, so he decided to conduct an experiment. A/B Testing. Hamtaro will have to choose the proportion of the user that see the old position advertisement to the user that seem to advertise a new position. By now, Ham Taro is hesitant between 50/50 proportions and 80/20 proportions. Explain the advantages and disadvantages of each type of proportion. And answered that which type would be more suitable for this problem","50/50
The advantage is that it can have the same size data set, resulting in the information that sufficient on the decision faster than 80/20.
The disadvantage is that if there is a high disadvantage Will cause more than 80/20 effects

80/20
The advantage is safe. Low risk if there is a very bad impact Causing only 20% impact on
The disadvantage is that it will take a sufficient data set may take more than 50/50.",4.0
176,Q4,"Hamtube is a video watch online. That allows users to upload, share and watch video Hamtaro as the Hamtube marketing team leader and he wants to know that the transfer of advertising will increase sales. (Users click more advertisements) or not, so he decided to conduct an experiment. A/B Testing. Hamtaro will have to choose the proportion of the user that see the old position advertisement to the user that seem to advertise a new position. By now, Ham Taro is hesitant between 50/50 proportions and 80/20 proportions. Explain the advantages and disadvantages of each type of proportion. And answered that which type would be more suitable for this problem","Proportion 50/50
strength:
Balance: Equal user allocation To the two groups, allowing balanced and comparable information
The speed of results: By allocating users equally, getting enough information faster Which helps to analyze and make decisions faster
weakness:
Risk of great impact: If the change has a negative impact, it will affect the number of users.


Proportion 80/20
strength:
Less risks: A lot of users allocation to control groups (Old position) Reduce the risk if the change has negative effects.
Testing with less impact: can test new concepts Without affecting the experience of most users
weakness:
Slow in data collection: less user allocation to the experimental group (New position) makes it take longer to gather significant information.
Data may not be enough: may not get enough information to create reliable analysis.
80/20 to reduce the risk that may occur to Hamtube. In the event that something goes wrong, will get less damage.",5.0
177,Q4,"Hamtube is a video watch online. That allows users to upload, share and watch video Hamtaro as the Hamtube marketing team leader and he wants to know that the transfer of advertising will increase sales. (Users click more advertisements) or not, so he decided to conduct an experiment. A/B Testing. Hamtaro will have to choose the proportion of the user that see the old position advertisement to the user that seem to advertise a new position. By now, Ham Taro is hesitant between 50/50 proportions and 80/20 proportions. Explain the advantages and disadvantages of each type of proportion. And answered that which type would be more suitable for this problem","50/50 The advantage is that the market team has tried a new advertisement in a group of users with the same size as the control group that saw the original advertisement. Making the experiments reliable and instantly The disadvantage is that it may be slow, due to the proportion of the user that saw only 50% advertisements. The advantage is that most of the User still see the same advertisement that reduces the risk that the user does not like new advertisements. And if the response of 20% of the user that saw a new advertisement, it was able to extend the sales. The disadvantage is that the measurement will be biased because there are still most users that still see the same advertisements.

The 80/20 proportion is a good choice. Because there is little risk to lose users And reduce the risk in many ways",4.0
178,Q1,"Hamtube is a video watch online. That allows users to upload, share and watch video Hamtaro as the Hamtube marketing team leader and he wants to know that the transfer of advertising will increase sales. (Users click more advertisements) or not, so he decided to conduct an experiment. A/B Testing. Explain the reason that Hamtaro should use A/B Testing to test or offer arguments if you do not agree. While explaining the reason","Using A/B Testing to test the transfer of advertisements on Hamtube is a good way to measure and check if this change can affect the sales or use of users or not. A/B Testing will allow hamto to measure the main effects of the KPIS, such as sales, clicks, or use of platforms. In addition, the movement of the advertisement may have different effects on the theories that are in the hypothesis of Hamtaro. Ham Taro can test this theory via A/B Testing to see if it is true. And the results of the A/B Testing tests allow Hamtaro to customize and improve their market strategy as needed. If the position is moved, the results are good, it can be used to develop the marketing plan further.",3.0
179,Q3,"Hamtube is a video watch online. That allows users to upload, share and watch video Hamtaro as the Hamtube marketing team leader and he wants to know that the transfer of advertising will increase sales. (Users click more advertisements) or not. Therefore, he decided to conduct an experiment. A/B Testing. Hamtaro chose to use Binomial Distribution to replace the Distribution of A/B Testing. This time, you agree or disagree with hamsataro. Why?",Agree because each user sees each advertisement and clicking up each time Is Bernoulli Distribution,5.0
180,Q1,"Hamtube is a video watch online. That allows users to upload, share and watch video Hamtaro as the Hamtube marketing team leader and he wants to know that the transfer of advertising will increase sales. (Users click more advertisements) or not, so he decided to conduct an experiment. A/B Testing. Explain the reason that Hamtaro should use A/B Testing to test or offer arguments if you do not agree. While explaining the reason","Should use A/B Testing because it helps to make decisions from the results between the group that see the advertisement in the same position (group A) and those who see advertisements in a new position (Group B) allows you to see the change. It also has the ability to control the disturbance and other variables. That may affect the results By allocating users By random each group It can be confident that the results will be the result of the advertising position only clearly and precisely. The results of the A/B test can be used to develop and improve the platform continuously if there is a change. But if this method does not work, it can be tried to use new ways.",5.0
181,Q1,"Hamtube is a video watch online. That allows users to upload, share and watch video Hamtaro as the Hamtube marketing team leader and he wants to know that the transfer of advertising will increase sales. (Users click more advertisements) or not, so he decided to conduct an experiment. A/B Testing. Explain the reason that Hamtaro should use A/B Testing to test or offer arguments if you do not agree. While explaining the reason","Ham Taro should use A/B Testing for testing, as the transfer of advertisements in Hamtube can measure which position is better or in which positions will the users click more advertisements? Which can be related to increasing sales From the comparison between various positions through the same Relevant Factors/Metrics, which will compare the differences of sales from advertising positions.",0.0
182,Q4,"Hamtube is a video watch online. That allows users to upload, share and watch video Hamtaro as the Hamtube marketing team leader and he wants to know that the transfer of advertising will increase sales. (Users click more advertisements) or not, so he decided to conduct an experiment. A/B Testing. Hamtaro will have to choose the proportion of the user that see the old position advertisement to the user that seem to advertise a new position. By now, Ham Taro is hesitant between 50/50 proportions and 80/20 proportions. Explain the advantages and disadvantages of each type of proportion. And answered that which type would be more suitable for this problem","Should choose the ratio of 50/50 to be able to test the change as much as possible without a lot of statistical mistakes. Because it will have more effective information But the disadvantage is that the use of a 50/50 ratio may increase the additional advertising costs while the results are not clear in the first step of the test. Because the new advertisement may not affect the sales as good as the original advertisement in some cases But if the test shows that the new advertisement is better than 50/50, it will help Hamtaro get effective information to make further change.",3.0
183,Q3,"Hamtube is a video watch online. That allows users to upload, share and watch video Hamtaro as the Hamtube marketing team leader and he wants to know that the transfer of advertising will increase sales. (Users click more advertisements) or not. Therefore, he decided to conduct an experiment. A/B Testing. Hamtaro chose to use Binomial Distribution to replace the Distribution of A/B Testing. This time, you agree or disagree with hamsataro. Why?","Suitable because it is a measure that The user will press or not, press advertisements. In which the user sees many advertisements As well as the Discrete value is an appropriate and easy -to -test for the A/B test.",5.0
184,Q1,"Hamtube is a video watch online. That allows users to upload, share and watch video Hamtaro as the Hamtube marketing team leader and he wants to know that the transfer of advertising will increase sales. (Users click more advertisements) or not, so he decided to conduct an experiment. A/B Testing. Explain the reason that Hamtaro should use A/B Testing to test or offer arguments if you do not agree. While explaining the reason","A/B Testing allows Ham Taro to measure marketing effectively as possible. In which, it is the measurement of advertising positions that are the point of interest. That will help him know that this change affects click, sharing, or sales or not. A/B Testing can divide the target group equally and compare statistical.",4.5
185,Q2,"Hamtube is a video watch online. That allows users to upload, share and watch video Hamtaro as the Hamtube marketing team leader and he wants to know that the transfer of advertising will increase sales. (Users click more) or not. Therefore, he decided to conduct an experiment. A/B Testing. Granularity should be and how much the length of Attribution Period should be. Explain the reason","Granularity
1. User Segments: IF Hamtaro Wan Understand How Different User Segment Respond to the Changed Ad Positions, Granularity Shoullar Behavior.

2. Page-Level vs. Site-Wide: Depenting on the Goals, Hamtaro May Choose to Test the Ad Position Changes on Specific Pages or Site-Wide. Granularity in this context will decring wheter to focus on a particular section of the Platform or Apply Changes Universally.

3 Type.

The Attribution Period Should Be Short -term BECASE
1. Impediate Impact Expection: IF Hamtube Expects the Changes in Ad Placement to Have an impact on User Behavior (E.G., InCreased Ad Clicks), A Short -term Attribution Period May Be Be Be Be Be Be Su

2. Transactional Platforms: For Platforms Where Interactions and Decisions Happy Quickly, Such As E-Commerce Websters or News Platforms, A Short -term Attribution Period Mare.

3. Resource and Time Constraments: if the are resource or time condus, conducting a short-term test allows for quicker results and decision-Making.",0.0
186,Q1,"Hamtube is a video watch online. That allows users to upload, share and watch video Hamtaro as the Hamtube marketing team leader and he wants to know that the transfer of advertising will increase sales. (Users click more advertisements) or not, so he decided to conduct an experiment. A/B Testing. Explain the reason that Hamtaro should use A/B Testing to test or offer arguments if you do not agree. While explaining the reason","The use of A/B Testing is important. Choose not A, B is 2 options. Should be used because it is a test whether the advertising position will affect sales or not.",1.0
187,Q1,"Hamtube is a video watch online. That allows users to upload, share and watch video Hamtaro as the Hamtube marketing team leader and he wants to know that the transfer of advertising will increase sales. (Users click more advertisements) or not, so he decided to conduct an experiment. A/B Testing. Explain the reason that Hamtaro should use A/B Testing to test or offer arguments if you do not agree. While explaining the reason","Ham Taro should use A/B Testing because A/B testing allows Hamtaro to clearly test the impact of advertising positions. By comparing the group that saw advertisements in the old position (Control group) and groups that see advertisements in new positions (experimental groups)

This experiment will reduce the results of other variables. That may affect the click on advertising, such as user behavior Or the type of content as well",3.0
188,Q2,"Hamtube is a video watch online. That allows users to upload, share and watch video Hamtaro as the Hamtube marketing team leader and he wants to know that the transfer of advertising will increase sales. (Users click more) or not. Therefore, he decided to conduct an experiment. A/B Testing. Granularity should be and how much the length of Attribution Period should be. Explain the reason","Granularity is #Checkout Events/ #Hits to see that after changing the address of ADS, it makes more people see. Choose to buy more?
Attribution Period should take 2 weeks because in the first week, people may not be familiar. But the second week, more people are more familiar Resulting in more stable values",0.0
189,Q2,"Hamtube is a video watch online. That allows users to upload, share and watch video Hamtaro as the Hamtube marketing team leader and he wants to know that the transfer of advertising will increase sales. (Users click more) or not. Therefore, he decided to conduct an experiment. A/B Testing. Granularity should be and how much the length of Attribution Period should be. Explain the reason",Granularity should be a Reach because they want to know the number of people or groups that have the opportunity to see advertisements or access the content and length. Attribution Period should be One Day Attribute Period because to test the advertising position. Will help to see advertising results and response of users quickly But may not cover the actions that occur in a long time,0.0
190,Q1,"Hamtube is a video watch online. That allows users to upload, share and watch video Hamtaro as the Hamtube marketing team leader and he wants to know that the transfer of advertising will increase sales. (Users click more advertisements) or not, so he decided to conduct an experiment. A/B Testing. Explain the reason that Hamtaro should use A/B Testing to test or offer arguments if you do not agree. While explaining the reason","The A/B Testing of Hamtaro is reasonable because
1. Making A/B Testing gives us evidence to make decisions. In the comparison between the group that saw the advertisement in the same position (Group A) and the group that saw the advertisement in the new position (Group B) to conclude how the change of the advertisement affects the advertising click.

2. A/b testing allows us to measure precisely. Due to the fact that we divide the experimental group into 2 groups, we can clearly see the changes or differences of each group.

3. A/b testing helps reduce risks by experimenting before doing anything that will affect the widely affecting the experience of users or the income of the platform.

4. A/b testing can reduce disturbing factors. In which we control other variables And change only one variable Makes it possible to measure the results Without other factors",5.0
191,Q3,"Hamtube is a video watch online. That allows users to upload, share and watch video Hamtaro as the Hamtube marketing team leader and he wants to know that the transfer of advertising will increase sales. (Users click more advertisements) or not. Therefore, he decided to conduct an experiment. A/B Testing. Hamtaro chose to use Binomial Distribution to replace the Distribution of A/B Testing. This time, you agree or disagree with hamsataro. Why?",Agree because the data is binary (click or not click) at the Independent (users who click not related to users who do not click),5.0
192,Q4,"Hamtube is a video watch online. That allows users to upload, share and watch video Hamtaro as the Hamtube marketing team leader and he wants to know that the transfer of advertising will increase sales. (Users click more advertisements) or not, so he decided to conduct an experiment. A/B Testing. Hamtaro will have to choose the proportion of the user that see the old position advertisement to the user that seem to advertise a new position. By now, Ham Taro is hesitant between 50/50 proportions and 80/20 proportions. Explain the advantages and disadvantages of each type of proportion. And answered that which type would be more suitable for this problem","50/50 makes the experiment equally between the A group (see the old position) and the group B (see the new position), which helps reduce the effects of other variables that may affect the experiment.
80/20 providing more proportions in a new position helps to increase the opportunity to experiment whether the new position has a good result or not.
If you want to test equally and still do not know the expected results of 50/50, it may be appropriate, but if there is a clear hypothesis and want to increase the opportunity to test certain results, 80/20 may be an alternative.",1.0
193,Q4,"Hamtube is a video watch online. That allows users to upload, share and watch video Hamtaro as the Hamtube marketing team leader and he wants to know that the transfer of advertising will increase sales. (Users click more advertisements) or not, so he decided to conduct an experiment. A/B Testing. Hamtaro will have to choose the proportion of the user that see the old position advertisement to the user that seem to advertise a new position. By now, Ham Taro is hesitant between 50/50 proportions and 80/20 proportions. Explain the advantages and disadvantages of each type of proportion. And answered that which type would be more suitable for this problem","50/50 will allow the sample to be collected faster But more risky than the 80/20 can be collected later But less risky
Think that 80/20 will be more appropriate because seeing an ADS that has changed, the user may be very annoying Resulting in a large number of customers And losing a lot of income from seeing ADS",5.0
194,Q4,"Hamtube is a video watch online. That allows users to upload, share and watch video Hamtaro as the Hamtube marketing team leader and he wants to know that the transfer of advertising will increase sales. (Users click more advertisements) or not, so he decided to conduct an experiment. A/B Testing. Hamtaro will have to choose the proportion of the user that see the old position advertisement to the user that seem to advertise a new position. By now, Ham Taro is hesitant between 50/50 proportions and 80/20 proportions. Explain the advantages and disadvantages of each type of proportion. And answered that which type would be more suitable for this problem","The 50/50 proportion will take a short time. But more risky On the other hand, 80/20 will take longer. But the risk is less Therefore, if Ham Taro has enough time (Which should have) Ham Taro should choose the proportion of 80/20",5.0
195,Q1,"Hamtube is a video watch online. That allows users to upload, share and watch video Hamtaro as the Hamtube marketing team leader and he wants to know that the transfer of advertising will increase sales. (Users click more advertisements) or not, so he decided to conduct an experiment. A/B Testing. Explain the reason that Hamtaro should use A/B Testing to test or offer arguments if you do not agree. While explaining the reason","Should use A/B Testing because in the test of the advertising position There is uncertainty whether the audience will choose to click or not, so there are randomness involved.",1.0
196,Q3,"Hamtube is a video watch online. That allows users to upload, share and watch video Hamtaro as the Hamtube marketing team leader and he wants to know that the transfer of advertising will increase sales. (Users click more advertisements) or not. Therefore, he decided to conduct an experiment. A/B Testing. Hamtaro chose to use Binomial Distribution to replace the Distribution of A/B Testing. This time, you agree or disagree with hamsataro. Why?","Agree, because A/B Testing has a test that has a binary outcome. Press or not. Press by counting the number of events. In every experimental group. Binomial Distribution is suitable for the possible number of times in this experiment.",5.0
197,Q2,"Hamtube is a video watch online. That allows users to upload, share and watch video Hamtaro as the Hamtube marketing team leader and he wants to know that the transfer of advertising will increase sales. (Users click more) or not. Therefore, he decided to conduct an experiment. A/B Testing. Granularity should be and how much the length of Attribution Period should be. Explain the reason","AD CLICKING EVENSTS / # Sessions because you want to see if the advertising rate is higher or not. Attribution Period length should be within that session, as they only want to measure whether the user clicks the advertisement or not to see 1 session.",4.75
198,Q3,"Hamtube is a video watch online. That allows users to upload, share and watch video Hamtaro as the Hamtube marketing team leader and he wants to know that the transfer of advertising will increase sales. (Users click more advertisements) or not. Therefore, he decided to conduct an experiment. A/B Testing. Hamtaro chose to use Binomial Distribution to replace the Distribution of A/B Testing. This time, you agree or disagree with hamsataro. Why?","Agree, because each time the user encounters an advertisement, the click will be Bernoulli and when combined, it becomes binomial.",5.0
199,Q3,"Hamtube is a video watch online. That allows users to upload, share and watch video Hamtaro as the Hamtube marketing team leader and he wants to know that the transfer of advertising will increase sales. (Users click more advertisements) or not. Therefore, he decided to conduct an experiment. A/B Testing. Hamtaro chose to use Binomial Distribution to replace the Distribution of A/B Testing. This time, you agree or disagree with hamsataro. Why?","Binomial Distribution is suitable for the A/B Testing trials because it contains only two results. (Click or not click) and clicking or not. Click the advertisement of one user will not affect other users, making it easy to manage data in the event that there is a large trial.",5.0
200,Q3,"Hamtube is a video watch online. That allows users to upload, share and watch video Hamtaro as the Hamtube marketing team leader and he wants to know that the transfer of advertising will increase sales. (Users click more advertisements) or not. Therefore, he decided to conduct an experiment. A/B Testing. Hamtaro chose to use Binomial Distribution to replace the Distribution of A/B Testing. This time, you agree or disagree with hamsataro. Why?",Agree because of using binomial Distribution will allow us to enumerate the selection of many User and only 2 choice is to press or not.,5.0
201,Q4,"Hamtube is a video watch online. That allows users to upload, share and watch video Hamtaro as the Hamtube marketing team leader and he wants to know that the transfer of advertising will increase sales. (Users click more advertisements) or not, so he decided to conduct an experiment. A/B Testing. Hamtaro will have to choose the proportion of the user that see the old position advertisement to the user that seem to advertise a new position. By now, Ham Taro is hesitant between 50/50 proportions and 80/20 proportions. Explain the advantages and disadvantages of each type of proportion. And answered that which type would be more suitable for this problem","The use of 50/50 proportions will make the A/B Testing data data faster than the use of 80/20 proportions. The use of 50/50 proportions will be more risky because more than 50% of users have to use features from B Test that may not have passed the thorough examination because it is still in the trial period only. Which may be able to cause some problems or create dissatisfaction with users Therefore, the selection of 80/20 proportions that, despite the slowdown, the testing data is slow, but does not have to accept the risk as much as choosing a 50/50 proportion, so it should be more appropriate.",5.0
202,Q4,"Hamtube is a video watch online. That allows users to upload, share and watch video Hamtaro as the Hamtube marketing team leader and he wants to know that the transfer of advertising will increase sales. (Users click more advertisements) or not, so he decided to conduct an experiment. A/B Testing. Hamtaro will have to choose the proportion of the user that see the old position advertisement to the user that seem to advertise a new position. By now, Ham Taro is hesitant between 50/50 proportions and 80/20 proportions. Explain the advantages and disadvantages of each type of proportion. And answered that which type would be more suitable for this problem","50/50 The advantage is that the results are faster. The disadvantage is a higher business risk.
80/20 The disadvantage is that the results are slower. The advantage is that business risks are lower.",4.0
203,Q4,"Hamtube is a video watch online. That allows users to upload, share and watch video Hamtaro as the Hamtube marketing team leader and he wants to know that the transfer of advertising will increase sales. (Users click more advertisements) or not, so he decided to conduct an experiment. A/B Testing. Hamtaro will have to choose the proportion of the user that see the old position advertisement to the user that seem to advertise a new position. By now, Ham Taro is hesitant between 50/50 proportions and 80/20 proportions. Explain the advantages and disadvantages of each type of proportion. And answered that which type would be more suitable for this problem","Proportion 50/50
- Advantages: It doesn't take long. Can collect all the information as needed
- Disadvantages: High risk That the new form may have a lot of negative effects on Hamtube
Proportion 80/20
- Advantages: There is a low risk, that is, if the new model may have a problem with Hamtube, it will be less.
- Disadvantages: It takes a long time to collect all the information as needed.

Choose 50/50 proportions because data can be collected faster. Also, if changing the position has a problem The solution to the original style should not be difficult.",5.0
204,Q1,"Hamtube is a video watch online. That allows users to upload, share and watch video Hamtaro as the Hamtube marketing team leader and he wants to know that the transfer of advertising will increase sales. (Users click more advertisements) or not, so he decided to conduct an experiment. A/B Testing. Explain the reason that Hamtaro should use A/B Testing to test or offer arguments if you do not agree. While explaining the reason","Agreed. By Splitting The User for Testing, Hamtaro Can Directly Compare The Results When Changing The Position of Advertisements. This A/B Testing Approach Allows for a Clear Evaluation of the Impact of the Ad Position on User Behavior.",1.0
205,Q4,"Hamtube is a video watch online. That allows users to upload, share and watch video Hamtaro as the Hamtube marketing team leader and he wants to know that the transfer of advertising will increase sales. (Users click more advertisements) or not, so he decided to conduct an experiment. A/B Testing. Hamtaro will have to choose the proportion of the user that see the old position advertisement to the user that seem to advertise a new position. By now, Ham Taro is hesitant between 50/50 proportions and 80/20 proportions. Explain the advantages and disadvantages of each type of proportion. And answered that which type would be more suitable for this problem","50/50 The advantage is that the results are very fast, collecting data. Customer disadvantages may not like to lose customers to lose sales.
80/20 The advantage is that the opportunity to lose customers lose sales less if customers do not like. Disadvantages may waste time collecting data for a long time.
I think you should choose 80/20 will be more safe for sales.",5.0
206,Q2,"Hamtube is a video watch online. That allows users to upload, share and watch video Hamtaro as the Hamtube marketing team leader and he wants to know that the transfer of advertising will increase sales. (Users click more) or not. Therefore, he decided to conduct an experiment. A/B Testing. Granularity should be and how much the length of Attribution Period should be. Explain the reason","The scrap is the number of clicks. (Because wanting to measure whether the number of clicks increases or not)
The part is the number of the main page (including the first app) (because every refresh The main page will postpone the top, resulting in advertisements)
The length should not be too long because the person who uses Hamtube does not have the purpose of watching advertisements. On average, Hamtube users will use an average of approximately 1 hour per day (speculating), so should keep every 1 hour.",5.0
207,Q2,"Hamtube is a video watch online. That allows users to upload, share and watch video Hamtaro as the Hamtube marketing team leader and he wants to know that the transfer of advertising will increase sales. (Users click more) or not. Therefore, he decided to conduct an experiment. A/B Testing. Granularity should be and how much the length of Attribution Period should be. Explain the reason","Number of clicks on video/number of video views Because the number of clicks is the value that needs to be measured and the view is the part to compare with people to watch all the video. (Same person, watch the same clip Click and open it as a new tab. When coming back to watch, do not think that the advertisement will be repeated)",3.0
208,Q1,"Hamtube is a video watch online. That allows users to upload, share and watch video Hamtaro as the Hamtube marketing team leader and he wants to know that the transfer of advertising will increase sales. (Users click more advertisements) or not, so he decided to conduct an experiment. A/B Testing. Explain the reason that Hamtaro should use A/B Testing to test or offer arguments if you do not agree. While explaining the reason","Agree, Controlling External Factors in A/B Testing is Crucial to Ensure The Validity of the Test Results. External Factors Can Induce Variability That Can Skew The Data, Leading to Incorrect Conclusions. For Hamtube, This Means Ensuring That Anyease in Ad Clicks After Moving Ad Positions is Actual Due to the Change in Ad Placement and Not External Influences.",3.0
209,Q3,"Hamtube is a video watch online. That allows users to upload, share and watch video Hamtaro as the Hamtube marketing team leader and he wants to know that the transfer of advertising will increase sales. (Users click more advertisements) or not. Therefore, he decided to conduct an experiment. A/B Testing. Hamtaro chose to use Binomial Distribution to replace the Distribution of A/B Testing. This time, you agree or disagree with hamsataro. Why?","The reason for not Using the Binomial Distribution in A/B Testing Lies in the Statistical Characteristics of A/B Testing, What Differ From The Scenario Where Binomial Distribution Might Be Such AS COUNTING THE NUBER of OCurren of OCurren of A specific Event in a preefined Number of Trials. A/B Testing, On The Other Hand, Involves Comparing Two Groups with Different Characteristics, and the Metrics often Revolve Around Continuous Variables, Making Normal Or T-Distribution",0.0
210,Q1,"Hamtube is a video watch online. That allows users to upload, share and watch video Hamtaro as the Hamtube marketing team leader and he wants to know that the transfer of advertising will increase sales. (Users click more advertisements) or not, so he decided to conduct an experiment. A/B Testing. Explain the reason that Hamtaro should use A/B Testing to test or offer arguments if you do not agree. While explaining the reason","Agree because it is a test between the new and original advertising positions, which have 2 forms, so it is suitable for A/B Testing.",1.0
211,Q3,"Hamtube is a video watch online. That allows users to upload, share and watch video Hamtaro as the Hamtube marketing team leader and he wants to know that the transfer of advertising will increase sales. (Users click more advertisements) or not. Therefore, he decided to conduct an experiment. A/B Testing. Hamtaro chose to use Binomial Distribution to replace the Distribution of A/B Testing. This time, you agree or disagree with hamsataro. Why?",Disagree because clicking advertisements can be pressed many times from one user. Should measure the number of clicks than before adjusting or not and is a Normal Distribution,2.0
212,Q2,"Hamtube is a video watch online. That allows users to upload, share and watch video Hamtaro as the Hamtube marketing team leader and he wants to know that the transfer of advertising will increase sales. (Users click more) or not. Therefore, he decided to conduct an experiment. A/B Testing. Granularity should be and how much the length of Attribution Period should be. Explain the reason","The number of ADS shows to the user. The Attribution Period length is used for 1 day to measure that after this ADS shows to the user, within 1 day, the user clicks on Ads or not.",0.0
213,Q4,"Hamtube is a video watch online. That allows users to upload, share and watch video Hamtaro as the Hamtube marketing team leader and he wants to know that the transfer of advertising will increase sales. (Users click more advertisements) or not, so he decided to conduct an experiment. A/B Testing. Hamtaro will have to choose the proportion of the user that see the old position advertisement to the user that seem to advertise a new position. By now, Ham Taro is hesitant between 50/50 proportions and 80/20 proportions. Explain the advantages and disadvantages of each type of proportion. And answered that which type would be more suitable for this problem","50/50 The advantage is that it is Fair, but want a large sample size and the other half is at a very bad point, resulting in a waste of income.
80/20 The advantage is that the risk is low and is appropriate to test. However, it takes time to find results.

The more suitable type is 80/20 because there is a lower risk. If the results come out better, then can change the ratio to increase the new position.",5.0
214,Q4,"Hamtube is a video watch online. That allows users to upload, share and watch video Hamtaro as the Hamtube marketing team leader and he wants to know that the transfer of advertising will increase sales. (Users click more advertisements) or not, so he decided to conduct an experiment. A/B Testing. Hamtaro will have to choose the proportion of the user that see the old position advertisement to the user that seem to advertise a new position. By now, Ham Taro is hesitant between 50/50 proportions and 80/20 proportions. Explain the advantages and disadvantages of each type of proportion. And answered that which type would be more suitable for this problem","50/50
Advantages: systematic All groups have been tested equally. The results are accurate.
Disadvantages: Requires a lot of funds and time
80/20
Advantages: may not have to invest much And takes less time
Disadvantages: There is a chance that the results are not accurate due to not equal.

Therefore, Hamtaro should choose 50/50 because Hamtaro just wants to help increase sales. It is not necessary to consider the money that must be invested to increase sales.",1.0
215,Q2,"Hamtube is a video watch online. That allows users to upload, share and watch video Hamtaro as the Hamtube marketing team leader and he wants to know that the transfer of advertising will increase sales. (Users click more) or not. Therefore, he decided to conduct an experiment. A/B Testing. Granularity should be and how much the length of Attribution Period should be. Explain the reason","- Granularity: Ads Clicking / Hits because of each web viewing There may be different ads (or Assume that there is a random advertising every time Refresh).
- Attributtion Period: 10 minutes because most users will see advertisements immediately after clicking on that page. Therefore, the user will immediately decide whether to click to see that advertisement. Which is a short time",3.5
216,Q1,"Hamtube is a video watch online. That allows users to upload, share and watch video Hamtaro as the Hamtube marketing team leader and he wants to know that the transfer of advertising will increase sales. (Users click more advertisements) or not, so he decided to conduct an experiment. A/B Testing. Explain the reason that Hamtaro should use A/B Testing to test or offer arguments if you do not agree. While explaining the reason","Because the user can be divided into Control, which is the original advertising position and Treatment is to position the new advertisement. And can measure the number of changes in sales to make Statistical Testing to summarize the results",0.5
217,Q4,"Hamtube is a video watch online. That allows users to upload, share and watch video Hamtaro as the Hamtube marketing team leader and he wants to know that the transfer of advertising will increase sales. (Users click more advertisements) or not, so he decided to conduct an experiment. A/B Testing. Hamtaro will have to choose the proportion of the user that see the old position advertisement to the user that seem to advertise a new position. By now, Ham Taro is hesitant between 50/50 proportions and 80/20 proportions. Explain the advantages and disadvantages of each type of proportion. And answered that which type would be more suitable for this problem","50/50 The advantages to complete the experiment faster because the samples are complete (complete at the same time, both types). Because users may like the same position more During the trial period, it will lose a lot of income.
80/20 Less risks If the new position is not good, it will not affect a lot of income. The disadvantage takes a long time to get a group of new users who have a new position set up at the beginning.",4.5
218,Q4,"Hamtube is a video watch online. That allows users to upload, share and watch video Hamtaro as the Hamtube marketing team leader and he wants to know that the transfer of advertising will increase sales. (Users click more advertisements) or not, so he decided to conduct an experiment. A/B Testing. Hamtaro will have to choose the proportion of the user that see the old position advertisement to the user that seem to advertise a new position. By now, Ham Taro is hesitant between 50/50 proportions and 80/20 proportions. Explain the advantages and disadvantages of each type of proportion. And answered that which type would be more suitable for this problem","50/50 - see results quickly But there is a high risk
80/20 - See the results slower But the risk is less

80/20 should be more suitable Because keeping the user base is more important",5.0
219,Q2,"Hamtube is a video watch online. That allows users to upload, share and watch video Hamtaro as the Hamtube marketing team leader and he wants to know that the transfer of advertising will increase sales. (Users click more) or not. Therefore, he decided to conduct an experiment. A/B Testing. Granularity should be and how much the length of Attribution Period should be. Explain the reason","2.1 User number clicking advertisements/number of USERs watching all videos
2.2 3 hours because sometimes the video that the user clicks see is very long. But most of the time, finding a Dio poet is longer than that is a video that the user uses listening rather than watching, such as a video that combines long music, so there is no need to pay attention.",4.5
220,Q2,"Hamtube is a video watch online. That allows users to upload, share and watch video Hamtaro as the Hamtube marketing team leader and he wants to know that the transfer of advertising will increase sales. (Users click more) or not. Therefore, he decided to conduct an experiment. A/B Testing. Granularity should be and how much the length of Attribution Period should be. Explain the reason","IN TERMS OF GranULarity, IT's Recommended to Assign The Frequency of Ad Displays to EDEQUATIL OF DETAIL DUTIL DUTIL DUTING TESTING. Regarding The Attribution Period, IT's Best to keep IT at Only One Day, Enabling The Measurement of Clicks Within a Short Time Span After The Ad I Shown. This strategy facilitates an accurate and immediate Evaluation of Ad Effectiveness.",0.0
221,Q3,"Hamtube is a video watch online. That allows users to upload, share and watch video Hamtaro as the Hamtube marketing team leader and he wants to know that the transfer of advertising will increase sales. (Users click more advertisements) or not. Therefore, he decided to conduct an experiment. A/B Testing. Hamtaro chose to use Binomial Distribution to replace the Distribution of A/B Testing. This time, you agree or disagree with hamsataro. Why?","It is appropriate because using Binomial Distribution will indicate the probability of the number of people who click to see the ADS, allowing us to tell whether this Distribution is actually increasing by using Hypothesis Testing.",2.0
222,Q2,"Hamtube is a video watch online. That allows users to upload, share and watch video Hamtaro as the Hamtube marketing team leader and he wants to know that the transfer of advertising will increase sales. (Users click more) or not. Therefore, he decided to conduct an experiment. A/B Testing. Granularity should be and how much the length of Attribution Period should be. Explain the reason",Granularity should look at the number that users click on advertisements each week and Attribution Period should have a long time (about 1 month) in order to make the results more accurate.,1.5
223,Q3,"Hamtube is a video watch online. That allows users to upload, share and watch video Hamtaro as the Hamtube marketing team leader and he wants to know that the transfer of advertising will increase sales. (Users click more advertisements) or not. Therefore, he decided to conduct an experiment. A/B Testing. Hamtaro chose to use Binomial Distribution to replace the Distribution of A/B Testing. This time, you agree or disagree with hamsataro. Why?","Agree because we have a Success Rate with the number of people who watch, which can replace the Distribution of this A/B Testing.",2.0
224,Q3,"Hamtube is a video watch online. That allows users to upload, share and watch video Hamtaro as the Hamtube marketing team leader and he wants to know that the transfer of advertising will increase sales. (Users click more advertisements) or not. Therefore, he decided to conduct an experiment. A/B Testing. Hamtaro chose to use Binomial Distribution to replace the Distribution of A/B Testing. This time, you agree or disagree with hamsataro. Why?",Disagree because the user may not see the same amount of ADS,1.0
225,Q3,"Hamtube is a video watch online. That allows users to upload, share and watch video Hamtaro as the Hamtube marketing team leader and he wants to know that the transfer of advertising will increase sales. (Users click more advertisements) or not. Therefore, he decided to conduct an experiment. A/B Testing. Hamtaro chose to use Binomial Distribution to replace the Distribution of A/B Testing. This time, you agree or disagree with hamsataro. Why?","Agree because In seeing 1 time advertisement, the rights, the rights, choose not to click or click the advertisement and advertise can appear many times.",5.0
226,Q4,"Hamtube is a video watch online. That allows users to upload, share and watch video Hamtaro as the Hamtube marketing team leader and he wants to know that the transfer of advertising will increase sales. (Users click more advertisements) or not, so he decided to conduct an experiment. A/B Testing. Hamtaro will have to choose the proportion of the user that see the old position advertisement to the user that seem to advertise a new position. By now, Ham Taro is hesitant between 50/50 proportions and 80/20 proportions. Explain the advantages and disadvantages of each type of proportion. And answered that which type would be more suitable for this problem","Using A 50/50 Split for Ad Displays has Scientific Benefits, Enabling Quick and Effics Due to ITS Ability to Gather Extensive Data Rapidly. However, This Method Carries The Risk of Significant Differenzs Between The Original (A) and New (B) Ad Placements, Leading to Leading to Less Accurate and Uncertain Test Results.

In Contrast, the 80/20 Split Offers theoretical Advantages by Reducing Risks Associated with the 50/50 split. Alllocating Fewer Displays to the New Placement (B) Minimizes The Risk IT Dosn'T Perform as well as the Original (A). YET, The Downside Involves a Time Delay As Ithakes Longer to Accumulat for the Smaller Proportion of Ad Displays, Resulting in Slower Result Analysis and Marketing Strategy Adjustments.

Therefore, The 80/20 Split Appears More Fitting for the Retailer's Situation, Aiming To Manage Risks in A/B Testing within a Shorter Duration.",5.0
227,Q4,"Hamtube is a video watch online. That allows users to upload, share and watch video Hamtaro as the Hamtube marketing team leader and he wants to know that the transfer of advertising will increase sales. (Users click more advertisements) or not, so he decided to conduct an experiment. A/B Testing. Hamtaro will have to choose the proportion of the user that see the old position advertisement to the user that seem to advertise a new position. By now, Ham Taro is hesitant between 50/50 proportions and 80/20 proportions. Explain the advantages and disadvantages of each type of proportion. And answered that which type would be more suitable for this problem","Proportion 50/50:
Advantages: Help Ham Taro compare the results equally between the two groups. Reduce the risk of unintentional deviation
Disadvantages: There may be a negative impact on the overall user experience if the new advertising position is ineffective.
Proportion 80/20:
Advantages: Helps to reduce the risk that many users will have a bad experience if the change is not effective.
Disadvantages: may reduce the results of the experiment less reliable because the sample group that saw the advertisement in less new positions
Which one is better: for this experiment Selection of 50/50 proportions may be more appropriate to get equal and highly reliable information.",3.0
228,Q3,"Hamtube is a video watch online. That allows users to upload, share and watch video Hamtaro as the Hamtube marketing team leader and he wants to know that the transfer of advertising will increase sales. (Users click more advertisements) or not. Therefore, he decided to conduct an experiment. A/B Testing. Hamtaro chose to use Binomial Distribution to replace the Distribution of A/B Testing. This time, you agree or disagree with hamsataro. Why?",Disagree because there may be factors other than moving advertising positions that affect users,1.0
229,Q4,"Hamtube is a video watch online. That allows users to upload, share and watch video Hamtaro as the Hamtube marketing team leader and he wants to know that the transfer of advertising will increase sales. (Users click more advertisements) or not, so he decided to conduct an experiment. A/B Testing. Hamtaro will have to choose the proportion of the user that see the old position advertisement to the user that seem to advertise a new position. By now, Ham Taro is hesitant between 50/50 proportions and 80/20 proportions. Explain the advantages and disadvantages of each type of proportion. And answered that which type would be more suitable for this problem","50/50
Advantages: Get information faster
Disadvantages: There is a chance to cause business damage.
80/20
Advantages: The impact on the business is not very high. (In the case of adjusting, the ads has been pressed less)
Disadvantages: Get slow information
Should choose 80/20 to prevent business damage",5.0
230,Q2,"Hamtube is a video watch online. That allows users to upload, share and watch video Hamtaro as the Hamtube marketing team leader and he wants to know that the transfer of advertising will increase sales. (Users click more) or not. Therefore, he decided to conduct an experiment. A/B Testing. Granularity should be and how much the length of Attribution Period should be. Explain the reason","Granularity = #ADS_CLICED/ #ADS_SEEN
#Ads_Clted is the number of people who see ADS and click (not counting the same person)
#Ads_SEEN is the number of people who see ADS (not counting the same person).
Because we want to measure sales from the amount that users click on advertising
Attribution Period = 1 day
Because the click on the advertisement occurs in a short period of time Measurement within one day is appropriate.",3.5
231,Q2,"Hamtube is a video watch online. That allows users to upload, share and watch video Hamtaro as the Hamtube marketing team leader and he wants to know that the transfer of advertising will increase sales. (Users click more) or not. Therefore, he decided to conduct an experiment. A/B Testing. Granularity should be and how much the length of Attribution Period should be. Explain the reason","Granularity should be a user that clicks/user that comes in.

Attribution Period for 2-3 days, if too short, will make it difficult to remember advertising. Because the user has focused on the video When it ended But if too long, may cause bad users because they see the same advertisements often and many points until they are not satisfied and not focusing on the content or position in the end.
Additional and think that it is Event-Base due to being an online platform, both releasing advertisements and sales counting It is impossible after the trial completed (advertising in one position is missing) and the user will come back again.",5.0
232,Q2,"Hamtube is a video watch online. That allows users to upload, share and watch video Hamtaro as the Hamtube marketing team leader and he wants to know that the transfer of advertising will increase sales. (Users click more) or not. Therefore, he decided to conduct an experiment. A/B Testing. Granularity should be and how much the length of Attribution Period should be. Explain the reason","Granularity according to hours or days To capture variations during the day or week
Attribution Period according to the product characteristics, such as a few days or 1 week for products that decide to buy quickly
And longer for products that require more time to make decisions",0.0
233,Q1,"Hamtube is a video watch online. That allows users to upload, share and watch video Hamtaro as the Hamtube marketing team leader and he wants to know that the transfer of advertising will increase sales. (Users click more advertisements) or not, so he decided to conduct an experiment. A/B Testing. Explain the reason that Hamtaro should use A/B Testing to test or offer arguments if you do not agree. While explaining the reason",Agree with the use of A/B Testing. It can give me a scheme at the temple as a number. Can see the changes between before and after moving advertising positions Able to control the ecosystem of the experiment (Control variable),1.5
234,Q1,"Hamtube is a video watch online. That allows users to upload, share and watch video Hamtaro as the Hamtube marketing team leader and he wants to know that the transfer of advertising will increase sales. (Users click more advertisements) or not, so he decided to conduct an experiment. A/B Testing. Explain the reason that Hamtaro should use A/B Testing to test or offer arguments if you do not agree. While explaining the reason",Should be used because using A/B Testing will give us the conclusion that What kind of advertising position is more effective?,0.5
235,Q2,"Hamtube is a video watch online. That allows users to upload, share and watch video Hamtaro as the Hamtube marketing team leader and he wants to know that the transfer of advertising will increase sales. (Users click more) or not. Therefore, he decided to conduct an experiment. A/B Testing. Granularity should be and how much the length of Attribution Period should be. Explain the reason","Suitable for measuring interaction with users in each use Helps to understand the actions of users when changing advertising positions

Attribution Period depends on the user cycle of Hamtube users, which must be sufficient to measure in the long run.",0.0
236,Q4,"Hamtube is a video watch online. That allows users to upload, share and watch video Hamtaro as the Hamtube marketing team leader and he wants to know that the transfer of advertising will increase sales. (Users click more advertisements) or not, so he decided to conduct an experiment. A/B Testing. Hamtaro will have to choose the proportion of the user that see the old position advertisement to the user that seem to advertise a new position. By now, Ham Taro is hesitant between 50/50 proportions and 80/20 proportions. Explain the advantages and disadvantages of each type of proportion. And answered that which type would be more suitable for this problem","The proportion of 50/50. The advantage is that the data can be collected quickly.
The disadvantage is that there is a high risk that the new positions that change may not be as good as before, causing less press.
The proportion of 80/20 advantages are that there are little risks because the new Percent position has changed to show less users. If not good, not much effect
The disadvantage is that it takes longer than the information.
Therefore, the 80/20 proportion is more suitable for this problem because if using 50/50 may affect the platform that has been opened too much, the risk is less.",5.0
237,Q3,"Hamtube is a video watch online. That allows users to upload, share and watch video Hamtaro as the Hamtube marketing team leader and he wants to know that the transfer of advertising will increase sales. (Users click more advertisements) or not. Therefore, he decided to conduct an experiment. A/B Testing. Hamtaro chose to use Binomial Distribution to replace the Distribution of A/B Testing. This time, you agree or disagree with hamsataro. Why?","If according to the previous answers, think of Bernoulli instead, but if adapting to the number of people in the sample (N Successies in Independent Bernount Bernount Bernount Bernoulials)",5.0
238,Q4,"Hamtube is a video watch online. That allows users to upload, share and watch video Hamtaro as the Hamtube marketing team leader and he wants to know that the transfer of advertising will increase sales. (Users click more advertisements) or not, so he decided to conduct an experiment. A/B Testing. Hamtaro will have to choose the proportion of the user that see the old position advertisement to the user that seem to advertise a new position. By now, Ham Taro is hesitant between 50/50 proportions and 80/20 proportions. Explain the advantages and disadvantages of each type of proportion. And answered that which type would be more suitable for this problem","The proportion of 50/50 has direct advantages and data can be collected faster. But there are disadvantages that if the new position (B) has a small click ads, will lose the click on the advertisement that should be obtained from the original position (A).
The proportion of 80/20 has a disadvantage that storage is slower because only 20% of the proportions must be collected. But there are advantages that if the new position (B) selected has less advertising clicks than before Will not affect the overall amount

Choose 80/20 because of less risks when viewed from the perspective of the Platform to a minimum impact and only 1 day of Attribution Period is a short time. Therefore, collecting data to the desired amount is not a long time.",5.0
239,Q1,"Hamtube is a video watch online. That allows users to upload, share and watch video Hamtaro as the Hamtube marketing team leader and he wants to know that the transfer of advertising will increase sales. (Users click more advertisements) or not, so he decided to conduct an experiment. A/B Testing. Explain the reason that Hamtaro should use A/B Testing to test or offer arguments if you do not agree. While explaining the reason","Should be used because the A/B Testing makes it possible to show the effect of changing the position of advertising whether to actually increase sales or not.  In addition, the test is something that Simple and not new. It is therefore the reason that A/B Testing is appropriate.",1.0
240,Q1,"Hamtube is a video watch online. That allows users to upload, share and watch video Hamtaro as the Hamtube marketing team leader and he wants to know that the transfer of advertising will increase sales. (Users click more advertisements) or not, so he decided to conduct an experiment. A/B Testing. Explain the reason that Hamtaro should use A/B Testing to test or offer arguments if you do not agree. While explaining the reason","A/B Testing is an effective way to test changes or improvements in marketing and advertising. To measure and find out whether it is improved or not to increase the efficiency of the advertising campaign. The use of A/B Testing here is a test of the transfer of advertisements in Hamtube whether it will affect sales or not. In addition to helping to reduce the risk, it also helps to know the results of each change.",2.0
241,Q2,"Hamtube is a video watch online. That allows users to upload, share and watch video Hamtaro as the Hamtube marketing team leader and he wants to know that the transfer of advertising will increase sales. (Users click more) or not. Therefore, he decided to conduct an experiment. A/B Testing. Granularity should be and how much the length of Attribution Period should be. Explain the reason","Granularity = User ID number because you want to measure the number of users who enter Hamtube. Once you see AD, click?
Attribution Period = 1 day because after seeing AD, will you click or not? Take a short decision",5.0
242,Q2,"Hamtube is a video watch online. That allows users to upload, share and watch video Hamtaro as the Hamtube marketing team leader and he wants to know that the transfer of advertising will increase sales. (Users click more) or not. Therefore, he decided to conduct an experiment. A/B Testing. Granularity should be and how much the length of Attribution Period should be. Explain the reason","For A/B Testing to test Hamtube advertising positions:
Granularity: Should choose ""User-Level"" or ""SESSION-LEVEL"". ""User-Level"" is suitable for tracking long-term behavior, while ""SESSION-LEVEL"" is suitable for analyzing behavior in each SES.
Attribution Period: The duration of 7-14 days is suitable for measuring the advertising results after the user sees the advertisement. During this period, providing comprehensive information but not too protracted.",0.0
243,Q4,"Hamtube is a video watch online. That allows users to upload, share and watch video Hamtaro as the Hamtube marketing team leader and he wants to know that the transfer of advertising will increase sales. (Users click more advertisements) or not, so he decided to conduct an experiment. A/B Testing. Hamtaro will have to choose the proportion of the user that see the old position advertisement to the user that seem to advertise a new position. By now, Ham Taro is hesitant between 50/50 proportions and 80/20 proportions. Explain the advantages and disadvantages of each type of proportion. And answered that which type would be more suitable for this problem","- The proportion of 50/50 is a proportion that will make the results quickly because it has changed up to 50%, but if there is an error, it will affect more.
- The proportion of 80/20 will see the results slowly, but if there is an error, it will have less impact.
- 80/20 is more suitable",5.0
244,Q2,"Hamtube is a video watch online. That allows users to upload, share and watch video Hamtaro as the Hamtube marketing team leader and he wants to know that the transfer of advertising will increase sales. (Users click more) or not. Therefore, he decided to conduct an experiment. A/B Testing. Granularity should be and how much the length of Attribution Period should be. Explain the reason","Granularity: Number of clicks on advertisements to the number of Cookies used using cookies due to being more accurate than counting. Hits/Impressions and IMPLEMENT
Attribution Period: 1 day because watching video should not take a long time.",5.0
245,Q2,"Hamtube is a video watch online. That allows users to upload, share and watch video Hamtaro as the Hamtube marketing team leader and he wants to know that the transfer of advertising will increase sales. (Users click more) or not. Therefore, he decided to conduct an experiment. A/B Testing. Granularity should be and how much the length of Attribution Period should be. Explain the reason","Should be Granularity Session (the number of timely accessible), helping to understand how the changes in advertising positions affect the actions of each user, with Attribution Period between 1 and 4 weeks, depending on the user's use on the platform. Because it can measure the impact of advertising changes for user behavior for a long time to record changes in behavior And there are cases that some users may not use every day Therefore, having a longer time allows you to record the use of more users.",0.0
246,Q2,"Hamtube is a video watch online. That allows users to upload, share and watch video Hamtaro as the Hamtube marketing team leader and he wants to know that the transfer of advertising will increase sales. (Users click more) or not. Therefore, he decided to conduct an experiment. A/B Testing. Granularity should be and how much the length of Attribution Period should be. Explain the reason","Granularity should be suitable for analysis, such as each user level or each view. It depends on how much the analysis needs. Attribution Period means the time specified as clicking or other interaction. Will be linked to sales Which should be sufficient to the customer's purchase cycle May be days, weeks or months depending on the frequency that users interact with the platform.",5.0
247,Q2,"Hamtube is a video watch online. That allows users to upload, share and watch video Hamtaro as the Hamtube marketing team leader and he wants to know that the transfer of advertising will increase sales. (Users click more) or not. Therefore, he decided to conduct an experiment. A/B Testing. Granularity should be and how much the length of Attribution Period should be. Explain the reason","Granularity = User number click on advertising / number of users that see advertisements. เพราะทำได้ง่ายและได้เข้าถึงพฤติกรรมการคลิกโฆษณาของตัวผู้ใช้ได้โดยตรง
โดยมี Attribution period = 1 วัน เป็นระยะเวลาที่เหมาะสมเพราะหากเราให้ period มากเกินไปอาจมีหลายปัจจัยที่จะทำให้ user กลับมาคลิกโฆษณาตัวอย่างเช่น Go see other advertisements and click on our website.",5.0
248,Q2,"Hamtube is a video watch online. That allows users to upload, share and watch video Hamtaro as the Hamtube marketing team leader and he wants to know that the transfer of advertising will increase sales. (Users click more) or not. Therefore, he decided to conduct an experiment. A/B Testing. Granularity should be and how much the length of Attribution Period should be. Explain the reason","Granularity is the number of people who click to advertise in each place / number of times the advertisement shows the user.
The length of Attribution Period is used for 1 day because it is not too suitable. If less than this may not be able to measure anything Too much, people see often, may cut the problem, so you can't.",5.0
249,Q1,"Hamtube is a video watch online. That allows users to upload, share and watch video Hamtaro as the Hamtube marketing team leader and he wants to know that the transfer of advertising will increase sales. (Users click more advertisements) or not, so he decided to conduct an experiment. A/B Testing. Explain the reason that Hamtaro should use A/B Testing to test or offer arguments if you do not agree. While explaining the reason","Agree due to what Hamtaro Needing Madwall is a test between (A), the original advertising position and (B) new advertising positions To test that Is the movement of the advertisement helping to increase or not? Pressing the advertisement of the new advertisement by making a/b testing",1.0
250,Q2,"Hamtube is a video watch online. That allows users to upload, share and watch video Hamtaro as the Hamtube marketing team leader and he wants to know that the transfer of advertising will increase sales. (Users click more) or not. Therefore, he decided to conduct an experiment. A/B Testing. Granularity should be and how much the length of Attribution Period should be. Explain the reason","Body - Number of users clicking advertisements
The section - session the number of users into Hamtube; Timeout after 1 hour.
Attribution Period: 1 hour because each session is very time 1 hour.",4.5
251,Q4,"Hamtube is a video watch online. That allows users to upload, share and watch video Hamtaro as the Hamtube marketing team leader and he wants to know that the transfer of advertising will increase sales. (Users click more advertisements) or not, so he decided to conduct an experiment. A/B Testing. Hamtaro will have to choose the proportion of the user that see the old position advertisement to the user that seem to advertise a new position. By now, Ham Taro is hesitant between 50/50 proportions and 80/20 proportions. Explain the advantages and disadvantages of each type of proportion. And answered that which type would be more suitable for this problem","In the case of a small company that has the best inhalation of selecting features Choosing a 50/50 proportion will help us see the results faster, but it may be exchanged with the risk of receiving more revenue damage in the event that the new Feature is worse.",5.0
252,Q3,"Hamtube is a video watch online. That allows users to upload, share and watch video Hamtaro as the Hamtube marketing team leader and he wants to know that the transfer of advertising will increase sales. (Users click more advertisements) or not. Therefore, he decided to conduct an experiment. A/B Testing. Hamtaro chose to use Binomial Distribution to replace the Distribution of A/B Testing. This time, you agree or disagree with hamsataro. Why?","Agree, because the number of the ADS show has already been determined by how many people are seen and want to find the Click Rate of each type, so should use Binomial Distribution.",5.0
253,Q3,"Hamtube is a video watch online. That allows users to upload, share and watch video Hamtaro as the Hamtube marketing team leader and he wants to know that the transfer of advertising will increase sales. (Users click more advertisements) or not. Therefore, he decided to conduct an experiment. A/B Testing. Hamtaro chose to use Binomial Distribution to replace the Distribution of A/B Testing. This time, you agree or disagree with hamsataro. Why?",Agree because the outcome of this test is a binary outcome (click/not click).,5.0
254,Q3,"Hamtube is a video watch online. That allows users to upload, share and watch video Hamtaro as the Hamtube marketing team leader and he wants to know that the transfer of advertising will increase sales. (Users click more advertisements) or not. Therefore, he decided to conduct an experiment. A/B Testing. Hamtaro chose to use Binomial Distribution to replace the Distribution of A/B Testing. This time, you agree or disagree with hamsataro. Why?",Because we judge from the checkout or not. Checkout The use of bionomial is like bringing many bernouli together. Considered appropriate,5.0
255,Q3,"Hamtube is a video watch online. That allows users to upload, share and watch video Hamtaro as the Hamtube marketing team leader and he wants to know that the transfer of advertising will increase sales. (Users click more advertisements) or not. Therefore, he decided to conduct an experiment. A/B Testing. Hamtaro chose to use Binomial Distribution to replace the Distribution of A/B Testing. This time, you agree or disagree with hamsataro. Why?","A/B test will only have two options. Which is clicking the advertisement (A) and does not click (B), which is consistent with the Binomial Distribution that is suitable for the number of users.",5.0
256,Q4,"Hamtube is a video watch online. That allows users to upload, share and watch video Hamtaro as the Hamtube marketing team leader and he wants to know that the transfer of advertising will increase sales. (Users click more advertisements) or not, so he decided to conduct an experiment. A/B Testing. Hamtaro will have to choose the proportion of the user that see the old position advertisement to the user that seem to advertise a new position. By now, Ham Taro is hesitant between 50/50 proportions and 80/20 proportions. Explain the advantages and disadvantages of each type of proportion. And answered that which type would be more suitable for this problem","50:50
Pros:
- The results are not affected by unrelated factors because the number of users that see the same old and new advertisements.
- The results are more reliable. And can be compared
Cons:
- may lose income because there are less users who see advertisements for old positions Causing revenue to decrease

80:20
Pros:
- Maintain the current income Because there are more users who still see advertisements in the same position
- Reduce the proportion of users who see new advertisements, causing not much to lose.
Cons:
- Resulting in an unequal experiment May cause unreliable results
- It takes longer to collect data and check the results.

Choosing a 50/50 proportion to get more comparable and reliable results because 80/20 may be able to maintain revenue. But the reliability in the results will be reduced.",5.0
257,Q4,"Hamtube is a video watch online. That allows users to upload, share and watch video Hamtaro as the Hamtube marketing team leader and he wants to know that the transfer of advertising will increase sales. (Users click more advertisements) or not, so he decided to conduct an experiment. A/B Testing. Hamtaro will have to choose the proportion of the user that see the old position advertisement to the user that seem to advertise a new position. By now, Ham Taro is hesitant between 50/50 proportions and 80/20 proportions. Explain the advantages and disadvantages of each type of proportion. And answered that which type would be more suitable for this problem","50/50 Advantages: Can store all the data as you want to test quickly.
          Disadvantages: There is a risk that new positions that change to advertise Will be a position that makes the user interested so much that it can lose the results from the old position very much
80/20 advantages: There is a low risk because there is a new position ratio. If the loss or result of the new type cannot come out We will not lose much benefits.
          Disadvantages: It takes a long time to collect enough sample data.
Would like to choose as 80/20 because to prevent high risk In order not to lose too much benefit until it may break, and the Attribution Period only 7 days is quite a bit Therefore, we didn't take a long time from data collection.",5.0
258,Q2,"Hamtube is a video watch online. That allows users to upload, share and watch video Hamtaro as the Hamtube marketing team leader and he wants to know that the transfer of advertising will increase sales. (Users click more) or not. Therefore, he decided to conduct an experiment. A/B Testing. Granularity should be and how much the length of Attribution Period should be. Explain the reason","Granularity is the number of advertising clicks. Because it is the main goal of this experiment, Attribution Period for at least 1 month because it must have enough time to collect new data to compare with the old data.",0.0
259,Q2,"Hamtube is a video watch online. That allows users to upload, share and watch video Hamtaro as the Hamtube marketing team leader and he wants to know that the transfer of advertising will increase sales. (Users click more) or not. Therefore, he decided to conduct an experiment. A/B Testing. Granularity should be and how much the length of Attribution Period should be. Explain the reason","Granularity: User number (separated by User ID) clicking ADS / User number that see such ADS.
Attribution Period: 1 day
Reasons: Choose the said Granularity because to really reduce the behavior of each user and are still in a level that is easy to do (check with the ACOUNT that most of the user has a single account) and selecting the period for 1 day, because if we choose less, content ads may affect the information (USER chose to click some brands), but if more than this It is highly possible that the rate of pressing is too high (left for a long time, the user will press ADS regardless of which layout).",5.0
260,Q2,"Hamtube is a video watch online. That allows users to upload, share and watch video Hamtaro as the Hamtube marketing team leader and he wants to know that the transfer of advertising will increase sales. (Users click more) or not. Therefore, he decided to conduct an experiment. A/B Testing. Granularity should be and how much the length of Attribution Period should be. Explain the reason",Granularity is Hits/Day and Attribution Period as 1 day so that the advertising moving has a long time or not.,0.0
261,Q1,"Hamtube is a video watch online. That allows users to upload, share and watch video Hamtaro as the Hamtube marketing team leader and he wants to know that the transfer of advertising will increase sales. (Users click more advertisements) or not, so he decided to conduct an experiment. A/B Testing. Explain the reason that Hamtaro should use A/B Testing to test or offer arguments if you do not agree. While explaining the reason","Ham Taro should use A/B Testing because he already has the same position of the advertisement in Hamtube and wants to know whether the move will affect sales or not. Which is consistent with the characteristics of A/B Testing that have the same thing And want to know the results of the changes are new and making A/B Testing, suitable for online platforms that can adjust the position of advertising positions in different users.",1.0
262,Q3,"Hamtube is a video watch online. That allows users to upload, share and watch video Hamtaro as the Hamtube marketing team leader and he wants to know that the transfer of advertising will increase sales. (Users click more advertisements) or not. Therefore, he decided to conduct an experiment. A/B Testing. Hamtaro chose to use Binomial Distribution to replace the Distribution of A/B Testing. This time, you agree or disagree with hamsataro. Why?",Agree because it can be seen as a combination of Bernouli many times (User will click the advertisement or not).,5.0
263,Q4,"Hamtube is a video watch online. That allows users to upload, share and watch video Hamtaro as the Hamtube marketing team leader and he wants to know that the transfer of advertising will increase sales. (Users click more advertisements) or not, so he decided to conduct an experiment. A/B Testing. Hamtaro will have to choose the proportion of the user that see the old position advertisement to the user that seem to advertise a new position. By now, Ham Taro is hesitant between 50/50 proportions and 80/20 proportions. Explain the advantages and disadvantages of each type of proportion. And answered that which type would be more suitable for this problem","The 50/50 proportion allows us to collect data and see the difference quickly. But there is a risk that the new position that has changed will be a bad position and loss of income.
The proportion of 80/20 because only 20% of the users will find a new position. Causing the risk of bad positions to decrease But gives us the data slower than 50/50
Choose a 80/20 proportion because it is less risky.",5.0
264,Q1,"Hamtube is a video watch online. That allows users to upload, share and watch video Hamtaro as the Hamtube marketing team leader and he wants to know that the transfer of advertising will increase sales. (Users click more advertisements) or not, so he decided to conduct an experiment. A/B Testing. Explain the reason that Hamtaro should use A/B Testing to test or offer arguments if you do not agree. While explaining the reason","Should be used because it will be tested to see if the advertising position has an effect on sales or not. By cutting other factors that may affect the advertising, such as the time that does not match For example, in the case of both experiments separately There may be an experiment that corresponds to the 11.11 or the other days that are the same and the same month. Makes the user more interested in advertising Which may increase the videos rate",3.0
265,Q4,"Hamtube is a video watch online. That allows users to upload, share and watch video Hamtaro as the Hamtube marketing team leader and he wants to know that the transfer of advertising will increase sales. (Users click more advertisements) or not, so he decided to conduct an experiment. A/B Testing. Hamtaro will have to choose the proportion of the user that see the old position advertisement to the user that seem to advertise a new position. By now, Ham Taro is hesitant between 50/50 proportions and 80/20 proportions. Explain the advantages and disadvantages of each type of proportion. And answered that which type would be more suitable for this problem","50/50 has advantages to get balanced and fast information in results. But there is a disadvantage that if the change has a huge impact, it will affect the number of users.
80/20 has less risky advantages But the test with a small impact may not be able to capture the overall use of a variety of users. It also takes longer to collect significant data. And the data may not be enough May not get enough information to create reliable analysis.
80/20 models are more suitable To reduce the risk that may occur to Hamtube. In the event that something goes wrong, will get less damage.",5.0
266,Q4,"Hamtube is a video watch online. That allows users to upload, share and watch video Hamtaro as the Hamtube marketing team leader and he wants to know that the transfer of advertising will increase sales. (Users click more advertisements) or not, so he decided to conduct an experiment. A/B Testing. Hamtaro will have to choose the proportion of the user that see the old position advertisement to the user that seem to advertise a new position. By now, Ham Taro is hesitant between 50/50 proportions and 80/20 proportions. Explain the advantages and disadvantages of each type of proportion. And answered that which type would be more suitable for this problem","Should choose 80/20 more
Which 50/50 will get a fast but high risk result, because the poor movement will lose a lot of income.
80/20, although it takes a long time, but with high precision, so choose 80/20 more",5.0
267,Q2,"Hamtube is a video watch online. That allows users to upload, share and watch video Hamtaro as the Hamtube marketing team leader and he wants to know that the transfer of advertising will increase sales. (Users click more) or not. Therefore, he decided to conduct an experiment. A/B Testing. Granularity should be and how much the length of Attribution Period should be. Explain the reason","Granularity should be a click on advertisements to see advertisements because if moving advertising positions is really better. Users should click on advertising more often when you see it.
 Attribution Period may be a very short period of about 1 minute. Because we measure the advertisement and click, which is something that happens quickly. Testing to see the results of the real position. Therefore should not take a long time in each Attribution Period",5.0
268,Q2,"Hamtube is a video watch online. That allows users to upload, share and watch video Hamtaro as the Hamtube marketing team leader and he wants to know that the transfer of advertising will increase sales. (Users click more) or not. Therefore, he decided to conduct an experiment. A/B Testing. Granularity should be and how much the length of Attribution Period should be. Explain the reason","Granularity should be the number of users that each user saw the advertisement.
Attribution Period is 1 day to measure whether in 1 day, the user has pressed Ads in that position or not.",0.5
269,Q1,"Hamtube is a video watch online. That allows users to upload, share and watch video Hamtaro as the Hamtube marketing team leader and he wants to know that the transfer of advertising will increase sales. (Users click more advertisements) or not, so he decided to conduct an experiment. A/B Testing. Explain the reason that Hamtaro should use A/B Testing to test or offer arguments if you do not agree. While explaining the reason","Because normally A/B Test uses the Optimize Marketing Campaign. For this case, Hamtaro wants to test that The movement of the advertisement has an effect on sales increase?",0.5
270,Q4,"Hamtube is a video watch online. That allows users to upload, share and watch video Hamtaro as the Hamtube marketing team leader and he wants to know that the transfer of advertising will increase sales. (Users click more advertisements) or not, so he decided to conduct an experiment. A/B Testing. Hamtaro will have to choose the proportion of the user that see the old position advertisement to the user that seem to advertise a new position. By now, Ham Taro is hesitant between 50/50 proportions and 80/20 proportions. Explain the advantages and disadvantages of each type of proportion. And answered that which type would be more suitable for this problem","50/50
Advantages: Get all the information quickly because both groups will take the same time to collect the sample.
weakness : 
1. There is a risk to the business because if Experimental creates a negative impact Will damage the business very much
2. Easily cause independent, because when there is a user, see a lot of changes, will make 2 groups talk.

80/20
Advantages: Low risk
Disadvantages: Collecting small groups slowly

Choose 80/20 because the advertising system has a lot of business income. Therefore should not be too risky",5.0
271,Q2,"Hamtube is a video watch online. That allows users to upload, share and watch video Hamtaro as the Hamtube marketing team leader and he wants to know that the transfer of advertising will increase sales. (Users click more) or not. Therefore, he decided to conduct an experiment. A/B Testing. Granularity should be and how much the length of Attribution Period should be. Explain the reason","Granularity is the number of userids that click advertisements / number of Userids that see advertisements.
Attribution Period should be 1 day because each day the advertisement may be different.",4.0
272,Q4,"Hamtube is a video watch online. That allows users to upload, share and watch video Hamtaro as the Hamtube marketing team leader and he wants to know that the transfer of advertising will increase sales. (Users click more advertisements) or not, so he decided to conduct an experiment. A/B Testing. Hamtaro will have to choose the proportion of the user that see the old position advertisement to the user that seem to advertise a new position. By now, Ham Taro is hesitant between 50/50 proportions and 80/20 proportions. Explain the advantages and disadvantages of each type of proportion. And answered that which type would be more suitable for this problem","Advantages/Disadvantages
50/50
Advantages: It takes less time to collect samples of the group 2. The groups that see the advertisements are different.
Disadvantages: High sales risk because we do not know if the new type that is used will have any problems that affect sales.  Such as causing sales to fall because of the new position, people do not notice
80/20: 
Advantages: The risk is less than 50:50 because the new model has a chance to see only 20 percent. 
Disadvantages: It takes a long time to collect the number of samples of the user. Who saw the advertisements for both new and old positions

I think 80/20 is more suitable because it takes a long time to keep, but the risk of problems that affect the original sales also reduced.",5.0
273,Q2,"Hamtube is a video watch online. That allows users to upload, share and watch video Hamtaro as the Hamtube marketing team leader and he wants to know that the transfer of advertising will increase sales. (Users click more) or not. Therefore, he decided to conduct an experiment. A/B Testing. Granularity should be and how much the length of Attribution Period should be. Explain the reason","Granularity - Medium to High. Dividing data according to different users or videos may help the marketing team to see clear images about the results of the A/B test because Hamtube is a platform with many users. Effective resolution should be at the Medium to High level.
Attribution Period - 2 to 4 weeks to be able to detect the impact immediately and not too short.",0.0
274,Q3,"Hamtube is a video watch online. That allows users to upload, share and watch video Hamtaro as the Hamtube marketing team leader and he wants to know that the transfer of advertising will increase sales. (Users click more advertisements) or not. Therefore, he decided to conduct an experiment. A/B Testing. Hamtaro chose to use Binomial Distribution to replace the Distribution of A/B Testing. This time, you agree or disagree with hamsataro. Why?","Choosing Binomial Distribution in A/B Testing is the right choice when there is only Binary Outcome, such as clicking or not. And the number of tests in advance. Using Binomial Distribution makes the calculation and analysis of results effectively. However, if the A/B test is more complicated or many Distribution groups may be more appropriate. Choosing a Distribution should consider the characteristics and complexity of the test to suit that situation.",3.0
275,Q2,"Hamtube is a video watch online. That allows users to upload, share and watch video Hamtaro as the Hamtube marketing team leader and he wants to know that the transfer of advertising will increase sales. (Users click more) or not. Therefore, he decided to conduct an experiment. A/B Testing. Granularity should be and how much the length of Attribution Period should be. Explain the reason",Granularity should be the number of users who press the advertisement because it shows the behavior of the real user and Attribution Period should be about 1 day because not too much and not too much.,2.5
276,Q3,"Hamtube is a video watch online. That allows users to upload, share and watch video Hamtaro as the Hamtube marketing team leader and he wants to know that the transfer of advertising will increase sales. (Users click more advertisements) or not. Therefore, he decided to conduct an experiment. A/B Testing. Hamtaro chose to use Binomial Distribution to replace the Distribution of A/B Testing. This time, you agree or disagree with hamsataro. Why?","Should not
A/B Testing should use Normal Distribution or T-Distribution. Which is used to test about the average of two experimental groups",0.0
277,Q1,"Hamtube is a video watch online. That allows users to upload, share and watch video Hamtaro as the Hamtube marketing team leader and he wants to know that the transfer of advertising will increase sales. (Users click more advertisements) or not, so he decided to conduct an experiment. A/B Testing. Explain the reason that Hamtaro should use A/B Testing to test or offer arguments if you do not agree. While explaining the reason",Should be because moving advertising positions ไม่ใช่การเปลี่ยนแปลงที่ significant หรือเป็นรูปแบบใหม่ไปเลย และเห็นผลได้ใน period สั้นๆ split ผู้ใช้ได้ไม่ยากและเหมาะสม Therefore making the A/B Testing appropriate,2.0
278,Q1,"Hamtube is a video watch online. That allows users to upload, share and watch video Hamtaro as the Hamtube marketing team leader and he wants to know that the transfer of advertising will increase sales. (Users click more advertisements) or not, so he decided to conduct an experiment. A/B Testing. Explain the reason that Hamtaro should use A/B Testing to test or offer arguments if you do not agree. While explaining the reason",Should be used because it is a test of the Alternative Way whether the advertising position will affect sales or not. เป็นแค่สองทางเลือกไม่AหรือB ซึ่งเป็นลักษณะสำคัญของ ab testing,1.0
279,Q2,"Hamtube is a video watch online. That allows users to upload, share and watch video Hamtaro as the Hamtube marketing team leader and he wants to know that the transfer of advertising will increase sales. (Users click more) or not. Therefore, he decided to conduct an experiment. A/B Testing. Granularity should be and how much the length of Attribution Period should be. Explain the reason","Granularity should be a session level to measure the interaction of users in each time. That is useful in understanding how the advertising position changes affects the actions of users in each session.
The length of Attribution Period is a track user time, which may be in the range of 1-4 weeks to achieve long-term follow-up. To measure the impact of advertising changes for long -term user behavior",0.0
280,Q3,"Hamtube is a video watch online. That allows users to upload, share and watch video Hamtaro as the Hamtube marketing team leader and he wants to know that the transfer of advertising will increase sales. (Users click more advertisements) or not. Therefore, he decided to conduct an experiment. A/B Testing. Hamtaro chose to use Binomial Distribution to replace the Distribution of A/B Testing. This time, you agree or disagree with hamsataro. Why?","Agree because this a/b testing has a binary result. In addition, the use of binomial Distribution also makes it easy to test the hypothesis.",5.0
281,Q1,"Hamtube is a video watch online. That allows users to upload, share and watch video Hamtaro as the Hamtube marketing team leader and he wants to know that the transfer of advertising will increase sales. (Users click more advertisements) or not, so he decided to conduct an experiment. A/B Testing. Explain the reason that Hamtaro should use A/B Testing to test or offer arguments if you do not agree. While explaining the reason",Should use A/B Testing to be able to clearly change the advertisement position with the old model at the same time and reduce the risk of changing to the new system.,2.0
282,Q3,"Hamtube is a video watch online. That allows users to upload, share and watch video Hamtaro as the Hamtube marketing team leader and he wants to know that the transfer of advertising will increase sales. (Users click more advertisements) or not. Therefore, he decided to conduct an experiment. A/B Testing. Hamtaro chose to use Binomial Distribution to replace the Distribution of A/B Testing. This time, you agree or disagree with hamsataro. Why?","Do not agree because the opportunity for each person who comes in is highly variable and we want to measure whether the click rate is higher or not, so should use Bernoulli Distribution better.",1.0
283,Q1,"Hamtube is a video watch online. That allows users to upload, share and watch video Hamtaro as the Hamtube marketing team leader and he wants to know that the transfer of advertising will increase sales. (Users click more advertisements) or not, so he decided to conduct an experiment. A/B Testing. Explain the reason that Hamtaro should use A/B Testing to test or offer arguments if you do not agree. While explaining the reason",Because the use of A/B Testing by allowing A Test to position the advertisement in the same place and B Test is a change in the position of the advertisement. That will help to compare that both types of tests through the same randomness Which type can increase the number of clicks for users?,1.0
284,Q2,"Hamtube is a video watch online. That allows users to upload, share and watch video Hamtaro as the Hamtube marketing team leader and he wants to know that the transfer of advertising will increase sales. (Users click more) or not. Therefore, he decided to conduct an experiment. A/B Testing. Granularity should be and how much the length of Attribution Period should be. Explain the reason","Granularity: The day is not too short and not too long. Normally, online video platforms tend to summarize the number of visitors, various tops on a daily basis. If used for hours, there will be variables about the time period in everyday life. Make it uncertain

Attribution Period: 7 days because normally in online platforms Users often decide to click on advertisements in a short time, so it doesn't take a long trial time. And is to prevent the results from being distorted by other factors as well",0.0
285,Q1,"Hamtube is a video watch online. That allows users to upload, share and watch video Hamtaro as the Hamtube marketing team leader and he wants to know that the transfer of advertising will increase sales. (Users click more advertisements) or not, so he decided to conduct an experiment. A/B Testing. Explain the reason that Hamtaro should use A/B Testing to test or offer arguments if you do not agree. While explaining the reason","Because the movement of ADS may help increase sales or not. Must be tested with A/B Testing, divided into Control Group and Test Group to see the differences in sales in both groups.",0.5
286,Q2,"Hamtube is a video watch online. That allows users to upload, share and watch video Hamtaro as the Hamtube marketing team leader and he wants to know that the transfer of advertising will increase sales. (Users click more) or not. Therefore, he decided to conduct an experiment. A/B Testing. Granularity should be and how much the length of Attribution Period should be. Explain the reason","Granularity: Should be an individual experiment. To evaluate the impact of changes in each user's behavior

Attribution Period: It should be 1-2 weeks because it is the right time to collect data and analyze the impact of the user's use.",0.0
287,Q1,"Hamtube is a video watch online. That allows users to upload, share and watch video Hamtaro as the Hamtube marketing team leader and he wants to know that the transfer of advertising will increase sales. (Users click more advertisements) or not, so he decided to conduct an experiment. A/B Testing. Explain the reason that Hamtaro should use A/B Testing to test or offer arguments if you do not agree. While explaining the reason","Should use A/B Testing in order to reduce the results of the randomness that occur during the experiment because the randomness will occur both on A and B, causing this Randomness Constant. Both of the results from the experiments are caused by the differences of A and B only.",3.0
288,Q4,"Hamtube is a video watch online. That allows users to upload, share and watch video Hamtaro as the Hamtube marketing team leader and he wants to know that the transfer of advertising will increase sales. (Users click more advertisements) or not, so he decided to conduct an experiment. A/B Testing. Hamtaro will have to choose the proportion of the user that see the old position advertisement to the user that seem to advertise a new position. By now, Ham Taro is hesitant between 50/50 proportions and 80/20 proportions. Explain the advantages and disadvantages of each type of proportion. And answered that which type would be more suitable for this problem","I Suggest Hamtaro Should Impliment 50/50 Split.
50/50 Split
Pros:
1. Equal Exposure: A 50/50 Split Ensures that Both Versions (Old and New Ad Positions) Receive an Equal Amount of Exposure. This Can Be Advantageous for a Balanced Comparison and Helps Minimize Biases Introduced by UNEVEN EXPOSURE.
2. Faster Learning: an 50/50 Split Allows for Faster Learning about the Performance of the New Ad Positions. The Majority of Users Experience The New Positions, Providing a Quicker Assessment of Their Effativity.
Cons:
1. Potential User Impact: IF The New Ad Positions Have a Negative Impact on User Experience, Exposing 50% of Users to Them May Lead to Dissatisfaction and a High Risk of Negative Conseques.

80/20 Split
Pros:
1. Limited User Impact: IF THE NEW AD POTIONS Have a Negative Impact, Limiting Exposure to 20% of the users Minimizes The Potential Negative Conseques Compared to A 50/50 Split.
Cons:
1. Slower Learning: If The New Ad Positions Are Significlantly Better, A 50/50 Split Might Result in Slower Learning and Delayed ImpLementation of Improvements.
2. Risk of Biased Results: an 80/20 Split May Introduce Bias If The 20% of the users exposted to the new Ad Positions are not Representative of the Entirere User Base. This Could Lead Lead to Skewed Results and Inaccurate Conclusions.
3. Missed Opportunities: IF The New Ad Positions Are Indeed Better, An 80/20 Split May Result in Missed Opportunities for Incoresd Revenue or Engagement for the 80% of users Not Exposed to the Improvement.",5.0
289,Q2,"Hamtube is a video watch online. That allows users to upload, share and watch video Hamtaro as the Hamtube marketing team leader and he wants to know that the transfer of advertising will increase sales. (Users click more) or not. Therefore, he decided to conduct an experiment. A/B Testing. Granularity should be and how much the length of Attribution Period should be. Explain the reason","For Granularity, it should be the number of ADS shows to the user to make the test have sufficient resolution. Attribution Period should be only 1 day so that the clicks can be measured within a short time after the advertisement is shown. In order to be able to evaluate the advertising precisely and immediately",3.5
290,Q1,"Hamtube is a video watch online. That allows users to upload, share and watch video Hamtaro as the Hamtube marketing team leader and he wants to know that the transfer of advertising will increase sales. (Users click more advertisements) or not, so he decided to conduct an experiment. A/B Testing. Explain the reason that Hamtaro should use A/B Testing to test or offer arguments if you do not agree. While explaining the reason",Because A/B Testing makes compare the results and behavior of users to move the advertising position directly. With a low risk compared to the position of advertising immediately,2.0
291,Q2,"Hamtube is a video watch online. That allows users to upload, share and watch video Hamtaro as the Hamtube marketing team leader and he wants to know that the transfer of advertising will increase sales. (Users click more) or not. Therefore, he decided to conduct an experiment. A/B Testing. Granularity should be and how much the length of Attribution Period should be. Explain the reason","Granularity depends on the size of the group. For example, if you want to see the impact at a sub -level, it may require a higher granularity or the ability to store and process data such as high resolution levels, resulting in a large amount of data.

Attribution Period depends on the duration of the marketing team. And the amount of information you want to bring to the test",0.0
292,Q2,"Hamtube is a video watch online. That allows users to upload, share and watch video Hamtaro as the Hamtube marketing team leader and he wants to know that the transfer of advertising will increase sales. (Users click more) or not. Therefore, he decided to conduct an experiment. A/B Testing. Granularity should be and how much the length of Attribution Period should be. Explain the reason",High Granularity should be the number of clicks to advertise. Because it is a detailed behavior Suitable for observing that the position of the advertisement affects the advertisement or should not have a short Attribution Period because he wants to know the response from the user immediately when seeing the advertisement at that position.,0.0
293,Q3,"Hamtube is a video watch online. That allows users to upload, share and watch video Hamtaro as the Hamtube marketing team leader and he wants to know that the transfer of advertising will increase sales. (Users click more advertisements) or not. Therefore, he decided to conduct an experiment. A/B Testing. Hamtaro chose to use Binomial Distribution to replace the Distribution of A/B Testing. This time, you agree or disagree with hamsataro. Why?","Agree because the selection of advertisements can only be 1 (click) or 0 (not click), so use Binomial Distribution.",5.0
294,Q4,"Hamtube is a video watch online. That allows users to upload, share and watch video Hamtaro as the Hamtube marketing team leader and he wants to know that the transfer of advertising will increase sales. (Users click more advertisements) or not, so he decided to conduct an experiment. A/B Testing. Hamtaro will have to choose the proportion of the user that see the old position advertisement to the user that seem to advertise a new position. By now, Ham Taro is hesitant between 50/50 proportions and 80/20 proportions. Explain the advantages and disadvantages of each type of proportion. And answered that which type would be more suitable for this problem","The 50/50 model has the advantage of being able to collect all the data that you want to test quickly. The disadvantage is that there is a lot of risks. At a new position (B) will be a bad position And lose the click on the advertisement that should be obtained from the original 
As for the 80/20, the disadvantage is that it takes a long time to get the complete information. But the advantage is There is little risk Because we have a less B -sharing quantity for the user Therefore, if the B show is not good, it will not affect much.
Choose 80/20 because Attribution Period is quite short. Therefore, to collect all the data from choosing this, so it doesn't take too long. With less risks",5.0
295,Q4,"Hamtube is a video watch online. That allows users to upload, share and watch video Hamtaro as the Hamtube marketing team leader and he wants to know that the transfer of advertising will increase sales. (Users click more advertisements) or not, so he decided to conduct an experiment. A/B Testing. Hamtaro will have to choose the proportion of the user that see the old position advertisement to the user that seem to advertise a new position. By now, Ham Taro is hesitant between 50/50 proportions and 80/20 proportions. Explain the advantages and disadvantages of each type of proportion. And answered that which type would be more suitable for this problem",The 50/50 division will give results faster than 80/20. The 80/20 division will increase the risk of experiments. Think that can use 50/50 division because of the position of the advertisement Should not create problems for the system Makes it possible to get information from the experiment faster,4.0
296,Q2,"Hamtube is a video watch online. That allows users to upload, share and watch video Hamtaro as the Hamtube marketing team leader and he wants to know that the transfer of advertising will increase sales. (Users click more) or not. Therefore, he decided to conduct an experiment. A/B Testing. Granularity should be and how much the length of Attribution Period should be. Explain the reason","Granularity in the Context of Setting the Attribution Period for A/B Testing Refers to the Level of Detail at Which The Data is Analyzed. For Hamtube, This Could Mean Looking at the Timing of Ad Clicks in Relation to the Ad Placement Changes to Understand The Granular Time Provides the most insightful data",0.0
297,Q1,"Hamtube is a video watch online. That allows users to upload, share and watch video Hamtaro as the Hamtube marketing team leader and he wants to know that the transfer of advertising will increase sales. (Users click more advertisements) or not, so he decided to conduct an experiment. A/B Testing. Explain the reason that Hamtaro should use A/B Testing to test or offer arguments if you do not agree. While explaining the reason",Agree because it is a change between antiques (old advertisements) and new items (new advertisements),1.0
298,Q2,"Hamtube is a video watch online. That allows users to upload, share and watch video Hamtaro as the Hamtube marketing team leader and he wants to know that the transfer of advertising will increase sales. (Users click more) or not. Therefore, he decided to conduct an experiment. A/B Testing. Granularity should be and how much the length of Attribution Period should be. Explain the reason","Granularity should be at a sufficient level to provide effective information for decision making for Hamtube, a platform to watch online videos with many users. Dividing the test into groups that are large enough to see significant results. At the same time, Attribution Period should be the most suitable time to measure advertising results. Which may depend on the characteristics of the video and the attraction of the audience.",0.0
299,Q4,"Hamtube is a video watch online. That allows users to upload, share and watch video Hamtaro as the Hamtube marketing team leader and he wants to know that the transfer of advertising will increase sales. (Users click more advertisements) or not, so he decided to conduct an experiment. A/B Testing. Hamtaro will have to choose the proportion of the user that see the old position advertisement to the user that seem to advertise a new position. By now, Ham Taro is hesitant between 50/50 proportions and 80/20 proportions. Explain the advantages and disadvantages of each type of proportion. And answered that which type would be more suitable for this problem","Proportion 50/50
  strength
    1. Due to the same proportion Make the assumption test and effective results
    2. Can compare the results between the group directly.
  weakness
    1. If the results are not much different May make it difficult to tell than the changes that cause the results to change

Proportion 80/20
  strength
    1. The proportion that has changed is more. Makes the results more clear
    2. If we set the base that the change will affect the results. Will be able to reduce the experimental time
  weakness
    1. The proportion of both groups is not balanced. May make the results not reliable
    2. The analysis of the results from the experiment may be more difficult. Due to the proportion of the group that is not the same

In summary, 50/50 proportions are more appropriate. Because the results are more reliable And can be used more conveniently",1.0
300,Q4,"Hamtube is a video watch online. That allows users to upload, share and watch video Hamtaro as the Hamtube marketing team leader and he wants to know that the transfer of advertising will increase sales. (Users click more advertisements) or not, so he decided to conduct an experiment. A/B Testing. Hamtaro will have to choose the proportion of the user that see the old position advertisement to the user that seem to advertise a new position. By now, Ham Taro is hesitant between 50/50 proportions and 80/20 proportions. Explain the advantages and disadvantages of each type of proportion. And answered that which type would be more suitable for this problem","50/50 If the new position advertisement is worse than the old advertisement Will negatively affect the original business rather than 80/20 proportions
But 50/50 will work for B faster than 80/20",4.5
301,Q4,"Hamtube is a video watch online. That allows users to upload, share and watch video Hamtaro as the Hamtube marketing team leader and he wants to know that the transfer of advertising will increase sales. (Users click more advertisements) or not, so he decided to conduct an experiment. A/B Testing. Hamtaro will have to choose the proportion of the user that see the old position advertisement to the user that seem to advertise a new position. By now, Ham Taro is hesitant between 50/50 proportions and 80/20 proportions. Explain the advantages and disadvantages of each type of proportion. And answered that which type would be more suitable for this problem","50/50 will give results quickly But at risk of drooping 80/20 for a long time, causing less viewers",3.0
302,Q3,"Hamtube is a video watch online. That allows users to upload, share and watch video Hamtaro as the Hamtube marketing team leader and he wants to know that the transfer of advertising will increase sales. (Users click more advertisements) or not. Therefore, he decided to conduct an experiment. A/B Testing. Hamtaro chose to use Binomial Distribution to replace the Distribution of A/B Testing. This time, you agree or disagree with hamsataro. Why?",Agree because only 2 cases are clicking with not clicking advertisements. And one of the User decisions will not affect other users as well.,5.0
303,Q1,"Hamtube is a video watch online. That allows users to upload, share and watch video Hamtaro as the Hamtube marketing team leader and he wants to know that the transfer of advertising will increase sales. (Users click more advertisements) or not, so he decided to conduct an experiment. A/B Testing. Explain the reason that Hamtaro should use A/B Testing to test or offer arguments if you do not agree. While explaining the reason","A/B Testing can help Ham Taro to test whether advertising positions can affect the user click more or not. Without having to change a lot Just trying with some videos, it's easy to do, so you don't have to risk anything if changing the system in a big picture. All of which is done to obtain information about the decision to change the system again in the overall picture. Whether to change all or what to do",5.0
304,Q3,"Hamtube is a video watch online. That allows users to upload, share and watch video Hamtaro as the Hamtube marketing team leader and he wants to know that the transfer of advertising will increase sales. (Users click more advertisements) or not. Therefore, he decided to conduct an experiment. A/B Testing. Hamtaro chose to use Binomial Distribution to replace the Distribution of A/B Testing. This time, you agree or disagree with hamsataro. Why?","Agree because in the click of each advertisement of the user is an independent event, binomial is suitable for data in the form. Success/unsuccessful Which in clicking advertisements can be viewed in this way",5.0
305,Q4,"Hamtube is a video watch online. That allows users to upload, share and watch video Hamtaro as the Hamtube marketing team leader and he wants to know that the transfer of advertising will increase sales. (Users click more advertisements) or not, so he decided to conduct an experiment. A/B Testing. Hamtaro will have to choose the proportion of the user that see the old position advertisement to the user that seem to advertise a new position. By now, Ham Taro is hesitant between 50/50 proportions and 80/20 proportions. Explain the advantages and disadvantages of each type of proportion. And answered that which type would be more suitable for this problem","80/20 because if the advertising in a new position is not good The use of 50/50 proportions will make people see more and may cause That sales decrease significantly. Therefore, if there is not much color, it should be used 80/20.",3.0
306,Q3,"Hamtube is a video watch online. That allows users to upload, share and watch video Hamtaro as the Hamtube marketing team leader and he wants to know that the transfer of advertising will increase sales. (Users click more advertisements) or not. Therefore, he decided to conduct an experiment. A/B Testing. Hamtaro chose to use Binomial Distribution to replace the Distribution of A/B Testing. This time, you agree or disagree with hamsataro. Why?","Agree: Binomial Distribution is the right choice for measuring results with two status such as ""click"" or ""not clicking"". This experiment wants to know whether the change of advertising positions affects click or not, which is suitable for the situation that Binomial Distribution is used.",5.0
307,Q4,"Hamtube is a video watch online. That allows users to upload, share and watch video Hamtaro as the Hamtube marketing team leader and he wants to know that the transfer of advertising will increase sales. (Users click more advertisements) or not, so he decided to conduct an experiment. A/B Testing. Hamtaro will have to choose the proportion of the user that see the old position advertisement to the user that seem to advertise a new position. By now, Ham Taro is hesitant between 50/50 proportions and 80/20 proportions. Explain the advantages and disadvantages of each type of proportion. And answered that which type would be more suitable for this problem","Proportion 50/50
ข้อดี คือ ช่วยให้การทดสอบสมบูรณ์ และได้ข้อมูลมีคุณภาพ
ข้อเสีย คือ การทดสอบอาจไม่ได้รับข้อมูลที่เพียงพอสำหรับการตรวจสอบ Because the change has little impact

Proportion 80/20:
ข้อดี คือ การทดสอบจะมีผลกระทบมากขึ้นในกลุ่มที่เห็นตำแหน่งใหม่มากกว่า Which will help reduce the test time
The disadvantage is that the data is unbalanced. Makes it difficult to analyze the results And make the test unreliable

คิดว่า สัดส่วน 80/20 น่าจะเหมาะกับปัญหานี้มากกว่า เนื่องจาก การที่สัดส่วนมาก Will make the behavior of consumers express more clearly Allowing Ham Taro to know the market demand quickly Depending on the Attribution Period. Ham Taro can use 50/50 proportions, which will give better results.",1.0
308,Q2,"Hamtube is a video watch online. That allows users to upload, share and watch video Hamtaro as the Hamtube marketing team leader and he wants to know that the transfer of advertising will increase sales. (Users click more) or not. Therefore, he decided to conduct an experiment. A/B Testing. Granularity should be and how much the length of Attribution Period should be. Explain the reason","Granularity is the id of those who watch the video. To follow how many users came to watch this video And how many times the advertisement
Attribution Period should be 7 days to know the true information about the advertisement.",0.0
309,Q1,"Hamtube is a video watch online. That allows users to upload, share and watch video Hamtaro as the Hamtube marketing team leader and he wants to know that the transfer of advertising will increase sales. (Users click more advertisements) or not, so he decided to conduct an experiment. A/B Testing. Explain the reason that Hamtaro should use A/B Testing to test or offer arguments if you do not agree. While explaining the reason","A/B Testing is a Valuable Tool for Hamtaro to Experiment with Changes in Ad Placement. It Provides A Systematic and Controlled Way to Test Hypotheses, Ensuring that Decisions are based on Solid Evidence. The Insights Gaind from A/B Testing Can Guide Informed Decisions about Wheten Wheet The Changes Permanently Across the Platform.",1.5
310,Q1,"Hamtube is a video watch online. That allows users to upload, share and watch video Hamtaro as the Hamtube marketing team leader and he wants to know that the transfer of advertising will increase sales. (Users click more advertisements) or not, so he decided to conduct an experiment. A/B Testing. Explain the reason that Hamtaro should use A/B Testing to test or offer arguments if you do not agree. While explaining the reason","Agree because what Hamtaro wants to test is the test between the original advertising position (A) and the new advertising position (B) to test that Is the movement of the advertisement really increased sales? Therefore, doing A/B Testing by measurement of sales caused by the original advertisement. With a new advertising position by doing A/B Testing, it is appropriate.",1.0
311,Q1,"Hamtube is a video watch online. That allows users to upload, share and watch video Hamtaro as the Hamtube marketing team leader and he wants to know that the transfer of advertising will increase sales. (Users click more advertisements) or not, so he decided to conduct an experiment. A/B Testing. Explain the reason that Hamtaro should use A/B Testing to test or offer arguments if you do not agree. While explaining the reason",Ham Taro should use A/B Testing to test the transfer of advertising to increase sales. Because it is a comparison of the performance of two different variables Is the current advertising position And newly moved advertising positions The Ham Taro can test these two positions with different users. And see which advertising positions that result in increased sales with A/B Testing,1.0
312,Q3,"Hamtube is a video watch online. That allows users to upload, share and watch video Hamtaro as the Hamtube marketing team leader and he wants to know that the transfer of advertising will increase sales. (Users click more advertisements) or not. Therefore, he decided to conduct an experiment. A/B Testing. Hamtaro chose to use Binomial Distribution to replace the Distribution of A/B Testing. This time, you agree or disagree with hamsataro. Why?","Using Binomial Distribution for A/B Testing is appropriate. If the test results are like a binary outcome, it means that there are only two results (such as clicking or not clicking), which is what happened in this advertisement test. If there are many categories or want to analyze other characteristics May require different statistical distribution.",5.0
313,Q1,"Hamtube is a video watch online. That allows users to upload, share and watch video Hamtaro as the Hamtube marketing team leader and he wants to know that the transfer of advertising will increase sales. (Users click more advertisements) or not, so he decided to conduct an experiment. A/B Testing. Explain the reason that Hamtaro should use A/B Testing to test or offer arguments if you do not agree. While explaining the reason","The reason that Ham Taro should use A/B Testing to test the transfer of advertising in Hamtube:

Interesting business results: A/B Testing allows Hamtaro to measure the advertising position precisely. Whether increasing sales or increasing number of clicks Which is an important information for decision making in marketing

Improve the efficiency of advertising: A/B tests help the marketing team know which positions that advertise the user more click. And will help improve the advertisement to be as effective as possible

Reduce risk: Using A/B Testing helps reduce the risk of change without basic information or evidence. Allowing the marketing team to proceed according to the information obtained from the test

The adaptation of the target group: A/B Testing helps to know which position of the advertisement is most suitable for the Hamtube target audience, which can help adjust the marketing strategy to the needs of users.",5.0
314,Q1,"Hamtube is a video watch online. That allows users to upload, share and watch video Hamtaro as the Hamtube marketing team leader and he wants to know that the transfer of advertising will increase sales. (Users click more advertisements) or not, so he decided to conduct an experiment. A/B Testing. Explain the reason that Hamtaro should use A/B Testing to test or offer arguments if you do not agree. While explaining the reason",Should use A/B Testing because of the movement of advertising positions and sales increase (Users click more advertisements). There are randomness involved.,0.5
315,Q1,"Hamtube is a video watch online. That allows users to upload, share and watch video Hamtaro as the Hamtube marketing team leader and he wants to know that the transfer of advertising will increase sales. (Users click more advertisements) or not, so he decided to conduct an experiment. A/B Testing. Explain the reason that Hamtaro should use A/B Testing to test or offer arguments if you do not agree. While explaining the reason","Agree, because Ham Taro wants to test between the original advertising position (A) and the new advertisement position (B) whether the transfer of the advertisement will increase sales or not, so the measurement of sales increase from the click on the original position and the new position by making A/B Testing is appropriate.",1.0
316,Q1,"Hamtube is a video watch online. That allows users to upload, share and watch video Hamtaro as the Hamtube marketing team leader and he wants to know that the transfer of advertising will increase sales. (Users click more advertisements) or not, so he decided to conduct an experiment. A/B Testing. Explain the reason that Hamtaro should use A/B Testing to test or offer arguments if you do not agree. While explaining the reason","Ham Taro should use A/B Testing to test where the positioning of the advertisement is. Will increase sales, which uses A/B Testing will help to find a conclusion Helps to test the changes in advertising positions on different target groups and help reduce the risk of advertising positions immediately.",2.0
317,Q3,"Hamtube is a video watch online. That allows users to upload, share and watch video Hamtaro as the Hamtube marketing team leader and he wants to know that the transfer of advertising will increase sales. (Users click more advertisements) or not. Therefore, he decided to conduct an experiment. A/B Testing. Hamtaro chose to use Binomial Distribution to replace the Distribution of A/B Testing. This time, you agree or disagree with hamsataro. Why?","Agree because using Binomial Distribution is suitable for this case because the results are only 2 things: user, press advertising and not pressing advertisements. รวมกันหลายๆครั้ง",5.0
318,Q4,"Hamtube is a video watch online. That allows users to upload, share and watch video Hamtaro as the Hamtube marketing team leader and he wants to know that the transfer of advertising will increase sales. (Users click more advertisements) or not, so he decided to conduct an experiment. A/B Testing. Hamtaro will have to choose the proportion of the user that see the old position advertisement to the user that seem to advertise a new position. By now, Ham Taro is hesitant between 50/50 proportions and 80/20 proportions. Explain the advantages and disadvantages of each type of proportion. And answered that which type would be more suitable for this problem",50/50 is more risky to users. But will get a faster result while 80/20 has less risk (in the case that users do not like) but will be slower Suggesting to choose 80/20 because there is a lot of Practical and much less risky,5.0
319,Q2,"Hamtube is a video watch online. That allows users to upload, share and watch video Hamtaro as the Hamtube marketing team leader and he wants to know that the transfer of advertising will increase sales. (Users click more) or not. Therefore, he decided to conduct an experiment. A/B Testing. Granularity should be and how much the length of Attribution Period should be. Explain the reason","Choose a HIT RATE, the ratio of advertising / number of advertising times. Because we think that we can really count whether each advertisement shows or not",2.0
320,Q2,"Hamtube is a video watch online. That allows users to upload, share and watch video Hamtaro as the Hamtube marketing team leader and he wants to know that the transfer of advertising will increase sales. (Users click more) or not. Therefore, he decided to conduct an experiment. A/B Testing. Granularity should be and how much the length of Attribution Period should be. Explain the reason","Number of users that Click/Number of users Viewing Ads on Hamtube
Attribution Period: 3 days because it is an appropriate time. Which makes it possible to know which position is the user press. If more than this, may not be sure which advertisement has influence",5.0
321,Q3,"Hamtube is a video watch online. That allows users to upload, share and watch video Hamtaro as the Hamtube marketing team leader and he wants to know that the transfer of advertising will increase sales. (Users click more advertisements) or not. Therefore, he decided to conduct an experiment. A/B Testing. Hamtaro chose to use Binomial Distribution to replace the Distribution of A/B Testing. This time, you agree or disagree with hamsataro. Why?","Agree, because we Fix, the number of ADS and user shows, how many people A models are showing how many B show And want to find the click rate of each type, so we should use binomial",5.0
322,Q2,"Hamtube is a video watch online. That allows users to upload, share and watch video Hamtaro as the Hamtube marketing team leader and he wants to know that the transfer of advertising will increase sales. (Users click more) or not. Therefore, he decided to conduct an experiment. A/B Testing. Granularity should be and how much the length of Attribution Period should be. Explain the reason","Granularity should be Weekly.
Attribution Period should be 7 days because it is suitable for the advertisement on Hamtube, which the buyer will decide quickly.",0.0
323,Q2,"Hamtube is a video watch online. That allows users to upload, share and watch video Hamtaro as the Hamtube marketing team leader and he wants to know that the transfer of advertising will increase sales. (Users click more) or not. Therefore, he decided to conduct an experiment. A/B Testing. Granularity should be and how much the length of Attribution Period should be. Explain the reason","Granularity:
Should use the resolution level at the level of ""User-Level"" or user level To do this will help to measure and analyze the behavior of each user in detail.
Analysis at this level will increase the understanding of the methods that each user responds to advertisements. Which is important in evaluating the impact of advertising positions on click

Attribution Period (Limit period): Select the long Attribution Period, which is set to 30 days after clicking the ad.
Because: Determining the long Attribution Period allows us to collect more users' actions that click the advertisement. Which can allow us to see the impact of advertisements for longer times And keep the user's actions comprehensive By not missing important information that occurred after clicking the advertisement in a short period of time",0.0
324,Q1,"Hamtube is a video watch online. That allows users to upload, share and watch video Hamtaro as the Hamtube marketing team leader and he wants to know that the transfer of advertising will increase sales. (Users click more advertisements) or not, so he decided to conduct an experiment. A/B Testing. Explain the reason that Hamtaro should use A/B Testing to test or offer arguments if you do not agree. While explaining the reason",Should be used because it can be seen before the change Can reduce the risk,1.5
325,Q2,"Hamtube is a video watch online. That allows users to upload, share and watch video Hamtaro as the Hamtube marketing team leader and he wants to know that the transfer of advertising will increase sales. (Users click more) or not. Therefore, he decided to conduct an experiment. A/B Testing. Granularity should be and how much the length of Attribution Period should be. Explain the reason","Granularity is the number of users that click on the advertisement. The duration of Attribution Period should be 2-3 days because it depends on the behavior of the user. If too short, it may get too little information to the measure or if longer, it will make the user press.",3.5
326,Q2,"Hamtube is a video watch online. That allows users to upload, share and watch video Hamtaro as the Hamtube marketing team leader and he wants to know that the transfer of advertising will increase sales. (Users click more) or not. Therefore, he decided to conduct an experiment. A/B Testing. Granularity should be and how much the length of Attribution Period should be. Explain the reason","Granularity: User-Level
- Because the goal is to measure the reaction of the user to change the advertising position

Attribution Period: The right time may be between 1-2 weeks.
- Because the user may respond to advertisements after watching many times Or may take the time to decide to click the advertisement",0.0
327,Q4,"Hamtube is a video watch online. That allows users to upload, share and watch video Hamtaro as the Hamtube marketing team leader and he wants to know that the transfer of advertising will increase sales. (Users click more advertisements) or not, so he decided to conduct an experiment. A/B Testing. Hamtaro will have to choose the proportion of the user that see the old position advertisement to the user that seem to advertise a new position. By now, Ham Taro is hesitant between 50/50 proportions and 80/20 proportions. Explain the advantages and disadvantages of each type of proportion. And answered that which type would be more suitable for this problem","50/50 Risk, but will get the results to make decisions faster
80/20 slower but not as risky

80/20 is more suitable because the advertising income is probably the main income of this platform should not be risky.",5.0
328,Q2,"Hamtube is a video watch online. That allows users to upload, share and watch video Hamtaro as the Hamtube marketing team leader and he wants to know that the transfer of advertising will increase sales. (Users click more) or not. Therefore, he decided to conduct an experiment. A/B Testing. Granularity should be and how much the length of Attribution Period should be. Explain the reason","Granularity is the number of people who come to see this video. It doesn't have to be separated into a User ID, as each time of the user can be seen or not seeing the advertisement, using Metric as the number of advertisements clicking/the number of people visiting the video. Attribution Period should be 12 hours because the audience shouldn't sit and watch the clip for more than 12 hours. Looking continuously for a long time, not good for health ????)",5.0
329,Q2,"Hamtube is a video watch online. That allows users to upload, share and watch video Hamtaro as the Hamtube marketing team leader and he wants to know that the transfer of advertising will increase sales. (Users click more) or not. Therefore, he decided to conduct an experiment. A/B Testing. Granularity should be and how much the length of Attribution Period should be. Explain the reason","Granularity should be collected. Every click on the advertisement daily. In order to see the overall use of Hamtube users more thoroughly
Attribution Period should be 7 days to get reasonable or reliable information.",0.0
330,Q3,"Hamtube is a video watch online. That allows users to upload, share and watch video Hamtaro as the Hamtube marketing team leader and he wants to know that the transfer of advertising will increase sales. (Users click more advertisements) or not. Therefore, he decided to conduct an experiment. A/B Testing. Hamtaro chose to use Binomial Distribution to replace the Distribution of A/B Testing. This time, you agree or disagree with hamsataro. Why?",Agree because Binomial Distribution is suitable for two groups A/B.,2.0
331,Q2,"Hamtube is a video watch online. That allows users to upload, share and watch video Hamtaro as the Hamtube marketing team leader and he wants to know that the transfer of advertising will increase sales. (Users click more) or not. Therefore, he decided to conduct an experiment. A/B Testing. Granularity should be and how much the length of Attribution Period should be. Explain the reason","Opting for User-Level Granularity in Analysis and A 30-Day Attribution Period Provides A Detailed and Comprehensive Undividual User Respond to Changes in Ad Please. This Approach Allows Hamtaro To Asses Both Short-Term Effects, Leading to More Informed Decisions Re Garding The Optimization of Ad Positions on the Hamtube Platform.",0.0
332,Q2,"Hamtube is a video watch online. That allows users to upload, share and watch video Hamtaro as the Hamtube marketing team leader and he wants to know that the transfer of advertising will increase sales. (Users click more) or not. Therefore, he decided to conduct an experiment. A/B Testing. Granularity should be and how much the length of Attribution Period should be. Explain the reason","Granularity may be a user-Level or session-Level. Depending on the budget and the desired speed

- User-Level, more detailed, can follow the long-term results, can do the user segmentation by Characteristics, such as the frequency of access to the website, personal information (such as Facebook Targeted Ads will say that why Am I Seeing This Ads? If clicking in to see that there are many factors, such as you like that page You are this age You are this gender)
- SESSION-LEVEL, although not able to track or Persona, but with more speed and data can be easily used

For Attribution Period, choose a week. Because if too short, may not see results And longer than this, the decision to see ADS may be caused by other factors",0.0
333,Q2,"Hamtube is a video watch online. That allows users to upload, share and watch video Hamtaro as the Hamtube marketing team leader and he wants to know that the transfer of advertising will increase sales. (Users click more) or not. Therefore, he decided to conduct an experiment. A/B Testing. Granularity should be and how much the length of Attribution Period should be. Explain the reason","Granularity is a hits. The number of times the video was watched for Metrics, clicking the advertisement in the video/number of people watching the video.
The reason is because it wants to measure whether the advertising position has changed, causing more pressing or not. Should be measured to watch a video About whether to finish watching or not
Attribution Period is 1 hour because I want to know if seeing advertisements in the video makes it press. By assuming that most videos are no more than 1 hour long",5.0
334,Q3,"Hamtube is a video watch online. That allows users to upload, share and watch video Hamtaro as the Hamtube marketing team leader and he wants to know that the transfer of advertising will increase sales. (Users click more advertisements) or not. Therefore, he decided to conduct an experiment. A/B Testing. Hamtaro chose to use Binomial Distribution to replace the Distribution of A/B Testing. This time, you agree or disagree with hamsataro. Why?","Agree, because it causes Distribution and choosing to click the paste is only 0 and 1, which is click or not.",5.0
335,Q4,"Hamtube is a video watch online. That allows users to upload, share and watch video Hamtaro as the Hamtube marketing team leader and he wants to know that the transfer of advertising will increase sales. (Users click more advertisements) or not, so he decided to conduct an experiment. A/B Testing. Hamtaro will have to choose the proportion of the user that see the old position advertisement to the user that seem to advertise a new position. By now, Ham Taro is hesitant between 50/50 proportions and 80/20 proportions. Explain the advantages and disadvantages of each type of proportion. And answered that which type would be more suitable for this problem","Proportion 50/50:
Advantages: Dividing proportions into 50/50 helps the experiment to be great and systematic. In which all groups have been tested equally Helps to reduce statistical errors that may occur in the event of inequality.
Disadvantages: Dividing proportions into 50/50 may cause the time to collect data and analysis longer. Because it is necessary to wait to have enough information to make the results more reliable

Proportion 80/20:
Advantages: Dividing proportions into 80/20 helps to have more changing experiments in the experimental group. Which may help to reflect better results faster
Disadvantages: Dividing proportions into 80/20 may result in an experiment that is not equal in testing. Which may cause less reliable results

The more suitable type is 50/50, because we need equality. We really want to know which type is better. We don't want any hurry. Which will be a try that may not have to be repeated because it is an unequal experiment And another reason is that if the user uses a lot of Hamtube, it means that we can collect a lot of Data. No need to hurry",1.0
336,Q1,"Hamtube is a video watch online. That allows users to upload, share and watch video Hamtaro as the Hamtube marketing team leader and he wants to know that the transfer of advertising will increase sales. (Users click more advertisements) or not, so he decided to conduct an experiment. A/B Testing. Explain the reason that Hamtaro should use A/B Testing to test or offer arguments if you do not agree. While explaining the reason","Should use A/B Testing because A/B Testing is a test that can compare 1 variable here is the position of the advertisement. Very well, because the experimental groups are divided into 2 groups A and B and each group will find different variables, but otherwise, so if there is a difference, the difference of the results must be because",3.0
337,Q1,"Hamtube is a video watch online. That allows users to upload, share and watch video Hamtaro as the Hamtube marketing team leader and he wants to know that the transfer of advertising will increase sales. (Users click more advertisements) or not, so he decided to conduct an experiment. A/B Testing. Explain the reason that Hamtaro should use A/B Testing to test or offer arguments if you do not agree. While explaining the reason","Ham Taro should use A/B Testing to test the change of advertising positions because A/B Testing is a way to test the performance of changes. Scientifically By comparing two types of changes, with Ham Taro able to determine the experimental variable as the position of the advertisement, divided into 2 versions as follows

Version A: Show advertisements at the same position
Version B: Show advertisements at new positions
After that, Hamtaro set the target group and budget budget for both versions. And started the experiment for 1 month",1.0
338,Q1,"Hamtube is a video watch online. That allows users to upload, share and watch video Hamtaro as the Hamtube marketing team leader and he wants to know that the transfer of advertising will increase sales. (Users click more advertisements) or not, so he decided to conduct an experiment. A/B Testing. Explain the reason that Hamtaro should use A/B Testing to test or offer arguments if you do not agree. While explaining the reason","Agree, because 2 situations are different with only one variable, namely advertising positions",1.0
339,Q4,"Hamtube is a video watch online. That allows users to upload, share and watch video Hamtaro as the Hamtube marketing team leader and he wants to know that the transfer of advertising will increase sales. (Users click more advertisements) or not, so he decided to conduct an experiment. A/B Testing. Hamtaro will have to choose the proportion of the user that see the old position advertisement to the user that seem to advertise a new position. By now, Ham Taro is hesitant between 50/50 proportions and 80/20 proportions. Explain the advantages and disadvantages of each type of proportion. And answered that which type would be more suitable for this problem","The 50/50 model will be more risky than 80/20 because the new type can lose a lot of profits.
But the 80/20 model will be slower than 50/50 because the number of sample size divided into less new

Should choose 80/20 to reduce the risk of losing profits from the new system",5.0
340,Q3,"Hamtube is a video watch online. That allows users to upload, share and watch video Hamtaro as the Hamtube marketing team leader and he wants to know that the transfer of advertising will increase sales. (Users click more advertisements) or not. Therefore, he decided to conduct an experiment. A/B Testing. Hamtaro chose to use Binomial Distribution to replace the Distribution of A/B Testing. This time, you agree or disagree with hamsataro. Why?","Choosing Binomial Distribution to do this A/B Testing is a suitable decision. Binomial Distribution is used for only two results (such as click or not click). In this case, it is suitable for measuring the number of users. Click advertising in each group. (Control groups and experimental groups).",5.0
341,Q4,"Hamtube is a video watch online. That allows users to upload, share and watch video Hamtaro as the Hamtube marketing team leader and he wants to know that the transfer of advertising will increase sales. (Users click more advertisements) or not, so he decided to conduct an experiment. A/B Testing. Hamtaro will have to choose the proportion of the user that see the old position advertisement to the user that seem to advertise a new position. By now, Ham Taro is hesitant between 50/50 proportions and 80/20 proportions. Explain the advantages and disadvantages of each type of proportion. And answered that which type would be more suitable for this problem","Proportion 50/50:
strength:
The comparison is equal: providing equal proportions, providing equal opportunities to compare results between old and new advertising.
weakness:
Testing may take a long time: If the results are not significantly different between the 50/50 group, it may cause the analysis and decision to take a long time.
Proportion 80/20:
strength:
Most of the new advertising positions: experimenting with more proportions, can provide education and testing of the new advertising efficiency.
Risk reduction: reducing the proportion of new advertisements that show users, resulting in lower risk than the most users will not see new ads.
weakness:
Unbalanced information: The division of the part may cause the data that is unbalanced between the groups that see new advertisements less. May affect the analysis and conclusion
I think it should be divided in a proportion of 80/20. There are advantages that if Advertising position adjustment And the results are not good or unsuccessful Will not affect a lot of users Can still be resolved to be the same and have less effect than 50/50",4.0
342,Q2,"Hamtube is a video watch online. That allows users to upload, share and watch video Hamtaro as the Hamtube marketing team leader and he wants to know that the transfer of advertising will increase sales. (Users click more) or not. Therefore, he decided to conduct an experiment. A/B Testing. Granularity should be and how much the length of Attribution Period should be. Explain the reason","Total number of ads Divided by the total number of admission and Atrribution Period for 1 day due to the audience. Compared to people who watch and set the date is not too much. In order not to cause other influences, resulting in buying Aside from advertising positions",0.0
343,Q2,"Hamtube is a video watch online. That allows users to upload, share and watch video Hamtaro as the Hamtube marketing team leader and he wants to know that the transfer of advertising will increase sales. (Users click more) or not. Therefore, he decided to conduct an experiment. A/B Testing. Granularity should be and how much the length of Attribution Period should be. Explain the reason","Granularity should be the number of clicks on advertising. Which is information that matches Hypothesis, making it easy to create conclusions and Attribution Period should be 1 day to reduce external factors.",3.0
344,Q3,"Hamtube is a video watch online. That allows users to upload, share and watch video Hamtaro as the Hamtube marketing team leader and he wants to know that the transfer of advertising will increase sales. (Users click more advertisements) or not. Therefore, he decided to conduct an experiment. A/B Testing. Hamtaro chose to use Binomial Distribution to replace the Distribution of A/B Testing. This time, you agree or disagree with hamsataro. Why?","Agree because the click/not click is Bernoulli Distribution and we keep the number of clicks in the video/number of people watching the video by just the first click, which is like Bernoulli repeatedly, but there is a division in the form of Normalized Binomial and from Central Limit Theorem will become Normal Distribut. Therefore, use Normal Distribution instead.",5.0
345,Q1,"Hamtube is a video watch online. That allows users to upload, share and watch video Hamtaro as the Hamtube marketing team leader and he wants to know that the transfer of advertising will increase sales. (Users click more advertisements) or not, so he decided to conduct an experiment. A/B Testing. Explain the reason that Hamtaro should use A/B Testing to test or offer arguments if you do not agree. While explaining the reason","Agree because what Hamtaro wants to test is the test between the original advertising position and the new advertisement. To test whether the transfer of the advertisement helps to increase sales or not, so should do A/B Testing",1.0
346,Q3,"Hamtube is a video watch online. That allows users to upload, share and watch video Hamtaro as the Hamtube marketing team leader and he wants to know that the transfer of advertising will increase sales. (Users click more advertisements) or not. Therefore, he decided to conduct an experiment. A/B Testing. Hamtaro chose to use Binomial Distribution to replace the Distribution of A/B Testing. This time, you agree or disagree with hamsataro. Why?","Agree due to the measurement between clicking or not, click, which is perfect for Binomial Distribution that is finding the opportunity of results with 2 options (born/not born).",5.0
347,Q2,"Hamtube is a video watch online. That allows users to upload, share and watch video Hamtaro as the Hamtube marketing team leader and he wants to know that the transfer of advertising will increase sales. (Users click more) or not. Therefore, he decided to conduct an experiment. A/B Testing. Granularity should be and how much the length of Attribution Period should be. Explain the reason","• Granularity: Hits/Impressions - The Number of Times A Page is viewed. This is the User Encounters An Issue, WE WANT TO Understand IF "".

• Attribution Period: 1 day. This is suitable becauuse website visits occur quickly, within a short timeframe.",2.5
348,Q4,"Hamtube is a video watch online. That allows users to upload, share and watch video Hamtaro as the Hamtube marketing team leader and he wants to know that the transfer of advertising will increase sales. (Users click more advertisements) or not, so he decided to conduct an experiment. A/B Testing. Hamtaro will have to choose the proportion of the user that see the old position advertisement to the user that seem to advertise a new position. By now, Ham Taro is hesitant between 50/50 proportions and 80/20 proportions. Explain the advantages and disadvantages of each type of proportion. And answered that which type would be more suitable for this problem","The proportion of 50/50: Helps to get balanced information from both groups. But may make the test take longer

The advantages of the proportion of 80/20: Helps the test results more stable and the results can be summarized faster. But may cause imbalance in the data Depending on which speed or balance is more important",0.0
349,Q3,"Hamtube is a video watch online. That allows users to upload, share and watch video Hamtaro as the Hamtube marketing team leader and he wants to know that the transfer of advertising will increase sales. (Users click more advertisements) or not. Therefore, he decided to conduct an experiment. A/B Testing. Hamtaro chose to use Binomial Distribution to replace the Distribution of A/B Testing. This time, you agree or disagree with hamsataro. Why?","no
In general, A/B Testing uses a randomized hypothsis testing, such as Normal Distribution or T-Distribution. Which is used to test the hypothesis regarding the average of two experimental groups And the analysis of the comparison experiments between group A and group B

The reason is that the use of Binomial Distribution cannot be made in A/B Testing because A/B Testing has different statistical characteristics. Binomial Distribution may be suitable for counting the number of events in the specified trial. But not the analysis of A/B Testing, which has a comparison of experimental groups and control groups with different characteristics",1.0
350,Q3,"Hamtube is a video watch online. That allows users to upload, share and watch video Hamtaro as the Hamtube marketing team leader and he wants to know that the transfer of advertising will increase sales. (Users click more advertisements) or not. Therefore, he decided to conduct an experiment. A/B Testing. Hamtaro chose to use Binomial Distribution to replace the Distribution of A/B Testing. This time, you agree or disagree with hamsataro. Why?",ไม่เห็นด้วย คิดว่าการคลิกเป็นแบบ normal distribution มากกว่า,1.0
351,Q3,"Hamtube is a video watch online. That allows users to upload, share and watch video Hamtaro as the Hamtube marketing team leader and he wants to know that the transfer of advertising will increase sales. (Users click more advertisements) or not. Therefore, he decided to conduct an experiment. A/B Testing. Hamtaro chose to use Binomial Distribution to replace the Distribution of A/B Testing. This time, you agree or disagree with hamsataro. Why?","เห็นด้วย เพราะ เป็นการทดสอบที่ผู้ใช้ให้คำตอบเป็น yes ,no ซึ่งเป็นสถานการณ์ที่พบมากใน A/B testing และมีการบวกกัน ซึ่งผลการทดสอบอิสระต่อกัน ",5.0
352,Q1,"Hamtube is a video watch online. That allows users to upload, share and watch video Hamtaro as the Hamtube marketing team leader and he wants to know that the transfer of advertising will increase sales. (Users click more advertisements) or not, so he decided to conduct an experiment. A/B Testing. Explain the reason that Hamtaro should use A/B Testing to test or offer arguments if you do not agree. While explaining the reason","Should be used because it allows Ham Taro to compare the impact of advertising positions in a controlled environment, which can be assessed how much the change affects the advertising.",4.0
353,Q2,"Hamtube is a video watch online. That allows users to upload, share and watch video Hamtaro as the Hamtube marketing team leader and he wants to know that the transfer of advertising will increase sales. (Users click more) or not. Therefore, he decided to conduct an experiment. A/B Testing. Granularity should be and how much the length of Attribution Period should be. Explain the reason","-Granularity should be an individual level in order to be able to monitor the behavior of each user to click the advertisement precisely. Doing this allows you to specify which users have responded to advertising position changes.
- The length of Attribution Period should consider the user's decision circuit and the frequency of visits to the platform. May start at 1-2 weeks and assess whether there is enough information or not.",0.0
354,Q2,"Hamtube is a video watch online. That allows users to upload, share and watch video Hamtaro as the Hamtube marketing team leader and he wants to know that the transfer of advertising will increase sales. (Users click more) or not. Therefore, he decided to conduct an experiment. A/B Testing. Granularity should be and how much the length of Attribution Period should be. Explain the reason",Granularity should be the number of users that watch online videos by track from Cookies and give Attribution Period for 1 hour because most online videos are not more than 1 hour and the user clicking advertisements should not be a process that is longer than 1 hour because it will make other variables involved too much.,3.5
355,Q1,"Hamtube is a video watch online. That allows users to upload, share and watch video Hamtaro as the Hamtube marketing team leader and he wants to know that the transfer of advertising will increase sales. (Users click more advertisements) or not, so he decided to conduct an experiment. A/B Testing. Explain the reason that Hamtaro should use A/B Testing to test or offer arguments if you do not agree. While explaining the reason",Should be used to test the hypothesis whether the movement of the advertisement will actually increase sales or not. Because we don't know how much the change of advertisement will impact,1.0
356,Q3,"Hamtube is a video watch online. That allows users to upload, share and watch video Hamtaro as the Hamtube marketing team leader and he wants to know that the transfer of advertising will increase sales. (Users click more advertisements) or not. Therefore, he decided to conduct an experiment. A/B Testing. Hamtaro chose to use Binomial Distribution to replace the Distribution of A/B Testing. This time, you agree or disagree with hamsataro. Why?","Agree using Binomial Distribution because it is suitable for testing with 2 State results, which is clicking advertisements or not, clicking advertisements. In addition, this distribution is easy and clear.",5.0
357,Q4,"Hamtube is a video watch online. That allows users to upload, share and watch video Hamtaro as the Hamtube marketing team leader and he wants to know that the transfer of advertising will increase sales. (Users click more advertisements) or not, so he decided to conduct an experiment. A/B Testing. Hamtaro will have to choose the proportion of the user that see the old position advertisement to the user that seem to advertise a new position. By now, Ham Taro is hesitant between 50/50 proportions and 80/20 proportions. Explain the advantages and disadvantages of each type of proportion. And answered that which type would be more suitable for this problem","50/50 can see results faster, but may lose a lot of Hamtube customers.
80/20 is more risky But saw the results slower",4.0
358,Q4,"Hamtube is a video watch online. That allows users to upload, share and watch video Hamtaro as the Hamtube marketing team leader and he wants to know that the transfer of advertising will increase sales. (Users click more advertisements) or not, so he decided to conduct an experiment. A/B Testing. Hamtaro will have to choose the proportion of the user that see the old position advertisement to the user that seem to advertise a new position. By now, Ham Taro is hesitant between 50/50 proportions and 80/20 proportions. Explain the advantages and disadvantages of each type of proportion. And answered that which type would be more suitable for this problem","If choosing a 50/50, it will be more risky because if the 50% of the User is found at the new position, deciding to click less will make the amount more agreed, so should choose 80/20 to reduce the risk until we are confident that the amount actually increases to move the percentage.",3.0
359,Q2,"Hamtube is a video watch online. That allows users to upload, share and watch video Hamtaro as the Hamtube marketing team leader and he wants to know that the transfer of advertising will increase sales. (Users click more) or not. Therefore, he decided to conduct an experiment. A/B Testing. Granularity should be and how much the length of Attribution Period should be. Explain the reason","Granularity -> User IDS because if we really want to measure the attention of people We should measure from everyone who sees ADS.
Attribute Periods -> 1 day because if the user sees the change and interested, then click, but if 1 day, as if the user may be interested in other things of Advertising products",0.0
360,Q3,"Hamtube is a video watch online. That allows users to upload, share and watch video Hamtaro as the Hamtube marketing team leader and he wants to know that the transfer of advertising will increase sales. (Users click more advertisements) or not. Therefore, he decided to conduct an experiment. A/B Testing. Hamtaro chose to use Binomial Distribution to replace the Distribution of A/B Testing. This time, you agree or disagree with hamsataro. Why?",Agree with Hamtaro BECAUSE THE Key Decision is Wheether Users Click or Not.,5.0
361,Q1,"Hamtube is a video watch online. That allows users to upload, share and watch video Hamtaro as the Hamtube marketing team leader and he wants to know that the transfer of advertising will increase sales. (Users click more advertisements) or not, so he decided to conduct an experiment. A/B Testing. Explain the reason that Hamtaro should use A/B Testing to test or offer arguments if you do not agree. While explaining the reason","Used because it is the use of Scientific Method to help find answers or decide whether this should be done or not. A/B Testing will try to remove the confounding factor, remove the messy relationship, but only what we are interested in. Which is a better way to use GUT Feeling or Past Experience to guess",3.0
