epoch,step,test_loss/dataloader_idx_0,test_loss/dataloader_idx_1,test_loss/dataloader_idx_2,test_loss/dataloader_idx_3,train_loss
1,49,,,,,5.477100849151611
2,99,,,,,5.1253485679626465
3,149,,,,,5.000448703765869
4,199,,,,,4.867901802062988
5,249,,,,,4.810800552368164
6,299,,,,,4.72075891494751
7,349,,,,,4.644875526428223
8,399,,,,,4.554964065551758
9,449,,,,,4.475525379180908
10,480,5.812363624572754,4.553582191467285,5.629140853881836,4.732381343841553,
