epoch,step,test_loss/dataloader_idx_0,test_loss/dataloader_idx_1,test_loss/dataloader_idx_2,test_loss/dataloader_idx_3,train_loss
1,49,,,,,5.6830668449401855
2,99,,,,,5.111865520477295
3,149,,,,,4.826084613800049
4,199,,,,,4.4943461418151855
5,249,,,,,4.4129638671875
6,299,,,,,4.137207984924316
7,349,,,,,4.065150737762451
8,399,,,,,3.865687370300293
9,449,,,,,3.9529712200164795
10,450,3.631725311279297,4.635084629058838,5.012856960296631,5.095659255981445,
