epoch,step,train_loss
0,49,1.4334053993225098
0,99,1.2149158716201782
0,149,1.0640995502471924
0,199,1.2686078548431396
0,249,1.0870232582092285
0,299,1.0628867149353027
0,349,1.0065524578094482
0,399,0.9344305992126465
0,449,0.9367734789848328
0,499,0.9765337705612183
0,549,1.015520453453064
0,599,1.0761700868606567
0,649,0.9730227589607239
