epoch,step,train_loss
0,49,1.1844569444656372
0,99,1.0472421646118164
0,149,1.1830596923828125
0,199,1.2281708717346191
0,249,1.3475456237792969
0,299,1.026798129081726
0,349,1.125213623046875
0,399,0.8885241150856018
0,449,0.9919838905334473
0,499,0.8800050616264343
0,549,0.9963173866271973
0,599,1.0589637756347656
0,649,1.0730544328689575
