epoch,step,train_loss
0,49,1.2329438924789429
0,99,1.1693605184555054
0,149,1.1231120824813843
0,199,1.109114170074463
0,249,1.0263237953186035
0,299,1.0475448369979858
0,349,1.1108509302139282
0,399,0.9444695711135864
0,449,1.0470397472381592
0,499,0.90289306640625
0,549,0.7479115724563599
0,599,0.624336838722229
0,649,0.8167980313301086
1,699,0.7118080258369446
1,749,0.5984874963760376
1,799,0.618857204914093
